record_id,admin_region,basin,altitude_masl,altitudinal_belt,site_name,unit,sub_unit,c14_lab_code,material,material_detail,c14_bp,c14_error,d13C_ams,reference_short,context_domestic,context_funerary,context_agriculture,context_other,c14_cal_from,c14_cal_to,c14_cal_median,ecozone
1,Tarapacá,Arheic coast,30.0,Coast,Bajo Molle,Señor de Bajo Molle,-,Geochron,Animal,Textile,749,75,-,"Moragas 1995, Moragas C.P.",,X,,,770,550,650,Coast
2,Tarapacá,Arheic coast,30.0,Coast,Bajo Molle-1,T-1,-,GX-21176,Human,Human soft tissue ,1310,125,-9.41,Moragas 1995; Arriaza et al. 2008,,X,,,1410,930,1170,Coast
3,Tarapacá,Arheic coast,30.0,Coast,Bajo Molle-1,T-3,-,GX-21178,Vegetal,Organic material ,1115,120,-8.16,Moragas 1995; Arriaza et al. 2008,,X,,,1270,740,990,Coast
4,Tarapacá,Arheic coast,30.0,Coast,Bajo Molle-1,T-4,-,GX-21179,Human,Human soft tissue ,775,75,-6.8,Moragas 1995; Arriaza et al. 2008,,X,,,790,550,670,Coast
5,Tarapacá,Arheic coast,30.0,Coast,Bajo Molle-1,T-6,-,GX-21183,Human,Human soft tissue ,1145,110,-9.79,Arriaza et al. 2008,,X,,,1270,790,1020,Coast
6,Tarapacá,Arheic coast,30.0,Coast,Bajo Molle-1,T-7,-,GX-21181,Human,Human soft tissue ,760,85,-18.39,Moragas 1995; Arriaza et al. 2008,,X,,,790,540,660,Coast
7,Tarapacá,Arheic coast,10.0,Coast,Cáñamo 1,E-IV,Base,TK-102,Vegetal,Charcoal,4000,140,-,Núñez 1976,X,,,,4830,4000,4420,Coast
8,Tarapacá,Arheic coast,10.0,Coast,Cáñamo 1,E-1 ,-,TK-103,Vegetal,Charcoal,2770,130,-,Núñez 1976,X,,,,3220,2490,2870,Coast
9,Tarapacá,Arheic coast,10.0,Coast,Cáñamo 1,-,-,GAK-6883,Vegetal,Charcoal,2820,100,-,Núñez and Moragas 1977,X,,,,3210,2730,2910,Coast
10,Tarapacá,Arheic coast,10.0,Coast,Cáñamo 1,E-1 ,-,TK-103,Vegetal,Charcoal,2840,130,-,Núñez 1976,X,,,,3340,2710,2950,Coast
11,Tarapacá,Arheic coast,10.0,Coast,Cáñamo 1,E-IV,Base,TK-102,Vegetal,Charcoal,3880,130,-,Núñez 1976,X,,,,4790,3870,4250,Coast
12,Tarapacá,Arheic coast,23.0,Coast,Cáñamo 3,-,-,TK-101,Vegetal,Basketry ,1190,60,-,Núñez 1976,,X,,,1260,930,1050,Coast
13,Tarapacá,C. de la Costa,900.0,Lowland,Cerro Esmeralda,C-1,-,AA97974,Animal,Camelid yarn,505,34,-,Mendez-Quiros et al. 2012,,X,,,550,470,510,Lowlands
14,Tarapacá,C. de la Costa,900.0,Lowland,Cerro Esmeralda,C-2 ,-,AA97975,Animal,Camelid yarn,540,34,-,Mendez-Quiros et al. 2012,,X,,,550,500,520,Lowlands
15,Tarapacá,Loa,26.0,Coast,Caleta Huelén 42,-,-,UGAMS-24883,Vegetal,Prosopis fruit,220,25,-,McRostie et al. 2017,X,,,,300,140,190,Coast
16,Tarapacá,Loa,26.0,Coast,Caleta Huelén 42,-,-,UGAMS-24884,Vegetal,Prosopis fruit,630,20,-,McRostie et al. 2017,X,,,,630,540,610,Coast
17,Tarapacá,Loa,26.0,Coast,Caleta Huelén 42,-,-,GAK-3545,Vegetal,Wood (harpon head),3780,90,-,Núñez 1976,X,,,,4410,3880,4110,Coast
18,Tarapacá,Loa,26.0,Coast,Caleta Huelén 42,-,-,GAK-3546,Marine,Charred bone,4780,100,-,Núñez 1976,X,,,,5720,5080,5470,Coast
19,Tarapacá,Loa,26.0,Coast,Caleta Huelén 43,-,-,GAK-3544,Textile,Textile,2400,90,-,Núñez 1976,,X,,,2720,2150,2420,Coast
20,Tarapacá,Loa,26.0,Coast,Caleta Huelén 43,T-10,-,IVIC-791,Human,Human soft tissue ,1130,80,-,Nunez 1971 ,,X,,,1180,800,1000,Coast
21,Tarapacá,Loa,830.0,Lowland,La Capilla Quillagua,-,-,TK-172 ,Vegetal,Wood ,710,70,-,Nuñez 1976,X,,,,730,540,620,Lowlands
22,Tarapacá,Tarapacá,1290.0,Lowland,Caserones 1*,93031,-,CAMS-10317,Textile,Pelican-cape yarn,1850,70,-20.4,Oakland 2000,X,,,,1890,1560,1730,Lowlands
23,Tarapacá,Tarapacá,1290.0,Lowland,Caserones 1*,93031,-,CAMS-10319,Marine,Bird-skin,2290,60,-13.6,Southon et al. 2005,X,,,,2360,2090,2230,Lowlands
24,Tarapacá,Tarapacá,1290.0,Lowland,Caserones 1*,93031,-,CAMS-10318,Marine,Feather (Bird-skin cape),2310,100,-13.1,Southon et al. 2005,X,,,,2700,2010,2260,Lowlands
25,Tarapacá,Tarapacá,1290.0,Lowland,Caserones 1*,CAS-512,-,CAMS-9374,Marine,Feather (Bird-skin cape) ,2040,50,-13.4,Southon et al. 2005,X,,,,2090,1830,1950,Lowlands
26,Tarapacá,Tarapacá,1290.0,Lowland,Caserones 1*,CAS-512,-,CAMS-7610 ,Marine,Feather (Bird-skin cape) ,2120,90,-13.4,Southon et al. 2005,X,,,,2320,1840,2050,Lowlands
27,Tarapacá,Tarapacá,1290.0,Lowland,Caserones 1,CAS-572,-,CAMS-10320,Textile,Water bottle yarn (odre),1270,60,-23.5,Oakland 2000,X,,,,1280,980,1140,Lowlands
28,Tarapacá,Tarapacá,1290.0,Lowland,Caserones 1,CAS-572,-,CAMS-10321 ,Marine,Fish bone ,1740,50,-12.8,Southon et al. 2005,X,,,,1730,1430,1610,Lowlands
29,Tarapacá,Tarapacá,1290.0,Lowland,Caserones 1,CAS-572,-,CAMS-10322,Marine,Skin? Stomach,1800,60,-12.8,Southon et al. 2005,X,,,,1830,1540,1670,Lowlands
30,Tarapacá,Tarapacá,1290.0,Lowland,Caserones 1,Midden,E-V ,Beta-61805,Vegetal,Maize ,1470,80,-,Oakland 2000,X,,,,1520,1180,1330,Lowlands
31,Tarapacá,Tarapacá,1290.0,Lowland,Caserones 1,Midden,E-III ,Beta-38665,Vegetal,Prosopis fruit / maize,1670,50,-,Oakland 2000,X,,,,1700,1380,1520,Lowlands
32,Tarapacá,Tarapacá,1290.0,Lowland,Caserones 1,Midden,E-IV ,Beta-61806,Vegetal,Maize ,1750,70,-,Oakland 2000,X,,,,1810,1430,1620,Lowlands
33,Tarapacá,Tarapacá,1290.0,Lowland,Caserones 1,Midden,E-II,Beta-36268,Vegetal,Prosopis fruit / maize,1990,80,-,Oakland 2000,X,,,,2090,1710,1900,Lowlands
34,Tarapacá,Tarapacá,1290.0,Lowland,Caserones 1,Midden,E-I,Beta-44251,Coprolite,Coprolite/Prosopis,1990,70,-,Oakland 2000,X,,,,2060,1730,1900,Lowlands
35,Tarapacá,Tarapacá,1290.0,Lowland,Caserones 1,-,-,GaK-3897 ,Animal,Hide frag,1230,110,-,Tartaglia 1980 ,X,,,,1310,850,1100,Lowlands
36,Tarapacá,Tarapacá,1290.0,Lowland,Caserones 1,-,-,Gak-2266 ,-,-,1700,600,-,True 1973 ,X,,,,3150,550,1700,Lowlands
37,Tarapacá,Tarapacá,1290.0,Lowland,Caserones 1,-,-,GaK-2894 ,Vegetal,Wood (housepost),2290,110,-,Tartaglia 1980 ,X,,,,2700,1940,2250,Lowlands
38,Tarapacá,Tarapacá,1290.0,Lowland,Caserones 1,-,-,-,Human,Human hair,2870,80,-,"True C.P., in Gayó et al. 2015 ",X,,,,3170,2760,2960,Lowlands
39,Tarapacá,Tarapacá,1290.0,Lowland,Caserones 1,R-433,N-4c inf.,OxA 39453,Vegetal,Maize ,1605,18,-,Santana et al. 2021,X,,,,1530,1380,1460,Lowlands
40,Tarapacá,Tarapacá,1290.0,Lowland,Caserones 1,R-433,F-2A,Beta-294694,Vegetal,Charcoal,1690,40,-,Uribe et al. 2012 ,X,,,,1700,1420,1550,Lowlands
41,Tarapacá,Tarapacá,1290.0,Lowland,Caserones 1,R-468,E-3A,Beta-220918,Vegetal,Wood ,1770,70,-,Mendez-Quiros and Uribe 2010,X,,,,1830,1430,1640,Lowlands
42,Tarapacá,Tarapacá,1290.0,Lowland,Caserones 1,R-526,E-5/N-C,Beta-220919,Vegetal,Charcoal,1840,60,-,Mendez-Quiros and Uribe 2010,X,,,,1880,1580,1720,Lowlands
43,Tarapacá,Tarapacá,1290.0,Lowland,Caserones 1,R-61,E-7,Beta-294695,Vegetal,Charcoal,1880,50,-,Uribe et al. 2012 ,X,,,,1890,1610,1770,Lowlands
44,Tarapacá,Tarapacá,1290.0,Lowland,Caserones 1,R-7,E-3 ,Beta-220917,Vegetal,Charcoal,1080,40,-,Uribe et al. 2007 ,X,,,,1060,810,940,Lowlands
45,Tarapacá,Tarapacá,1290.0,Lowland,Caserones 1,R-H1,-,GaK-4087 ,Animal,Camelid fiber ,1000,150,-,Tartaglia 1980 ,X,,,,1260,570,870,Lowlands
46,Tarapacá,Tarapacá,1290.0,Lowland,Caserones 1,R-H1,-,UCLA-1834-B ,Vegetal,Plant material ,1610,80,-,Tartaglia 1980 ,X,,,,1690,1310,1460,Lowlands
47,Tarapacá,Tarapacá,1290.0,Lowland,Caserones 1,R-H1 ,-,CAMS-7606,Animal,Camelid-hat yarns,1560,60,-,Oakland 2000,X,,,,1530,1310,1410,Lowlands
48,Tarapacá,Tarapacá,1290.0,Lowland,Caserones 1,R-H10,-,Beta-63796,Vegetal,Wood (housepost),1840,60,-,Oakland 2000,X,,,,1880,1580,1720,Lowlands
49,Tarapacá,Tarapacá,1290.0,Lowland,Caserones 1,R-H14,-,CAMS-7609,Vegetal,Basketry ,1660,60,-,Oakland 2000,X,,,,1700,1370,1510,Lowlands
50,Tarapacá,Tarapacá,1290.0,Lowland,Caserones 1,R-H17,-,CAMS-7604,Animal,Camelid-hat yarns,1500,70,-,Oakland 2000,X,,,,1530,1180,1360,Lowlands
51,Tarapacá,Tarapacá,1290.0,Lowland,Caserones 1,R-H17,-,CAMS-7603,Animal,Camelid-hat yarns,1570,60,-,Oakland 2000,X,,,,1540,1310,1420,Lowlands
52,Tarapacá,Tarapacá,1290.0,Lowland,Caserones 1,R-H6,-,CAMS-7605,Animal,Camelid-hat yarns,1500,90,-,Oakland 2000,X,,,,1560,1180,1360,Lowlands
53,Tarapacá,Tarapacá,1290.0,Lowland,Caserones 1,R-H6,-,CAMS-9373,Textile,Pelican-cape yarn,1560,50,-,Oakland 2000,X,,,,1520,1310,1400,Lowlands
54,Tarapacá,Tarapacá,1290.0,Lowland,Caserones 1,R-H6,-,CAMS-9372,Textile,Pelican-cape yarn,1630,70,-,Oakland 2000,X,,,,1690,1320,1480,Lowlands
55,Tarapacá,Tarapacá,1290.0,Lowland,Caserones 1,R-H7,-,CAMS-10325,Animal,Camelid cord,1580,60,-,Oakland 2000,X,,,,1540,1310,1430,Lowlands
56,Tarapacá,Tarapacá,1290.0,Lowland,Caserones 1,R-Wall,-,CAMS-7792,Vegetal,Basketry ,1510,70,-,Oakland 2000,X,,,,1530,1270,1370,Lowlands
57,Tarapacá,Quipisca,2400.0,Precordillera,Cerro Colorado 7,E-7A,N-2,Beta-412960,Vegetal,Prosopis fruit,2150,30,-19,De Souza et al. 2017,,,,X,2290,2010,2080,Precordillera
58,Tarapacá,Quipisca,2400.0,Precordillera,Cerro Colorado 7,E-1B,N-4-6,Beta-412957,Vegetal,Prosopis fruit,2140,30,-23.6,De Souza et al. 2017,,,,X,2290,2000,2070,Precordillera
59,Tarapacá,Quipisca,2400.0,Precordillera,Cerro Colorado 7,E-2C,N-5-8,Beta-412958,Vegetal,Maize ,380,30,-9.4,De Souza et al. 2017,,,,X,490,320,390,Precordillera
60,Tarapacá,Quipisca,2400.0,Precordillera,Cerro Colorado 7,E-6A,N-7,Beta-412959,Vegetal,Prosopis fruit,2360,30,-22.4,De Souza et al. 2017,,,,X,2430,2150,2320,Precordillera
61,Tarapacá,Quipisca,2400.0,Precordillera,Cerro Colorado 7,F-7,Chuspa,Beta-412970,Vegetal,Cotton yarn,1880,30,-17.1,De Souza et al. 2017,,,,X,1870,1700,1780,Precordillera
62,Tarapacá,Quipisca,2400.0,Precordillera,Cerro Colorado 7,F-7,Beads,UGAMS-21449,Marine,Marine shell ,2430,25,1.3,De Souza et al. 2017,,,,X,2690,2340,2420,Precordillera
63,Tarapacá,Quipisca,2430.0,Precordillera,Cerro Colorado 8,E-3A,N-2,Beta-412961,Vegetal,Prosopis fruit,1890,30,-18.6,De Souza et al. 2017,,,,X,1870,1710,1780,Precordillera
64,Tarapacá,Quipisca,2430.0,Precordillera,Cerro Colorado 8,E-3A,N-6,Beta-412962,Vegetal,Prosopis fruit,2110,30,-24.1,De Souza et al. 2017,,,,X,2110,1930,2040,Precordillera
65,Tarapacá,Quipisca,2430.0,Precordillera,Cerro Colorado 8,E-4A,N-4,UGAMS-21450,Animal,Terrestian mollusk,2150,25,-12,De Souza et al. 2017,,,,X,2290,2010,2070,Precordillera
66,Tarapacá,Loa,840.0,Lowland,Calate 01,CH1.2,-,-,Textile,Textile,1827,37,-,Pimentel et al. 2017,,X,,,1820,1590,1700,Lowlands
67,Tarapacá,Loa,810.0,Lowland,Calate 18,CH18.1,-,-,Human,Human bone colagen,2622,47,-,Pimentel et al. 2017,,X,,,2840,2490,2710,Lowlands
68,Tarapacá,Loa,850.0,Lowland,Calate 19,R-1,E-6,Beta-275730,Vegetal,Charcoal,1320,40,-,Pimentel et al. 2017,X,,,,1280,1080,1210,Lowlands
69,Tarapacá,Loa,870.0,Lowland,Calate 02,CH2.1,-,-,Human,Human bone colagen,1678,36,-,Pimentel et al. 2017,,X,,,1610,1420,1530,Lowlands
70,Tarapacá,Loa,870.0,Lowland,Calate 02,CH2.5,-,-,Textile,Textile,1277,36,-,Pimentel et al. 2017,,X,,,1270,1060,1140,Lowlands
71,Tarapacá,Loa,870.0,Lowland,Calate 02,R-3A,E-2/F-1,AA-98009,Vegetal,Charcoal,1315,35,-,Pimentel et al. 2017,X,,,,1280,1080,1220,Lowlands
72,Tarapacá,Loa,870.0,Lowland,Calate 02,R-3A/U-3,E-3-4,AA-98004,Vegetal,Charcoal,1637,36,-,Pimentel et al. 2017,X,,,,1570,1380,1480,Lowlands
73,Tarapacá,Loa,870.0,Lowland,Calate 02,R-3A/U-3,E-4,AA-98010,Vegetal,Wood ,6381,44,-,Pimentel et al. 2017,X,,,,7420,7160,7270,Lowlands
74,Tarapacá,Loa,870.0,Lowland,Calate 02,R-3B ,E-3,Beta-295680,Vegetal,Charcoal,2050,30,-,Pimentel et al. 2017,X,,,,2040,1890,1960,Lowlands
75,Tarapacá,Loa,870.0,Lowland,Calate 02,R-3B ,E-2,Beta-295679,Vegetal,Charcoal,2140,30,-,Pimentel et al. 2017,X,,,,2290,2000,2070,Lowlands
76,Tarapacá,Loa,870.0,Lowland,Calate 02,R-3B ,E-4,Beta-275723,Vegetal,Charcoal,7180,30,-,Pimentel et al. 2017,X,,,,8020,7870,7970,Lowlands
77,Tarapacá,Loa,830.0,Lowland,Calate 21,R-2,E-4,Beta-275731,Vegetal,Prosopis fruit,520,40,-,Pimentel et al. 2017,X,,,,560,470,520,Lowlands
78,Tarapacá,Loa,860.0,Lowland,Calate 03,CH3.7,-,-,Textile,Textile,1805,38,-,Pimentel et al. 2017,,X,,,1810,1580,1660,Lowlands
79,Tarapacá,Loa,860.0,Lowland,Calate 03,CH3.8,-,-,Human,Human bone colagen,626,35,-,Pimentel et al. 2017,,X,,,650,530,600,Lowlands
80,Tarapacá,Loa,860.0,Lowland,Calate 03,R-1/U-1,E-3,AA-98005,Vegetal,Charcoal,700,34,-,Pimentel et al. 2017,X,,,,670,560,610,Lowlands
81,Tarapacá,Loa,860.0,Lowland,Calate 03,R-6,E-4,Beta-275725,Vegetal,Maize ,1260,40,-,Pimentel et al. 2017,X,,,,1270,990,1130,Lowlands
82,Tarapacá,Loa,870.0,Lowland,Calate 03N,R-13,E-2/F-2,Beta-275724,Vegetal,Charcoal,1950,40,-,Pimentel et al. 2017,X,,,,1990,1740,1850,Lowlands
83,Tarapacá,Loa,870.0,Lowland,Calate 03N,R-14,E-1/F-1,AA-98002,Vegetal,Charcoal,1581,36,-,Pimentel et al. 2017,X,,,,1530,1350,1420,Lowlands
84,Tarapacá,Loa,870.0,Lowland,Calate 03N,R-15,E-1/F-3,AA-98012,Vegetal,Charcoal,1597,36,-,Pimentel et al. 2017,X,,,,1530,1370,1450,Lowlands
85,Tarapacá,Loa,870.0,Lowland,Calate 05,R-1,E-3,Beta-275726,Vegetal,Charcoal,460,40,-,Pimentel et al. 2017,X,,,,530,330,480,Lowlands
86,Tarapacá,Loa,860.0,Lowland,Calate 06,R-1,E-4,Beta-275727,Vegetal,Wood ,700,40,-,Pimentel et al. 2017,X,,,,670,560,610,Lowlands
87,Tarapacá,Loa,860.0,Lowland,Calate 06,R-5,E-2/C-II,AA-98006,Vegetal,Prosopis fruit,550,34,-,Pimentel et al. 2017,X,,,,560,500,530,Lowlands
88,Tarapacá,Loa,860.0,Lowland,Calate 06,R-5/U-5A,E-2,﻿Beta-275728,Vegetal,Prosopis fruit,620,40,-,Pimentel et al. 2017,X,,,,650,520,600,Lowlands
89,Tarapacá,Loa,830.0,Lowland,Calate 07,CH7.5,-,-,Textile,Textile,440,30,-,Pimentel et al. 2017,,X,,,510,330,470,Lowlands
90,Tarapacá,Loa,730.0,Lowland,Calate 08,R-15,E-2,Beta-275729,Vegetal,Charcoal,1550,40,-,Pimentel et al. 2017,X,,,,1520,1310,1390,Lowlands
91,Tarapacá,Loa,750.0,Lowland,Calate 09,CH9.1,-,-,Textile,Textile,412,35,-,Pimentel et al. 2017,,X,,,500,320,440,Lowlands
92,Tarapacá,Loa,750.0,Lowland,Calate 09,CH9.6,-,-,Human,Human skin,1992,37,-,Pimentel et al. 2017,,X,,,2000,1760,1900,Lowlands
93,Tarapacá,Loa,750.0,Lowland,Calate 09,R-2/U-2A,E-4,AA-98007,Vegetal,Charcoal,1348,35,-,Pimentel et al. 2017,X,,,,1300,1120,1230,Lowlands
94,Tarapacá,Llamara,1250.0,Lowland,Chipana 1 ,U-TP3,E-1B ,UCIAMS-126285 ,Vegetal,Plant material ,8390,25,-,"Herrera 2017, in Santoro et al. 2019",X,,,,11710,11280,11470,Lowlands
95,Tarapacá,Llamara,1250.0,Lowland,Chipana 1 ,U-TP5,E-2 ,UCIAMS-145144 ,Vegetal,Charcoal,9965,30,-,"Herrera 2017, in Santoro et al. 2019",X,,,,11760,11320,11530,Lowlands
96,Tarapacá,Llamara,1250.0,Lowland,Chipana 1 ,U-TP5,E-3 ,UCIAMS-145142 ,Vegetal,Charcoal,9970,35,-,"Herrera 2017, in Santoro et al. 2019",X,,,,9470,9280,9370,Lowlands
97,Tarapacá,Llamara,1250.0,Lowland,Chipana 1 ,U-TP3,E-2B ,UCIAMS ,Vegetal,Carbonated plant ,12750,35,-,"Herrera 2017, in Santoro et al. 2019",X,,,,0,0,0,Lowlands
98,Tarapacá,Llamara,1250.0,Lowland,Chipana 1 ,U-TP5,Surface ,UCIAMS-146016 ,Marine,Marine shell ,8835,30,-,"Herrera 2017, in Santoro et al. 2019",X,,,,10120,9630,9820,Lowlands
99,Tarapacá,Llamara,1250.0,Lowland,Chipana 1 ,U-TP5,Surface ,UCIAMS-146015 ,Marine,Marine shell ,8860,35,-,Santoro et al. 2019,X,,,,10150,9690,9880,Lowlands
100,Tarapacá,Llamara,1250.0,Lowland,Chipana 1 ,U-TP5,E-1 ,UCIAMS-145139 ,Vegetal,Charcoal,9975,30,-,"Herrera 2017, in Santoro et al. 2019",X,,,,11620,11230,11300,Lowlands
101,Tarapacá,Llamara,1250.0,Lowland,Chipana 1 ,U-TP5,E-4 ,UCIAMS-145146 ,Vegetal,Charcoal,9995,30,-,"Herrera 2017, in Santoro et al. 2019",X,,,,11620,11240,11320,Lowlands
102,Tarapacá,Llamara,1250.0,Lowland,Chipana 1 ,U-TP5,E-1,UCIAMS-145140 ,Vegetal,Charcoal,10005,30,-,"Herrera 2017, in Santoro et al. 2019",X,,,,11620,11240,11320,Lowlands
103,Tarapacá,Llamara,1250.0,Lowland,Chipana 1 ,U-TP5,E-3 ,UCIAMS-145143 ,Vegetal,Charcoal,10010,30,-,"Herrera 2017, in Santoro et al. 2019",X,,,,11620,11250,11390,Lowlands
104,Tarapacá,Llamara,1250.0,Lowland,Chipana 1 ,U-TP5,E-1 ,UCIAMS-145141 ,Vegetal,Charcoal,10020,30,-,"Herrera 2017, in Santoro et al. 2019",X,,,,11620,11260,11420,Lowlands
105,Tarapacá,Llamara,1250.0,Lowland,Chipana 1 ,U-TP5,E-4,UCIAMS-145145 ,Vegetal,Charcoal,10045,30,-,"Herrera 2017, in Santoro et al. 2019",X,,,,11630,11260,11440,Lowlands
106,Tarapacá,Llamara,1250.0,Lowland,Chipana 1 ,U-TP5,E-1,UCIAMS-145138 ,Vegetal,Charcoal,10080,35,-,"Herrera 2017, in Santoro et al. 2019",X,,,,11630,11270,11460,Lowlands
107,Tarapacá,Llamara,1250.0,Lowland,Chipana 1 ,U-TP5,E-7 ,UCIAMS-145147 ,Vegetal,Plant material ,14030,680,-,"Herrera 2017, in Santoro et al. 2019",X,,,,0,0,0,Lowlands
108,Tarapacá,P. Tamarugal,1670.0,Lowland,Chacarilla 14,S1/E0 (ampl.),N-12,UCIAMS-77756,Vegetal,Charcoal,1630,35,-,Santoro et al. 2011 ,X,,,,1560,1380,1480,Lowlands
109,Tarapacá,P. Tamarugal,1680.0,Lowland,Chacarilla 15,U-1,N-3,UCIAMS-77757,Vegetal,Charcoal,560,35,-,Santoro et al. 2011 ,X,,,,620,500,530,Lowlands
110,Tarapacá,P. Tamarugal,1680.0,Lowland,Chacarilla 15,U-1,N-5,UCIAMS-77758,Vegetal,Charcoal,630,35,-,Santoro et al. 2011 ,X,,,,650,530,600,Lowlands
111,Tarapacá,P. Tamarugal,1680.0,Lowland,Chacarilla 15,U-1,N-4 base,UCIAMS-97247 ,Vegetal,Charcoal,955,15,-,"Santoro et al. 2011 ms., in Gayó et al. 2015 ",X,,,,910,770,850,Lowlands
112,Tarapacá,P. Tamarugal,1680.0,Lowland,Chacarilla 15,U-1,N-6,UCIAMS-97248 ,Vegetal,Charcoal,1135,15,-,"Santoro et al. 2011 ms., in Gayó et al. 2015 ",X,,,,1050,940,990,Lowlands
113,Tarapacá,P. Tamarugal,1680.0,Lowland,Chacarilla 15,U-1,N-1,UCIAMS-97417 ,Vegetal,Charcoal,1415,20,-,"Santoro et al. 2011 ms., in Gayó et al. 2015 ",X,,,,1310,1180,1290,Lowlands
114,Tarapacá,P. Tamarugal,1680.0,Lowland,Chacarilla 15,U-1,N-9,UCIAMS-77760,Vegetal,Charcoal,1710,35,-,Santoro et al. 2011 ,X,,,,1700,1430,1570,Lowlands
115,Tarapacá,P. Tamarugal,1680.0,Lowland,Chacarilla 15,U-1,N-11,UCIAMS-97250 ,Vegetal,Charcoal,1715,15,-,"Santoro et al. 2011 ms., in Gayó et al. 2015 ",X,,,,1610,1530,1570,Lowlands
116,Tarapacá,P. Tamarugal,1680.0,Lowland,Chacarilla 15,U-1,N-19,UCIAMS-97254 ,Vegetal,Charcoal,1730,15,-,"Santoro et al. 2011 ms., in Gayó et al. 2015 ",X,,,,1690,1540,1580,Lowlands
117,Tarapacá,P. Tamarugal,1680.0,Lowland,Chacarilla 15,U-1,N-7,UCIAMS-77759,Vegetal,Charcoal,1795,35,-,Santoro et al. 2011 ,X,,,,1750,1570,1650,Lowlands
118,Tarapacá,P. Tamarugal,1680.0,Lowland,Chacarilla 15,U-1,N-12,UCIAMS-97251 ,Vegetal,Charcoal,1840,15,-,"Santoro et al. 2011 ms., in Gayó et al. 2015 ",X,,,,1810,1620,1720,Lowlands
119,Tarapacá,P. Tamarugal,1680.0,Lowland,Chacarilla 15,U-1,N-17,UCIAMS-84351,Vegetal,Charcoal,2450,15,-,Santoro et al. 2011 ,X,,,,2690,2350,2430,Lowlands
120,Tarapacá,P. Tamarugal,1680.0,Lowland,Chacarilla 15,U-1,N-13 ,UCIAMS-97252 ,Vegetal,Charcoal,2450,15,-,"Santoro et al. 2011 ms., in Gayó et al. 2015 ",X,,,,2690,2350,2430,Lowlands
121,Tarapacá,P. Tamarugal,1680.0,Lowland,Chacarilla 15,U-1,N-16,UCIAMS-84350,Vegetal,Charcoal,2460,15,-,Santoro et al. 2011 ,X,,,,2700,2350,2450,Lowlands
122,Tarapacá,P. Tamarugal,1680.0,Lowland,Chacarilla 15,U-1,N-14,UCIAMS-84349,Vegetal,Charcoal,2480,15,-,Santoro et al. 2011 ,X,,,,2700,2360,2490,Lowlands
123,Tarapacá,P. Tamarugal,1680.0,Lowland,Chacarilla 15,U-1,N-8,UCIAMS-97249 ,Vegetal,Charcoal,2510,15,-,"Santoro et al. 2011 ms., in Gayó et al. 2015 ",X,,,,2720,2370,2580,Lowlands
124,Tarapacá,P. Tamarugal,1680.0,Lowland,Chacarilla 15,U-1,N-18,UCIAMS-84352,Vegetal,Charcoal,2520,15,-,Santoro et al. 2011 ,X,,,,2720,2430,2580,Lowlands
125,Tarapacá,P. Tamarugal,1680.0,Lowland,Chacarilla 15,U-1,N-17,UCIAMS-97253 ,Vegetal,Charcoal,2720,15,-,"Santoro et al. 2011 ms., in Gayó et al. 2015 ",X,,,,2850,2750,2780,Lowlands
126,Tarapacá,P. Tamarugal,1680.0,Lowland,Chacarilla 15,U-1,N-20,UCIAMS-84353,Vegetal,Charcoal,3655,15,-,Santoro et al. 2011 ,X,,,,4070,3840,3930,Lowlands
127,Tarapacá,P. Tamarugal,1680.0,Lowland,Chacarilla 15,U-1,N-20,UCIAMS-97255 ,Vegetal,Charcoal,3800,15,-,"Santoro et al. 2011 ms., in Gayó et al. 2015 ",X,,,,4240,3990,4130,Lowlands
128,Tarapacá,P. Tamarugal,1680.0,Lowland,Chacarilla 15,U-1,N-23,UCIAMS-84354,Vegetal,Charcoal,4755,20,-,Santoro et al. 2011 ,X,,,,5580,5320,5450,Lowlands
129,Tarapacá,Arheic coast,15.0,Coast,Chomache 1,R-1/U-B2-B3,E-5 (63 cm),Beta-256618,Vegetal,Charcoal,1320,40,-,Uribe et al. 2012 ,X,,,,1280,1080,1210,Coast
130,Tarapacá,Arheic coast,15.0,Coast,Chomache 1,U-B2/E-1 ,N-50-60,Beta-256619,Vegetal,Plant material ,750,40,-,Uribe et al. 2012 ,X,,,,720,560,650,Coast
131,Tarapacá,Tarapacá,3280.0,Precordillera,Chusmiza 1,R-89,F-1,Beta-220920,Vegetal,Charcoal,570,50,-,Uribe et al. 2007 ,X,,,,630,500,540,Precordillera
132,Tarapacá,C. de la Costa,920.0,Lowland,Cerro Mono 1,T-1 ,-,Beta-50707 ,Human,Human soft tissue ,3110,40,-,Briones et al. 2005 ,,X,,,3380,3160,3280,Lowlands
133,Tarapacá,P. Tamarugal,990.0,Lowland,Cerros Pintados 2 ,E-2,-,SI-6866 ,Vegetal,Charcoal,6125,95,-,Briones et al. 2005 ,X,,,,7250,6680,6960,Lowlands
134,Tarapacá,P. Tamarugal,990.0,Lowland,Cerros Pintados 2 ,E-2,-,Beta-9204 ,Vegetal,Charcoal,8840,90,-,Briones et al. 2005 ,X,,,,10160,9560,9860,Lowlands
135,Tarapacá,P. Tamarugal,990.0,Lowland,Cerros Pintados 2 ,E-2,-,Beta-150709 ,Vegetal,Charcoal,9066,80,-,Briones et al. 2005 ,X,,,,10480,9900,10190,Lowlands
136,Tarapacá,P. Tamarugal,990.0,Lowland,Cerros Pintados 3,-,-,Beta-150710 ,Vegetal,Maize ,970,50,-,Briones et al. 2005 ,X,,,,930,740,840,Lowlands
137,Tarapacá,Arheic coast,10.0,Coast,Caramucho 3,E-VI,-,Gak-8374 ,Vegetal,Charred material /Charcoal,5980,120,-,Sanhueza 1985,X,,,,7160,6550,6830,Coast
138,Tarapacá,Arheic coast,10.0,Coast,Caramucho 3,E-VI,-,GaK-8375 ,Mixed,Marine shell,5220,130,-,Sanhueza 1985,X,,,,6280,5610,5950,Coast
139,Tarapacá,Llamara,1375.0,Lowland,Guatacondo Cementerio,-,-,UGAMS-20230,Human,Human bone colagen,2780,20,-,Uribe et al. 2020,,X,,,2930,2760,2830,Lowlands
142,Tarapacá,Llamara,1370.0,Lowland,Guatacondo 1 ,R-12,-,IVIC-168,Vegetal,Charcoal,775,160,-,Mostny 1965,X,,,,1040,470,690,Lowlands
143,Tarapacá,Llamara,1370.0,Lowland,Guatacondo 1 ,R-12,Pit F,IVIC-167,Vegetal,Maize ,1175,90,-,Mostny 1965,X,,,,1270,820,1050,Lowlands
148,Tarapacá,Llamara,1370.0,Lowland,Guatacondo 1 ,R-22,-,UCLA-1698-E ,Vegetal,Charcoal,1830,60,-,Tartaglia 1980 ,X,,,,1870,1570,1710,Lowlands
149,Tarapacá,Llamara,1370.0,Lowland,Guatacondo 1 ,R-22,-,UCLA-1698-C,Vegetal,Maize cob,1865,-,-,Tartaglia 1980 ,X,,,,1810,1710,1740,Lowlands
144,Tarapacá,Llamara,1370.0,Lowland,Guatacondo 1 ,R-12,Central pole ,IVIC-166,Vegetal,Wood (Geofrea decorticans),1890,90,-,Mostny 1965,X,,,,2000,1580,1780,Lowlands
150,Tarapacá,Llamara,1370.0,Lowland,Guatacondo 1 ,R-22,-,UCLA-1698-D,Coprolite,Human Coprolite,1900,110,-,Rivera 1994,X,,,,2050,1540,1790,Lowlands
140,Tarapacá,Llamara,1370.0,Lowland,Guatacondo 1 ,M-381,CF,D-AMS 009019,Vegetal,Leaf,1969,24,-,"Uribe C.P., in Segura et al. 2021",,,X,,1990,1760,1870,Lowlands
153,Tarapacá,Llamara,1370.0,Lowland,Guatacondo 1 ,R-3,E-4,Beta-314502,Vegetal,Charcoal,2000,30,-,Uribe and Vidal 2012 ,X,,,,2000,1830,1910,Lowlands
145,Tarapacá,Llamara,1370.0,Lowland,Guatacondo 1 ,R-153,E-7,Beta-314500,Vegetal,Seeds,2010,30,-,Uribe and Vidal 2012 ,X,,,,2000,1840,1920,Lowlands
147,Tarapacá,Llamara,1370.0,Lowland,Guatacondo 1 ,R-164,E-4,Beta-294698,Vegetal,Charcoal,2030,40,-,Uribe and Vidal 2012 ,X,,,,2040,1830,1950,Lowlands
154,Tarapacá,Llamara,1370.0,Lowland,Guatacondo 1 ,R-3,E-5,Beta-314501,Vegetal,Seeds,2050,30,-,Uribe and Vidal 2012 ,X,,,,2040,1890,1960,Lowlands
146,Tarapacá,Llamara,1370.0,Lowland,Guatacondo 1 ,R-153,E-7,Beta-294697,Vegetal,Charcoal,2080,50,-,Uribe and Vidal 2012 ,X,,,,2120,1880,2000,Lowlands
155,Tarapacá,Llamara,1370.0,Lowland,Guatacondo 1 ,R-99,F1,Beta-294696,Vegetal,Charcoal,2090,40,-,Uribe and Vidal 2012 ,X,,,,2110,1890,2010,Lowlands
141,Tarapacá,Llamara,1370.0,Lowland,Guatacondo 1 ,M-382,CF,D-AMS 009020,Vegetal,Leaf,2151,22,-,"Uribe C.P., in Segura et al. 2021",,,X,,2290,2010,2080,Lowlands
151,Tarapacá,Llamara,1370.0,Lowland,Guatacondo 1 ,R-22,-,UCLA-1698-B,Vegetal,Cane & reed ,2370,60,-,Rivera 1994; Tartaglia 1980 ,X,,,,2700,2140,2340,Lowlands
152,Tarapacá,Llamara,1370.0,Lowland,Guatacondo 1 ,R-22,-,UCLA-1698-A,Vegetal,Basketry ,2830,50,-,Rivera 1994; Tartaglia 1980 ,X,,,,3060,2770,2900,Lowlands
156,Tarapacá,Llamara,1240.0,Lowland,Guatacondo 4,2-6,Pole ,UGAMS-20233,Vegetal,Wood ,2430,20,-,Uribe et al. 2020,X,,,,2700,2350,2470,Lowlands
157,Tarapacá,Llamara,1240.0,Lowland,Guatacondo 4,3-7,1E,UGAMS-20234,Vegetal,Charcoal,2470,20,-,Uribe et al. 2020,X,,,,2680,2340,2420,Lowlands
158,Tarapacá,Llamara,1110.0,Lowland,Ramaditas ,C-1/R-1,Upper level,Beta-48822 ,Vegetal,Wood (housepost),2040,60,-,Rivera 1994,X,,,,2100,1760,1950,Lowlands
159,Tarapacá,Llamara,1110.0,Lowland,Ramaditas ,C-1/R-1,N-sup.,GX-21725 ,Vegetal,Maize ,2210,55,-,Rivera et al. 1995-96; Rivera 2001 ,X,,,,2330,2010,2160,Lowlands
160,Tarapacá,Llamara,1110.0,Lowland,Ramaditas ,C-1/R-1,"Sup section lower level, from metate",GX-19200 ,Vegetal,Prosopis fruit,2297,73,-,Graffam et al. 1996 ,X,,,,2470,2060,2240,Lowlands
161,Tarapacá,Llamara,1110.0,Lowland,Ramaditas ,C-1/R-1,Pole 3,GX-19201,Vegetal,Wood (housepost),2480,100,-,Rivera 1994; Graffam et al. 1996 ,X,,,,2750,2160,2520,Lowlands
162,Tarapacá,Llamara,1110.0,Lowland,Ramaditas ,C-1/R-1,Lower level,AA-35463 ,Vegetal,"Charcoal, basket contents",2555,45,-,Rivera 2002,X,,,,2750,2370,2590,Lowlands
163,Tarapacá,Llamara,1110.0,Lowland,Ramaditas ,C-2/R-22,Lower level,TO-4810 ,Vegetal,Prosopis fruit,2060,60,-,Graffam et al. 1996 ,X,,,,2120,1830,1970,Lowlands
164,Tarapacá,Llamara,1110.0,Lowland,Ramaditas ,C-2/R-22,Central suport post,GX-19202,Vegetal,Wood (housepost),2735,255,-,Rivera 1994; Graffam et al. 1996 ,X,,,,3440,2150,2820,Lowlands
165,Tarapacá,Llamara,1110.0,Lowland,Ramaditas ,C-3/R-55,Surface furnace,Beta-50834 ,Vegetal,Charcoal,2320,60,-,Graffam et al. 1996 ,X,,,,2460,2110,2240,Lowlands
166,Tarapacá,Llamara,1110.0,Lowland,Ramaditas ,C2/R-17,E-Sup,Beta-314509,Vegetal,Wood ,2240,30,-,Uribe and Vidal 2012 ,X,,,,2330,2110,2240,Lowlands
167,Tarapacá,Llamara,1110.0,Lowland,Ramaditas ,-,-,UCIAMS-171956,Vegetal,Prosopis fruit,2125,20,-,McRostie et al. 2017,X,,,,2100,2000,2050,Lowlands
168,Tarapacá,Llamara,1110.0,Lowland,Ramaditas ,-,-,AA-53448 ,Vegetal,Plant material ,2278,46,-,Rivera 2002,X,,,,2350,2130,2230,Lowlands
169,Tarapacá,Llamara,1110.0,Lowland,Ramaditas ,R-41,E-1,Beta-314511,Vegetal,Charcoal,2030,30,-,Uribe and Vidal 2012 ,X,,,,2010,1880,1950,Lowlands
170,Tarapacá,Llamara,1110.0,Lowland,Ramaditas ,R-41,E-4 (124 cm),Beta-314510,Vegetal,Wood ,2240,30,-,Uribe and Vidal 2012 ,X,,,,2330,2110,2240,Lowlands
171,Tarapacá,Llamara,1110.0,Lowland,Ramaditas ,R-57,F-8,TO-3573 ,Vegetal,Prosopis fruit,2040,50,-,Graffam et al. 1996 ,X,,,,2090,1830,1950,Lowlands
172,Tarapacá,Llamara,1110.0,Lowland,Ramaditas ,R-5I Ext.,E-1/F-1,Beta-314508,Vegetal,Charcoal,1980,30,-,Uribe and Vidal 2012 ,X,,,,1990,1760,1890,Lowlands
173,Tarapacá,Llamara,1110.0,Lowland,Ramaditas ,R-9,N-3/R-1,Beta-314512,Vegetal,Charcoal,2130,30,-,Uribe et al. 2020,X,,,,2280,1940,2060,Lowlands
174,Tarapacá,Llamara,1110.0,Lowland,Ramaditas ,U-1/test 1,CF,AA-39924 ,Vegetal,Plant material ,2435,63,-,Rivera 2002,,,X,,2720,2180,2460,Lowlands
175,Tarapacá,Llamara,1110.0,Lowland,Ramaditas ,U-2/test 2,CF,AA-39925 ,Vegetal,Plant material ,2285,43,-,Rivera 2002,,,X,,2340,2140,2230,Lowlands
176,Tarapacá,Llamara,1200.0,Lowland,G2-2,Z2-002-E6,CF,UGAMS-20242,Sediment,Sediment,2080,20,-,Segura et al. 2021,,,X,,2060,1930,2000,Lowlands
177,Tarapacá,Huasco,3800.0,Altiplano,Huasco 2 ,R-24,E-3,Beta-229563,Vegetal,Charcoal,480,40,-,Berenguer and Caceres 2008; Berenguer C.P.,X,,,,540,330,500,Altiplano
178,Tarapacá,Huasco,3800.0,Altiplano,Huasco 2*,-,-,Beta-142171 ,Vegetal,Charcoal,6320,50,-,Nunez et al. 2005,X,,,,7320,7010,7210,Altiplano
179,Tarapacá,Huasco,3810.0,Altiplano,Huasco 4,R-31,E-4/F-2,Beta-229568,Vegetal,Charcoal,390,40,-,Berenguer and Caceres 2008; Berenguer C.P.,X,,,,490,320,400,Altiplano
180,Tarapacá,Tarapacá,1160.0,Lowland,Iluga Canal,U-1,E-4,UCIAMS-58351,Vegetal,Wood,440,15,-,Barnard and Dooley 2017,,,X,,500,340,480,Lowlands
181,Tarapacá,Tarapacá,1160.0,Lowland,Iluga Canal,U-2,E-3,UCIAMS-58352,Vegetal,Charcoal,345,15,-,Barnard and Dooley 2017,,,X,,440,310,390,Lowlands
182,Tarapacá,Tarapacá,1160.0,Lowland,Iluga Canal,U-3,E-15,UCIAMS-58353,Vegetal,Wood,415,15,-,Barnard and Dooley 2017,,,X,,500,330,460,Lowlands
183,Tarapacá,Tarapacá,1160.0,Lowland,Iluga Canal,U-3,E-16,UCIAMS-58354,Vegetal,Wood,575,15,-,Barnard and Dooley 2017,,,X,,550,520,540,Lowlands
184,Tarapacá,Coipasa,3930.0,Altiplano,Pukar Qollu,-,-,Gak-8372 ,Animal,Animal bone ,1440,50,-,Sanhueza 1981 ,X,,,,1410,1180,1300,Altiplano
185,Tarapacá,Coipasa,3930.0,Altiplano,Pukar Qollu,-,-,Gak-8373 ,Animal,Animal bone ,1770,50,-,Sanhueza 1981 ,X,,,,1810,1530,1640,Altiplano
186,Tarapacá,Coipasa,3930.0,Altiplano,Pukar Qollu,R-317/U-1 ,E-2/N-A,Beta-227580,Vegetal,Charcoal,930,40,-,Mendez-Quiros and Uribe 2010,X,,,,920,730,790,Altiplano
187,Tarapacá,Coipasa,3930.0,Altiplano,Pukar Qollu,R-499/U-1,E-6/F-1,Beta-227581,Vegetal,Charcoal,910,60,-,Mendez-Quiros and Uribe 2010,X,,,,910,680,780,Altiplano
188,Tarapacá,Coipasa,4286.0,Altiplano,Incaguano 2,R-1 ,F-8,Beta-240405,Vegetal,Charcoal,380,60,-,Berenguer et al. 2011,X,,,,500,300,400,Altiplano
189,Tarapacá,Coipasa,4286.0,Altiplano,Incaguano 2,R-1 ,F-5,Beta-240406,Vegetal,Charcoal,470,70,-,Berenguer et al. 2011,X,,,,550,320,470,Altiplano
190,Tarapacá,Tarapacá,1150.0,Lowland,Iluga Túmulos,M13,-,D-AMS 026410,Vegetal,Charcoal,1755,26,-,Santana et al. 2021,X,,,,1700,1540,1630,Lowlands
191,Tarapacá,Tarapacá,1150.0,Lowland,Iluga Túmulos,M14,-,D-AMS 026411,Vegetal,Charcoal,1877,28,-,Santana et al. 2021,X,,,,1830,1700,1770,Lowlands
192,Tarapacá,Juan Morales,2860.0,Precordillera,Jamajuga,R-5A,E1/NB,Beta-220921,Vegetal,Charcoal,800,50,-,Uribe et al. 2007 ,X,,,,770,570,690,Precordillera
193,Tarapacá,Arheic coast,20.0,Coast,Los Verdes-1,T-2,-,GX-21177,Human,Human soft tissue ,935,75,-8.8,Moragas 1995; Arriaza et al. 2008,,X,,,930,680,810,Coast
194,Tarapacá,Arheic coast,10.0,Coast,Los Verdes 9,E-1 ,N-30-40,Beta-256616,Vegetal,Wood ,810,50,-,Uribe et al. 2012 ,X,,,,790,570,700,Coast
195,Tarapacá,Llamara,1310.0,Lowland,M003,M-020-198,CF,UGAMS-20243,Sediment,Sediment,2060,20,-,Segura et al. 2021,,,X,,2040,1900,1960,Lowlands
196,Tarapacá,Tarapacá,2180.0,Precordillera,Mocha 1,-,-,Beta-,Vegetal,Charcoal,720,50,-,Moragas 1991,X,,,,720,550,630,Precordillera
197,Tarapacá,Tarapacá,2130.0,Precordillera,Mocha 2,T-2,-,OxA 39454,Vegetal,Gourd pericarp,626,17,-,Santana et al. 2021,,X,,,630,540,610,Precordillera
198,Tarapacá,Arheic coast,30.0,Coast,Punta Blanca,R-2/U-1,E-2A,Beta-256623,Vegetal,Charcoal,1520,40,-,Uribe et al. 2012 ,X,,,,1470,1300,1360,Coast
199,Tarapacá,Arheic coast,30.0,Coast,Punta Blanca,R-2/U-1,E-1,Beta-256620,Vegetal,Charcoal,1590,40,-,Uribe et al. 2012 ,X,,,,1530,1350,1440,Coast
200,Tarapacá,Arheic coast,30.0,Coast,Patillo 2,P-2563,5.48.14.2483,DRI_3444,Vegetal,Wood,3504,83,-,"Arriaza 1998 ms., in Montt 2014",,X,,,3970,3490,3740,Coast
201,Tarapacá,Arheic coast,30.0,Coast,Patillo 2,P-2569,"Inf 1, Cjto 1, Ind 2",DRI_3335,Vegetal,Mat,3484,80,-,"Arriaza 1998 ms., in Montt 2014",,X,,,3960,3490,3710,Coast
202,Tarapacá,Arheic coast,30.0,Coast,Patillo 2,P-2569,"Inf 2, Cjto 1, Ind 3",DRI_3335,Vegetal,Mat,3484,80,-,"Arriaza 1998 ms., in Montt 2014",,X,,,3960,3490,3710,Coast
203,Tarapacá,Arheic coast,20.0,Coast,Patillo 4 ,N-10 ,-,Beta-192971 ,Vegetal,Seeds,7530,70,-,Núñez and Santoro 2011,X,,,,8420,8060,8290,Coast
204,Tarapacá,Arheic coast,20.0,Coast,Patillo 4 ,N-3 ,-,Beta-192970 ,Vegetal,Seeds,7170,40,-,Núñez and Santoro 2011; Gayó et al. 2015,X,,,,8030,7850,7960,Coast
205,Tarapacá,C. de la Costa,1120.0,Lowland,Pan de Azucar 2,E-3,-,Beta-150708 ,Coprolite,Camelid Coprolite,450,40,-,Briones et al. 2005 ,X,,,,530,330,470,Lowlands
206,Tarapacá,Arheic coast,20.0,Coast,Pabellón de Pica 1,E-1,N-60-70,Beta-256617,Vegetal,Maize ,600,50,-,Núñez and Santoro 2011; Gayó et al. 2015,X,,,,650,510,560,Coast
207,Tarapacá,Arheic coast,20.0,Coast,Patache A ,E-I ,-,GX-22428 ,Vegetal,Charcoal,1625,70,-,Urbina et al. 2011,X,,,,1690,1310,1470,Coast
208,Tarapacá,Arheic coast,30.0,Coast,Patache E ,E-I ,-,GX-22429 ,Vegetal,Wood ,3715,90,-,"Moragas 2008 C.P., in Gayó et al. 2015",X,,,,4350,3720,4020,Coast
209,Tarapacá,Arheic coast,30.0,Coast,Patache E ,E-IV ,-,GX-22430 ,Vegetal,Charcoal,3880,105,-,"Moragas 2007 C.P., in Gayó et al. 2015",X,,,,4530,3920,4250,Coast
210,Tarapacá,Arheic coast,30.0,Coast,Patache G ,T-1 ,-,GX-22431 ,Animal,Camelid fiber ,2145,75,-,Urbina et al. 2011,,X,,,2320,1890,2080,Coast
211,Tarapacá,Arheic coast,20.0,Coast,Patache J ,E-II ,-,GX-22432 ,Vegetal,Charcoal,3995,145,-,"Moragas 2007 C.P., in Gayó et al. 2015",X,,,,4830,3990,4420,Coast
212,Tarapacá,Arheic coast,20.0,Coast,Patache J ,E-III ,-,GX-22433 ,Vegetal,Charcoal,6370,110,-,"Moragas 2007 C.P., in Gayó et al. 2015",X,,,,7470,6960,7250,Coast
213,Tarapacá,Arheic coast,30.0,Coast,Patache M ,E-III ,-,GX-22434 ,Vegetal,Charcoal,2870,145,-,Urbina et al. 2011,X,,,,3380,2720,2980,Coast
214,Tarapacá,Arheic coast,40.0,Coast,Patache N ,E-II ,-,GX-22435 ,Vegetal,Charcoal,2575,90,-,Urbina et al. 2011,X,,,,2840,2350,2590,Coast
215,Tarapacá,Arheic coast,40.0,Coast,Patache P ,E-II ,-,GX-22436 ,Vegetal,Charcoal,3210,145,-,Urbina et al. 2011,X,,,,3820,2970,3380,Coast
216,Tarapacá,Arheic coast,20.0,Coast,Patache Q ,T-11 ,-,GX-22437 ,Animal,Camelid fiber ,885,70,-,"Moragas 2007 C.P., in Gayó et al. 2015",,X,,,910,670,760,Coast
217,Tarapacá,P. Tamarugal,1180.0,Lowland,Pica 8,B0414,A03827,OxA-32817,Textile,Textile,908,33,-,Santana-Sagredo et al. 2017,,X,,,900,680,770,Lowlands
218,Tarapacá,P. Tamarugal,1180.0,Lowland,Pica 8,B0414,-,OxA-33425,Human,Human bone colagen,1035,27,-,Santana-Sagredo et al. 2017,,X,,,960,800,880,Lowlands
219,Tarapacá,P. Tamarugal,1180.0,Lowland,Pica 8,B0415,-,OxA-33426,Human,Human bone colagen,896,30,-,Santana-Sagredo et al. 2017,,X,,,900,680,760,Lowlands
220,Tarapacá,P. Tamarugal,1180.0,Lowland,Pica 8,B0415*,-,OxA-32818,Textile,Textile,900,32,-,Santana-Sagredo et al. 2017,,X,,,900,680,760,Lowlands
221,Tarapacá,P. Tamarugal,1180.0,Lowland,Pica 8,B0419,-,V-2648-35,Human,Human bone colagen,1041,25,-,Santana-Sagredo et al. 2017,,X,,,960,800,910,Lowlands
222,Tarapacá,P. Tamarugal,1180.0,Lowland,Pica 8,B0420,-,V-2645-51,Human,Human bone colagen,744,24,-,Santana-Sagredo et al. 2017,,X,,,680,570,650,Lowlands
223,Tarapacá,P. Tamarugal,1180.0,Lowland,Pica 8,B0420*,-,OxA-32820,Textile,Textile,634,32,-,Santana-Sagredo et al. 2017,,X,,,650,540,600,Lowlands
224,Tarapacá,P. Tamarugal,1180.0,Lowland,Pica 8,B0424,-,V-2645-52,Human,Human bone colagen,1199,25,-,Santana-Sagredo et al. 2017,,X,,,1180,960,1030,Lowlands
225,Tarapacá,P. Tamarugal,1180.0,Lowland,Pica 8,B0426,-,V-2645-53,Human,Human bone colagen,819,24,-,Santana-Sagredo et al. 2017,,X,,,730,670,700,Lowlands
226,Tarapacá,P. Tamarugal,1180.0,Lowland,Pica 8,B0431,-,X-2645-54,Human,Human bone colagen,1192,25,-,Santana-Sagredo et al. 2017,,X,,,1180,960,1020,Lowlands
227,Tarapacá,P. Tamarugal,1180.0,Lowland,Pica 8,B0444,-,OxA-33427,Human,Human bone colagen,978,28,-,Santana-Sagredo et al. 2017,,X,,,920,770,850,Lowlands
228,Tarapacá,P. Tamarugal,1180.0,Lowland,Pica 8,B0444*,-,OxA-32821,Textile,Textile,869,33,-,Santana-Sagredo et al. 2017,,X,,,790,680,730,Lowlands
229,Tarapacá,P. Tamarugal,1180.0,Lowland,Pica 8,B0447,-,OxA-33428,Human,Human bone colagen,896,28,-,Santana-Sagredo et al. 2017,,X,,,900,680,760,Lowlands
230,Tarapacá,P. Tamarugal,1180.0,Lowland,Pica 8,B0447,A03839,OxA-33508,Textile,Textile,900,40,-,Santana-Sagredo et al. 2017,,X,,,900,680,760,Lowlands
231,Tarapacá,P. Tamarugal,1180.0,Lowland,Pica 8,B0451,-,V-2648-36,Human,Human bone colagen,948,25,-,Santana-Sagredo et al. 2017,,X,,,910,740,810,Lowlands
232,Tarapacá,P. Tamarugal,1180.0,Lowland,Pica 8,B0451,A03841,OxA-32972,Textile,Textile,1222,31,-,Santana-Sagredo et al. 2017,,X,,,1180,980,1090,Lowlands
233,Tarapacá,P. Tamarugal,1180.0,Lowland,Pica 8,B0455,-,V-2645-55,Human,Human bone colagen,849,24,-,Santana-Sagredo et al. 2017,,X,,,770,670,710,Lowlands
234,Tarapacá,P. Tamarugal,1180.0,Lowland,Pica 8,B0455*,-,OxA-32883,Textile,Textile,831,25,-,Santana-Sagredo et al. 2017,,X,,,740,670,700,Lowlands
235,Tarapacá,P. Tamarugal,1180.0,Lowland,Pica 8,B0460,A03829,OxA-32819,Textile,Textile,910,32,-,Santana-Sagredo et al. 2017,,X,,,900,680,770,Lowlands
236,Tarapacá,P. Tamarugal,1180.0,Lowland,Pica 8,B0460,-,OxA-32728,Human,Human hair,935,24,-,Santana-Sagredo et al. 2017,,X,,,900,730,790,Lowlands
237,Tarapacá,P. Tamarugal,1180.0,Lowland,Pica 8,B0483,-,V-2645-56,Human,Human bone colagen,1293,25,-,Santana-Sagredo et al. 2017,,X,,,1270,1080,1180,Lowlands
238,Tarapacá,P. Tamarugal,1180.0,Lowland,Pica 8,B0492,A03830,OxA-32882,Textile,Textile,954,26,-,Santana-Sagredo et al. 2017,,X,,,920,740,830,Lowlands
239,Tarapacá,P. Tamarugal,1180.0,Lowland,Pica 8,B0492,-,OxA-33429,Human,Human bone colagen,980,28,-,Santana-Sagredo et al. 2017,,X,,,920,770,850,Lowlands
240,Tarapacá,P. Tamarugal,1180.0,Lowland,Pica 8,T-11,-,Beta-220922,Human,Human bone colagen,1050,40,-,Uribe et al. 2007 ,,X,,,980,800,910,Lowlands
241,Tarapacá,P. Tamarugal,1180.0,Lowland,Pica 8,T-3,-,OxA 39875,Vegetal,Maize grains,731,17,-,Santana et al. 2021,,X,,,670,570,640,Lowlands
242,Tarapacá,P. Tamarugal,1180.0,Lowland,Pica 8,T-3,S/I_B0447,Beta-220923,Human,Human bone colagen,900,40,-,Uribe et al. 2007 ,,X,,,900,680,760,Lowlands
243,Tarapacá,P. Tamarugal,1180.0,Lowland,Pica 8,T-32,S/I,Beta-220924,Human,Human bone colagen,810,40,-,Uribe et al. 2007 ,,X,,,770,580,700,Lowlands
244,Tarapacá,P. Tamarugal,1180.0,Lowland,Pica 8,T-6,S/A,IVIC-172,Vegetal,Maize ,310,110,-,Núñez 1976,,X,,,500,...,310,Lowlands
245,Tarapacá,P. Tamarugal,1180.0,Lowland,Pica 8,T-6,S/A,IVIC-173,Textile,Textile,930,90,-,Núñez 1976,,X,,,960,670,810,Lowlands
246,Tarapacá,P. Tamarugal,1180.0,Lowland,Pica 8,T-62,-,OxA 39874,Vegetal,Maize grains,903,17,-,Santana et al. 2021,,X,,,790,730,760,Lowlands
247,Tarapacá,P. Tamarugal,1180.0,Lowland,Pica 8,T-7,S/G,IVIC-792,Mixed,Human soft tissue/gastric content,950,70,-,Núñez 1976,,X,,,960,680,820,Lowlands
248,Tarapacá,P. Tamarugal,1180.0,Lowland,Pica 8,T30,-,IVIC-174,Vegetal,Maize ,220,80,-,Núñez 1976,,X,,,440,...,190,Lowlands
249,Tarapacá,Tarapacá,1310.0,Lowland,Pircas 1 ,R-198/U-1,F-2,Beta-294699,Vegetal,Wood ,1640,30,-,Uribe et al. 2012 ,X,,,,1560,1410,1480,Lowlands
250,Tarapacá,Tarapacá,1310.0,Lowland,Pircas 1 ,R-232/U-1,E-3,Beta-294700,Vegetal,Charcoal,2180,40,-,Uribe et al. 2012 ,X,,,,2310,2000,2110,Lowlands
251,Tarapacá,Tarapacá,1310.0,Lowland,Pircas 1 ,R-251/U-1,E-3B,Beta-294701,Vegetal,Wood ,1860,30,-,Uribe et al. 2012 ,X,,,,1830,1620,1750,Lowlands
252,Tarapacá,Tarapacá,1310.0,Lowland,Pircas 1 ,R-269/U-1,E-3B,Beta-294702,Vegetal,Wood ,1630,30,-,Uribe et al. 2012 ,X,,,,1560,1380,1480,Lowlands
253,Tarapacá,Tarapacá,1310.0,Lowland,Pircas 1 ,U-C1,E-III,Beta-5461 ,Coprolite,Coprolite/Prosopis,1450,90,-,Nunez 1984 ,X,,,,1530,1100,1310,Lowlands
254,Tarapacá,Tarapacá,1310.0,Lowland,Pircas 1 ,U-C1,E-IV,N-4368 ,Vegetal,Charcoal,1880,60,-,Nunez 1984 ,X,,,,1920,1610,1770,Lowlands
255,Tarapacá,Tarapacá,1330.0,Lowland,Pircas 2 ,T-6,-,OXA-1373 ,Coprolite,Coprolite,2460,60,-,Holden and Nunez 1993 ,,X,,,2710,2350,2490,Lowlands
256,Tarapacá,Tarapacá,1330.0,Lowland,Pircas 2 ,T-6,-,OXA-1372,Human,Human skin,2490,60,-,Hedges et al. 1989,,X,,,2720,2360,2530,Lowlands
257,Tarapacá,Tarapacá,1330.0,Lowland,Pircas 2 ,U-C30,T-1,I-13228 ,Human,Human soft tissue ,2420,80,-,Nunez 1984 ,,X,,,2720,2150,2450,Lowlands
258,Arica y Parinacota,Tana,,Coast,Pisagua,T-5,-,GX-21180,Human,Human soft tissue ,770,75,-9.54,Moragas 1995; Arriaza et al. 2008,,X,,,790,550,670,
259,Tarapacá,P. Tamarugal,850.0,Lowland,Pampa Ramadita 5 ,U-TP1,E-1A/F-1,UCIAMS-165640 ,Vegetal,Plant material ,10370,30,-,Santoro et al. 2019,X,,,,12440,11960,12130,Lowlands
260,Tarapacá,P. Tamarugal,850.0,Lowland,Pampa Ramadita 5 ,U-TP1,E-1B/F-3,UCIAMS-165642 ,Vegetal,Plant material ,10425,30,-,Santoro et al. 2019,X,,,,12480,12090,12280,Lowlands
261,Tarapacá,P. Tamarugal,850.0,Lowland,Pampa Ramadita 5 ,U-TP1,E-1A/F-1,UCIAMS-165641 ,Vegetal,Charcoal,14160,45,-,Santoro et al. 2019,X,,,,0,0,0,Lowlands
262,Tarapacá,P. Tamarugal,880.0,Lowland,Pampa Ramadita 7 ,U-TP1,E-1A/F-2 ,UCIAMS-165644 ,Vegetal,Plant material ,10010,80,-,Santoro et al. 2019,X,,,,11760,11230,11470,Lowlands
263,Tarapacá,P. Tamarugal,880.0,Lowland,Pampa Ramadita 7 ,U-TP1,E-1A/F-1,UCIAMS-165643 ,Vegetal,Plant material ,10105,30,-,Santoro et al. 2019,X,,,,11830,11320,11630,Lowlands
264,Tarapacá,Qda. Ancha,2780.0,Precordillera,Quebrada Ancha,R-13,E-2/N-A,Beta-314503,Vegetal,Charcoal,1370,30,-,Uribe et al. 2012 ,X,,,,1300,1180,1240,Precordillera
265,Tarapacá,Qda. Ancha,2780.0,Precordillera,Quebrada Ancha,R-30,E-2/N-B,Beta-314504,Vegetal,Charcoal,690,30,-,Uribe et al. 2012 ,X,,,,660,560,600,Precordillera
266,Tarapacá,Qda. Tasma,2460.0,Precordillera,Quebrada de Tasma,R-288,E-8,Beta-314506,Vegetal,Charcoal,1630,30,-,Urbina et al. 2016,X,,,,1560,1380,1480,Precordillera
267,Tarapacá,Qda. Tasma,2460.0,Precordillera,Quebrada de Tasma,R-349,E1/N-C,Beta-314507,Vegetal,Charcoal,1470,30,-,Uribe et al. 2012 ,X,,,,1370,1290,1330,Precordillera
268,Tarapacá,Qda. Tasma,2460.0,Precordillera,Quebrada de Tasma,R-48,E-3,Beta-314505,Vegetal,Charcoal,830,30,-,Uribe et al. 2012 ,X,,,,760,670,700,Precordillera
269,Tarapacá,Llamara,4500.0,Altiplano,Quebrada Blanca,E-3,-,Beta-139632,Vegetal,Charcoal,9610,70,-,Osorio et al. 2011,X,,,,11180,10690,10930,Altiplano
270,Tarapacá,Llamara,1200.0,Lowland,Quebrada Mani ,CF-T2-5,Sup.,UCIAMS-84356 ,Vegetal,Prosopis sp leaves ,975,15,-,Gayo et al. 2012b ,,,X,,910,790,860,Lowlands
271,Tarapacá,Llamara,1250.0,Lowland,Quebrada Mani 1,N0E0,2,UGAMS-4565,Vegetal,Prosopis fruit,1000,25,-,Santoro et al. 2011 ,,,,X,930,800,850,Lowlands
272,Tarapacá,Llamara,1240.0,Lowland,Quebrada Mani 12B,B/SC4,-,UCIAMS-84345,Vegetal,Charcoal,10155,25,-,Santoro et al. 2011; Latorre et al. 2013,X,,,,12900,12750,12800,Lowlands
273,Tarapacá,Llamara,1240.0,Lowland,Quebrada Mani 12B,B/SC4,2,UGAMS-7048,Vegetal,Charcoal,10390,30,-,Santoro et al. 2011 ,X,,,,5320,5050,5160,Lowlands
274,Tarapacá,Llamara,1240.0,Lowland,Quebrada Mani 12C,C,N-1,UCIAMS-89014,Vegetal,Fibrous plant material ,4580,20,-,Latorre et al. 2013 ,X,,,,11720,11320,11530,Lowlands
275,Tarapacá,Llamara,1240.0,Lowland,Quebrada Mani 12C,C,N-2,UCIAMS-89015 ,Vegetal,Plant material ,10080,25,-,Latorre et al. 2013 ,X,,,,11830,11340,11670,Lowlands
276,Tarapacá,Llamara,1240.0,Lowland,Quebrada Mani 12C,C,N-2,UCIAMS-89020 ,Vegetal,Plant material ,10120,25,-,Latorre et al. 2013 ,X,,,,11840,11340,11680,Lowlands
277,Tarapacá,Llamara,1240.0,Lowland,Quebrada Mani 12C,C,N-3,UGAMS-8241 ,Vegetal,Wood ,10130,30,-,Latorre et al. 2013 ,X,,,,11870,11540,11750,Lowlands
278,Tarapacá,Llamara,1240.0,Lowland,Quebrada Mani 12C,C,N-3,UCIAMS-89017 ,Vegetal,Plant material ,10160,25,-,Latorre et al. 2013 ,X,,,,11870,11540,11760,Lowlands
279,Tarapacá,Llamara,1240.0,Lowland,Quebrada Mani 12C,C,N-4,UCIAMS-89021 ,Vegetal,Fibrous plant material ,10165,25,-,Latorre et al. 2013 ,X,,,,11930,11720,11830,Lowlands
280,Tarapacá,Llamara,1240.0,Lowland,Quebrada Mani 12C,C,N-5,UGAMS-7050,Vegetal,Charcoal,10210,30,-,Santoro et al. 2011 ,X,,,,11940,11730,11850,Lowlands
281,Tarapacá,Llamara,1240.0,Lowland,Quebrada Mani 12C,C,N-3,UGAMS-8242 ,Vegetal,Wood ,10220,30,-,Latorre et al. 2013 ,X,,,,12430,11890,12040,Lowlands
282,Tarapacá,Llamara,1240.0,Lowland,Quebrada Mani 12C,C,N-3,UGAMS-8243 ,Vegetal,Wood ,10340,30,-,Latorre et al. 2013 ,X,,,,12440,11940,12090,Lowlands
283,Tarapacá,Llamara,1240.0,Lowland,Quebrada Mani 12C,C,N-3,UCIAMS-89022 ,Coprolite,Coprolite animal,10360,30,-,Latorre et al. 2013 ,X,,,,12610,12190,12550,Lowlands
284,Tarapacá,Llamara,1240.0,Lowland,Quebrada Mani 12C,C,E-2,UCIAMS-89458 ,Marine,Marine shell ,10655,25,-,Latorre et al. 2013 ,X,,,,12700,12510,12650,Lowlands
285,Tarapacá,Llamara,1240.0,Lowland,Quebrada Mani 12C,C,N-5,UCIAMS-84347,Vegetal,Charcoal,10365,25,-,Santoro et al. 2011 ,X,,,,12440,11960,12090,Lowlands
286,Tarapacá,Llamara,1240.0,Lowland,Quebrada Mani 12C,C,N-2,UCIAMS-89019 ,Vegetal,Plant material ,10505,25,-,Latorre et al. 2013 ,X,,,,12750,12710,12740,Lowlands
287,Tarapacá,Llamara,1240.0,Lowland,Quebrada Mani 12C,C,N-1,UGAMS-7049,Vegetal,Charcoal,10800,30,-,Santoro et al. 2011; Herrera 2019,X,,,,11840,11360,11740,Lowlands
288,Tarapacá,Llamara,1240.0,Lowland,Quebrada Mani 12C,C,N-4/F-13,UCIAMS-89018 ,Vegetal,Charcoal,10930,30,-,Latorre et al. 2013; Herrera 2019,X,,,,12460,11980,12200,Lowlands
289,Tarapacá,Llamara,1330.0,Lowland,Quebrada Mani 19,-,CF-T2.5 (dam) ,UCIAMS-97259,Vegetal,Charcoal,2290,12,-,Gayó et al. 2012,,,X,,2340,2150,2220,Lowlands
290,Tarapacá,Llamara,,Lowland,Quebrada Mani 27,-,CF-T2-7,UCIAMS-84737,Vegetal,Plants,1650,20,-,Gayó et al. 2012,,,X,,1560,1420,1490,
291,Tarapacá,Llamara,1295.0,Lowland,Quebrada Mani 2A,-,Crops in situ ,﻿CAMS-129007,Vegetal,Maize ,870,30,-,"Nester et al. 2007, in Gayó et al. 2012",,,X,,790,680,730,Lowlands
292,Tarapacá,Llamara,850.0,Lowland,Quebrada Mani 32,S1E8,N-1B,UCIAMS-134397,Vegetal,Plant material ,10005,45,-,Santoro et al. 2019,X,,,,11630,11250,11440,Lowlands
293,Tarapacá,Llamara,850.0,Lowland,Quebrada Mani 32,S1E8,N-2B/F-2,UCIAMS-134418 ,Vegetal,"Plant material, cordage (acid only) ",10040,35,-,Santoro et al. 2019,X,,,,12590,12020,12290,Lowlands
294,Tarapacá,Llamara,850.0,Lowland,Quebrada Mani 32,S88W45,N-3,UCIAMS-134394 ,Vegetal,Plant material ,9290,510,-,Santoro et al. 2019,X,,,,12430,9280,10560,Lowlands
295,Tarapacá,Llamara,850.0,Lowland,Quebrada Mani 32,S1E8,N-1,UCIAMS-134396 ,Vegetal,Plant material ,10085,35,-,Santoro et al. 2019,X,,,,11760,11320,11540,Lowlands
296,Tarapacá,Llamara,850.0,Lowland,Quebrada Mani 32,S1E8,N-2B/F-2,UCIAMS-134417,Coprolite,Animal coprolite,10115,35,-,Santoro et al. 2019,X,,,,11930,11530,11780,Lowlands
297,Tarapacá,Llamara,850.0,Lowland,Quebrada Mani 32,S1E8,N-2B/F-2,UCIAMS-134399 ,Vegetal,Plant material ,10180,40,-,Santoro et al. 2019,X,,,,11930,11650,11830,Lowlands
298,Tarapacá,Llamara,850.0,Lowland,Quebrada Mani 32,S1E8,N-1,UCIAMS-134406 ,Vegetal,Charcoal,10195,35,-,Santoro et al. 2019,X,,,,11710,11270,11470,Lowlands
299,Tarapacá,Llamara,850.0,Lowland,Quebrada Mani 32,S1E8,N-1,UCIAMS-134402 ,Vegetal,Charcoal,10205,35,-,Santoro et al. 2019,X,,,,11840,11330,11650,Lowlands
300,Tarapacá,Llamara,850.0,Lowland,Quebrada Mani 32,S1E8,N-2B,UCIAMS-134398 ,Vegetal,Plant material ,10210,35,-,Santoro et al. 2019,X,,,,11930,11640,11800,Lowlands
301,Tarapacá,Llamara,850.0,Lowland,Quebrada Mani 32,S1E8,N-2B,UCIAMS-134405 ,Vegetal,Charcoal,10210,45,-,Santoro et al. 2019,X,,,,11930,11650,11820,Lowlands
302,Tarapacá,Llamara,850.0,Lowland,Quebrada Mani 32,S1E8,N-1B,UCIAMS-134404 ,Vegetal,Charcoal,10215,45,-,Santoro et al. 2019,X,,,,11970,11640,11820,Lowlands
303,Tarapacá,Llamara,850.0,Lowland,Quebrada Mani 32,S1E8,N-1,UCIAMS-134403 ,Vegetal,Charcoal,10220,40,-,Santoro et al. 2019,X,,,,11970,11640,11830,Lowlands
304,Tarapacá,Llamara,850.0,Lowland,Quebrada Mani 32,S1E8,N-4,UCIAMS-134395 ,Vegetal,Plant material ,10445,45,-,Santoro et al. 2019,X,,,,11960,11650,11840,Lowlands
305,Tarapacá,Llamara,1200.0,Lowland,Quebrada Mani 35,A,CF-T2-5 ,UCIAMS-84739 ,Vegetal,Plant material ,980,20,-,Gayo et al. 2012b ,,,X,,11280,11100,11210,Lowlands
306,Tarapacá,Llamara,1200.0,Lowland,Quebrada Mani 35,C,CF-T2-5 ,UCIAMS-84341 ,Vegetal,Plant material ,990,15,-,Gayo et al. 2012b ,,,X,,11320,11190,11240,Lowlands
307,Tarapacá,Llamara,830.0,Lowland,Quebrada Mani 35,-,N-2,D-AMS 028068 ,Animal,Bone,9828,49,-,Herrera et al. 2019,X,,,,11630,11250,11440,Lowlands
308,Tarapacá,Llamara,830.0,Lowland,Quebrada Mani 35,-,N-4,D-AMS 028064 ,Animal,Bone,9886,41,-,Herrera et al. 2019,X,,,,920,790,860,Lowlands
309,Tarapacá,Llamara,830.0,Lowland,Quebrada Mani 35,-,N-6,D-AMS 028067 ,Animal,Bone,10002,45,-,Herrera et al. 2019,X,,,,920,800,850,Lowlands
310,Tarapacá,Llamara,830.0,Lowland,Quebrada Mani 35,-,N-3,D-AMS 028065 ,Animal,Bone,10044,39,-,Herrera et al. 2019,X,,,,11710,11280,11480,Lowlands
311,Tarapacá,Llamara,830.0,Lowland,Quebrada Mani 35,-,N-7,D-AMS 028069 ,Animal,Bone,10089,37,-,Herrera et al. 2019,X,,,,11760,11320,11540,Lowlands
312,Tarapacá,Llamara,830.0,Lowland,Quebrada Mani 35,-,N-5,D-AMS 028066 ,Animal,Bone,10160,40,-,Herrera et al. 2019,X,,,,11920,11350,11740,Lowlands
313,Tarapacá,Llamara,830.0,Lowland,Quebrada Mani 35,-,N-8,D-AMS 028070 ,Animal,Bone,10189,40,-,Herrera et al. 2019,X,,,,11930,11540,11790,Lowlands
314,Tarapacá,Llamara,830.0,Lowland,Quebrada Mani 35,Surface ,-,D-AMS 028063 ,Animal,Terrestian mollusk,13974,46,-,Herrera et al. 2019,X,,,,0,0,0,Lowlands
315,Tarapacá,Llamara,830.0,Lowland,Quebrada Mani 35,Surface ,-,D-AMS 028062 ,Animal,Terrestian mollusk,14052,51,-,Herrera et al. 2019,X,,,,0,0,0,Lowlands
316,Tarapacá,Llamara,1200.0,Lowland,Quebrada Mani 37,CF-T2-5 ,Channel,UCIAMS-84343 ,Vegetal,Plant material ,1525,15,-,Gayo et al. 2012b ,,,X,,1410,1310,1360,Lowlands
317,Tarapacá,Llamara,1200.0,Lowland,Quebrada Mani 37A,CF-T2-5 ,Channel,UCIAMS-84342 ,Vegetal,Plant material ,1535,15,-,Gayo et al. 2012b ,,,X,,1410,1320,1370,Lowlands
318,Tarapacá,Llamara,1200.0,Lowland,Quebrada Mani 38,CF-T2-7,Channel,UCIAMS-84742 ,Vegetal,Prosopis sp leaves ,2310,20,-,Gayo et al. 2012b ,,,X,,2350,2150,2220,Lowlands
319,Tarapacá,Llamara,1200.0,Lowland,Quebrada Mani 39,CF-T2-5 ,Channel,UCIAMS-84344 ,Vegetal,Charcoal,2240,15,-,Gayo et al. 2012b ,,,X,,2320,2130,2250,Lowlands
320,Tarapacá,Llamara,1200.0,Lowland,Quebrada Mani 4,R-2 ,Sup. (M-3) ,UCIAMS-97258 ,Vegetal,Charcoal,1575,15,-,"Santoro et al. 2011 ms., in Gayó et al. 2015 ",X,,,,1510,1360,1400,Lowlands
321,Tarapacá,Llamara,1200.0,Lowland,Quebrada Mani 4,R-2 ,Sup. (M-1) ,UCIAMS-97256 ,Vegetal,Charcoal,1750,15,-,"Santoro et al. 2011 ms., in Gayó et al. 2015 ",X,,,,1700,1540,1610,Lowlands
322,Tarapacá,Llamara,1200.0,Lowland,Quebrada Mani 4,R-2 ,E-1 (below surface) ,UCIAMS-97257 ,Vegetal,Charcoal,1765,15,-,"Santoro et al. 2011 ms., in Gayó et al. 2015 ",X,,,,1700,1580,1660,Lowlands
323,Tarapacá,Llamara,,Lowland,Quebrada Mani 40,CF-T2-5 ,-,UCIAMS-84355 ,Vegetal,Plant material ,1205,15,-,Gayo et al. 2012b ,,,X,,1180,980,1060,
324,Tarapacá,C. de la Costa,750.0,Lowland,Soronal 3,E-XIII,-,Beta-150711 ,Vegetal,Charcoal,1450,40,-,Briones et al. 2005 ,X,,,,1370,1180,1310,Lowlands
325,Tarapacá,Tarapacá,1180.0,Lowland,Tarapaca 10 ,-,-,WSU-950 ,Vegetal,Wood-twigs,1590,140,-,Tartaglia 1980 ,X,,,,1810,1180,1460,Lowlands
326,Tarapacá,Tarapacá,1180.0,Lowland,Tarapaca 10 ,-,-,WSU-906 ,Coprolite,Coprolite,2600,220,-,True et al. 1971 ,X,,,,3210,2100,2630,Lowlands
327,Tarapacá,Tarapacá,1290.0,Lowland,Tarapacá 12,-,-,GaK-5867 ,Vegetal,Charcoal,4480,170,-,Tartaglia 1980 ,X,,,,5580,4620,5090,Lowlands
328,Tarapacá,Tarapacá,1290.0,Lowland,Tarapacá 12,Refuse,-,UCLA-1293,Vegetal,Charcoal,4690,80,-,Núñez 1976; True et al. 1970,X,,,,5590,5050,5390,Lowlands
329,Tarapacá,Tarapacá,1370.0,Lowland,Tarapaca 13A ,-,-,GaK-3896 ,Vegetal,Plant material ,220,80,-,Tartaglia 1980 ,X,,,,440,...,190,Lowlands
330,Tarapacá,Tarapacá,1370.0,Lowland,Tarapaca 13A ,U-Wall,-,GaK-3016 ,Vegetal,Seeds,1200,110,-,Tartaglia 1980 ,X,,,,1290,810,1070,Lowlands
331,Tarapacá,Tarapacá,1390.0,Lowland,Tarapaca 14A ,-,-,GaK-2529 ,Vegetal,Charcoal,4780,130,-,Nunez 1976 ,X,,,,5840,5050,5460,Lowlands
332,Tarapacá,Tarapacá,1390.0,Lowland,Tarapaca 14A ,-,-,Gak-4479 ,-,-,5930,220,-,True 1975 ,X,,,,7260,6290,6740,Lowlands
333,Tarapacá,Tarapacá,1390.0,Lowland,Tarapaca 14A ,-,-,GAK-2432,Vegetal,Charcoal,6830,270,-,True et al. 1971 ,X,,,,8280,7160,7670,Lowlands
334,Tarapacá,Tarapacá,1390.0,Lowland,Tarapaca 14A ,U-H5,-,WSU-987,Vegetal,Charcoal,6430,430,-,Núñez 1976; Tartaglia 1980,X,,,,8160,6320,7250,Lowlands
335,Tarapacá,Tarapacá,1340.0,Lowland,Tarapacá 18A,-,-,GAK-2433,Vegetal,Charcoal,3910,170,-,Núñez 1976,X,,,,4820,3850,4300,Lowlands
336,Tarapacá,Tarapacá,1270.0,Lowland,Tarapacá 2A,-,-,UCLA-1834-A ,Vegetal,Wool/plant remain ,4200,200,-,True 1975 ,X,,,,5300,4150,4690,Lowlands
337,Tarapacá,Tarapacá,1270.0,Lowland,Tarapacá 2A,-,-,GaK-3895 ,Vegetal,Charcoal,5250,340,-,Tartaglia 1980 ,X,,,,6840,5070,5990,Lowlands
338,Tarapacá,Tarapacá,1270.0,Lowland,Tarapacá 2A,-,-,GAK-2205,Vegetal,Charcoal,5970,120,-,True et al. 1971 ,X,,,,7160,6450,6770,Lowlands
339,Tarapacá,Tarapacá,1290.0,Lowland,Tarapacá 40 ,-,-,GaK-3821 ,Human,Human hair,850,80,-,Tartaglia 1980 ,,X,,,910,570,730,Lowlands
340,Tarapacá,Tarapacá,1290.0,Lowland,Tarapacá 40A ,-,-,Gak-2296 ,Vegetal,Prosopis fruit,1160,90,-,Rivera 1977-1978 ,,X,,,1270,810,1030,Lowlands
341,Tarapacá,Tarapacá,1290.0,Lowland,Tarapacá 40 ,T-1 ,S/Y,Beta-355779,Human,Human Tooth and bone (collagen),1580,30,-,Uribe et al. 2015,,X,,,1520,1360,1420,Lowlands
342,Tarapacá,Tarapacá,1290.0,Lowland,Tarapacá 40 ,T-21,S/M',UGAMS-31950,Vegetal,Basketry ,2210,20,-,Uribe et al. 2020,,X,,,2310,2090,2180,Lowlands
343,Tarapacá,Tarapacá,1290.0,Lowland,Tarapacá 40A ,T-29,S/M',GAK-2893,Human,Human hair,1590,170,-,Núñez 1970,,X,,,1870,1080,1470,Lowlands
344,Tarapacá,Tarapacá,1290.0,Lowland,Tarapacá 40B,T-3,-,Beta-63793,Animal,AR-tunic yarn,1370,60,-,Oakland 2000,,X,,,1350,1080,1230,Lowlands
345,Tarapacá,Tarapacá,1290.0,Lowland,Tarapacá 40 ,T-31 ,S/M',Beta-355778,Human,Human bone colagen,2540,30,-,Uribe et al. 2015,,X,,,2740,2430,2580,Lowlands
346,Tarapacá,Tarapacá,1290.0,Lowland,Tarapacá 40 ,T-37,S/M',UGAMS-31951,Animal,Textile,2450,20,-,Uribe et al. 2020,,X,,,2700,2350,2440,Lowlands
347,Tarapacá,Tarapacá,1290.0,Lowland,Tarapacá 40B,T-4,S/K,Beta-63794,Animal,Mantle yarn,1580,70,-,Oakland 2000,,X,,,1570,1310,1430,Lowlands
348,Tarapacá,Tarapacá,1290.0,Lowland,Tarapacá 40B,T-4,-,CAMS-10323,Animal,Skirt Yarn,2000,60,-,Oakland 2000,,X,,,2050,1750,1910,Lowlands
349,Tarapacá,Tarapacá,1290.0,Lowland,Tarapacá 40 ,T-6,S/Y,Beta-355777,Human,Human,1610,30,-,Uribe et al. 2015,,X,,,1530,1380,1460,Lowlands
350,Tarapacá,Tarapacá,1290.0,Lowland,Tarapacá 40A ,T-62,S/M',GAK-2206,Vegetal,Prosopis fruit,1660,90,-,Núñez 1970,,X,,,1710,1320,1510,Lowlands
351,Tarapacá,Tarapacá,1290.0,Lowland,Tarapacá 40 ,T-76 ,S/M',Beta-355776,Human,Human Tooth and bone (collagen),2840,30,-,Uribe et al. 2015,,X,,,3000,2780,2910,Lowlands
352,Tarapacá,Tarapacá,1290.0,Lowland,Tarapacá 40 ,T-9,S/M',Beta-370288,Human,Human tooth (dentine-collagen),2470,30,-,Uribe et al. 2015,,X,,,2700,2350,2480,Lowlands
353,Tarapacá,Tarapacá,1290.0,Lowland,Tarapacá 40A ,T-90,-,CAMS-10324,Animal,Skirt Yarn,2810,60,-,Oakland 2000,,X,,,3060,2760,2880,Lowlands
354,Tarapacá,Tarapacá,1290.0,Lowland,Tarapacá 40 ,T-99 ,S/M',Beta-370287,Human,Human bone colagen,2750,30,-,Uribe et al. 2015,,X,,,2910,2750,2810,Lowlands
355,Tarapacá,Tarapacá,1290.0,Lowland,Tarapacá 40B,T3,S/S,CAMS-7607,Animal,Tiw-tunic yarn,1690,60,-,Oakland 2000,,X,,,1700,1410,1550,Lowlands
356,Tarapacá,Tarapacá,1290.0,Lowland,Tarapacá 40B,T5,S/S,CAMS-7608,Animal,Tiw-tunic yarn,1630,70,-,Oakland 2000,,X,,,1690,1320,1480,Lowlands
357,Tarapacá,Tarapacá,1450.0,Lowland,TR4000,L1-SC01,Sup.,UCIAMS-58817,Vegetal,Charcoal,365,15,-,Zori 2011,,,,X,450,320,390,Lowlands
358,Tarapacá,Tarapacá,1450.0,Lowland,TR4000,L3-CS01,Sup.,UCIAMS-58818,Vegetal,Charcoal,495,15,-,Zori 2011,,,,X,520,490,510,Lowlands
359,Tarapacá,Tarapacá,1500.0,Lowland,TR4005,L1-SC01,-,AA-82249,Vegetal,Charcoal,465,37,-,Zori 2011,,,,X,530,330,490,Lowlands
360,Tarapacá,Tarapacá,1600.0,Lowland,TR4007,L4-SC01,-,UCIAMS-58819,Vegetal,Charcoal,920,20,-,Zori 2011,,,,X,900,730,770,Lowlands
361,Tarapacá,Tarapacá,1600.0,Lowland,TR4007,L5-B01,-,UCIAMS-58820,Vegetal,Corn cob,630,15,-,Zori 2011,,,,X,630,550,610,Lowlands
362,Tarapacá,Tarapacá,1480.0,Lowland,TR4010,L1-SC01,-,AA-82252,Vegetal,Charcoal,420,37,-,Zori 2011,,,,X,500,320,450,Lowlands
363,Tarapacá,Tarapacá,1480.0,Lowland,TR4010,L3-SC01,-,UCIAMS-58821,Vegetal,Charcoal,335,15,-,Zori 2011,,,,X,440,310,400,Lowlands
364,Tarapacá,Tarapacá,1450.0,Lowland,TR4011,L1-SC01,-,UCIAMS-58822,Vegetal,Charcoal,315,15,-,Zori 2011,,,,X,440,300,320,Lowlands
365,Tarapacá,Tarapacá,1450.0,Lowland,TR4011,L2-SC01,-,UCIAMS-58823,Vegetal,Charcoal,390,15,-,Zori 2011,,,,X,490,330,390,Lowlands
366,Tarapacá,Tarapacá,1420.0,Lowland,TR4015,L3-CS01,-,UCIAMS-58824,Vegetal,Charcoal,685,15,-,Zori 2011,,,,X,660,560,600,Lowlands
367,Tarapacá,Tarapacá,1440.0,Lowland,TR4016,SC01,-,UCIAMS-58825,Vegetal,Charcoal,545,20,-,Zori 2011,,,,X,550,510,530,Lowlands
368,Tarapacá,Tarapacá,1570.0,Lowland,TR4018,CS01,-,AA-82250,Vegetal,Charcoal,499,37,-,Zori 2011,,,,X,550,460,510,Lowlands
369,Tarapacá,Tarapacá,1570.0,Lowland,TR4018,SC02,-,UCIAMS-58827,Vegetal,Charcoal,500,15,-,Zori 2011,,,,X,520,500,510,Lowlands
370,Tarapacá,Tarapacá,1545.0,Lowland,TR4083,L1-SC01,-,UCIAMS-58828,Vegetal,Charcoal,540,15,-,Zori 2011,,,,X,540,510,520,Lowlands
371,Tarapacá,Tarapacá,1545.0,Lowland,TR4083,L2-SC01,-,UCIAMS-58829,Vegetal,Charcoal,460,15,-,Zori 2011,,,,X,510,340,500,Lowlands
372,Tarapacá,Tarapacá,1545.0,Lowland,TR4083,L3A-SC01,-,UCIAMS-58830,Vegetal,Charcoal,1375,15,-,Zori 2011,,,,X,1300,1180,1240,Lowlands
373,Tarapacá,Tarapacá,1545.0,Lowland,TR4083,L3B-SC01,-,UCIAMS-58831,Vegetal,Charcoal,1235,15,-,Zori 2011,,,,X,1180,1060,1110,Lowlands
374,Tarapacá,Tarapacá,1560.0,Lowland,TR4111,L1-SC01,-,AA-82251,Vegetal,Charcoal,489,37,-,Zori 2011,,,,X,540,340,500,Lowlands
375,Tarapacá,Tarapacá,1590.0,Lowland,TR4118,SC01,-,UCIAMS-58826,Vegetal,Charcoal,365,15,-,Zori 2011,,,,X,450,320,390,Lowlands
376,Tarapacá,Tarapacá,1420.0,Lowland,Tarapacá 49,U-2,E-15,UCIAMS-58816,Vegetal,Corn cob,495,15,-,Zori 2011,X,,,,520,490,510,Lowlands
377,Tarapacá,Tarapacá,1420.0,Lowland,Tarapacá 49,U-3,E-14C,Beta-269052,Vegetal,Kernel cob,310,40,-,Zori and Urbina 2014; Uribe et al. 2012 ,X,,,,450,150,360,Lowlands
378,Tarapacá,Tarapacá,1420.0,Lowland,Tarapacá 49,U-3,E-3,Beta-269050,Vegetal,Wheat seed,350,40,-,Zori and Urbina 2014; Uribe et al. 2012 ,X,,,,490,300,390,Lowlands
379,Tarapacá,Tarapacá,1420.0,Lowland,Tarapacá 49,U-3,E-7B,Beta-269051,Vegetal,Gourd pericarp,610,40,-,Zori 2011,X,,,,650,510,570,Lowlands
380,Tarapacá,Tarapacá,1420.0,Lowland,Tarapacá 49,U-5,E-11,Beta-294703,Vegetal,Plant material ,240,30,-,Zori and Urbina 2014; Uribe et al. 2012 ,X,,,,310,140,200,Lowlands
381,Tarapacá,Tarapacá,1420.0,Lowland,Tarapacá 49,U-5,E-14-CS1,Beta-294704,Vegetal,Charcoal,370,30,-,Zori and Urbina 2014; Uribe et al. 2012 ,X,,,,490,310,390,Lowlands
382,Tarapacá,Tarapacá,1420.0,Lowland,Tarapacá 49,U-5,E-16-CS1,AA-82247,Animal,Guinea pig,662,38,-,Zori 2011,X,,,,660,550,610,Lowlands
383,Tarapacá,Tarapacá,1420.0,Lowland,Tarapacá 49,U-7,E-17-CS1,AA-82248,Vegetal,Corn cob,618,39,-,Zori 2011,X,,,,650,520,590,Lowlands
384,Tarapacá,Tarapacá,1260.0,Lowland,Tarapacá 6-7,-,-,Beta-65304,Vegetal,Maize ,1680,60,-,Oakland 2000,X,,,,1700,1380,1530,Lowlands
385,Tarapacá,Tarapacá,1260.0,Lowland,Tarapacá 6-7,-,-,CAMS-10314,Textile,Pelican-cape yarn,1690,60,-20.2,Oakland 2000; Southon et al. 2005,X,,,,1700,1410,1550,Lowlands
386,Tarapacá,Tarapacá,1260.0,Lowland,Tarapacá 6-7,-,-,CAMS-10315 ,Marine,Feather (Bird-skin cape) ,2170,60,-11.5,Southon et al. 2005,X,,,,2320,1930,2100,Lowlands
387,Tarapacá,Tarapacá,1260.0,Lowland,Tarapacá 6-7,-,-,CAMS-10316,Marine,Bird-skin,2280,50,-12.2,Southon et al. 2005,X,,,,2350,2120,2230,Lowlands
388,Tarapacá,Michincha,4340.0,Altiplano,Ujina 10,U-H1,E-1/Ext,D-AMS 009918,Vegetal,Charcoal,1050,22,-,Figueroa et al. 2018,,,,X,960,810,930,Altiplano
389,Tarapacá,Michincha,4340.0,Altiplano,Ujina 10,U-H1,E-3/N-2,D-AMS 009917,Vegetal,Charcoal,1475,22,-,Figueroa et al. 2018,,,,X,1360,1300,1330,Altiplano
390,Tarapacá,Michincha,4340.0,Altiplano,Ujina 10,U-H3,E-3/N-1,D-AMS 009915,Vegetal,Charcoal,648,26,-,Figueroa et al. 2018,,,,X,650,550,610,Altiplano
391,Tarapacá,Michincha,4340.0,Altiplano,Ujina 10,U-H3,E-3A/N-2,D-AMS 009916,Vegetal,Charcoal,883,20,-,Figueroa et al. 2018,,,,X,790,680,750,Altiplano
392,Tarapacá,Michincha,4370.0,Altiplano,Ujina 8,U-H3/B1 ,E-3/N-3,D-AMS 022761,Vegetal,Charcoal,591,26,-,Figueroa et al. 2018,,,,X,630,520,550,Altiplano
393,Tarapacá,Michincha,4370.0,Altiplano,Ujina 8,U-H3/B2 ext ,N-2/F-2,D-AMS 022762,Vegetal,Charcoal,662,30,-,Figueroa et al. 2018,,,,X,650,550,610,Altiplano
394,Tarapacá,Michincha,4370.0,Altiplano,Ujina 8,U-H4 ,E-2/N-3,D-AMS 009914,Vegetal,Charcoal,528,22,-,Figueroa et al. 2018,,,,X,540,500,520,Altiplano
395,Arica y Parinacota,Azapa,3090.0,Precordillera,Incaullo,Chullpa,Architecture,Beta-420807,Vegetal,Vegetal,280,30,-24.2,Saintenoy et al. 2019,,X,,,440,150,290,Precordillera
396,Arica y Parinacota,Azapa,3150.0,Precordillera,Huaihuarani,R-1002,Hearth 1,Beta-367293,Vegetal,Charcoal,380,30,-22.2,Saintenoy et al. 2019,X,,,,490,320,390,Precordillera
397,Arica y Parinacota,Azapa,3090.0,Precordillera,Incaullo,R-20,Filled,Beta-418827,Vegetal,Charcoal,340,30,-22.9,Saintenoy et al. 2019,X,,,,450,300,390,Precordillera
398,Arica y Parinacota,Azapa,3150.0,Precordillera,Huaihuarani,R-219,Ocupational,Beta-367294,Vegetal,Charcoal,450,30,-22.0,Saintenoy et al. 2019,X,,,,520,330,480,Precordillera
399,Arica y Parinacota,Azapa,3150.0,Precordillera,Huaihuarani,R-325,Terracing base ,Beta-446606,Vegetal,Charcoal,520,30,-24.2 ,Saintenoy et al. 2019,X,,,,540,500,520,Precordillera
400,Arica y Parinacota,Azapa,3150.0,Precordillera,Huaihuarani,R-36,F2-Sup,Beta-367292,Vegetal,Charcoal,350,30,-21.9,Saintenoy et al. 2019,X,,,,460,300,390,Precordillera
401,Arica y Parinacota,Azapa,3150.0,Precordillera,Huaihuarani,R-36,Hearth 1,Beta-368251,Vegetal,Charcoal,440,30,-23.3,Saintenoy et al. 2019,X,,,,510,330,470,Precordillera
402,Arica y Parinacota,Azapa,3150.0,Precordillera,Huaihuarani,R-36,"Hearth 2, hole",Beta-418826,Vegetal,Charcoal,590,30,-21.6,Saintenoy et al. 2019,X,,,,630,510,550,Precordillera
403,Arica y Parinacota,Azapa,3150.0,Precordillera,Huaihuarani,Square,Subsoil,-,Vegetal,Charcoal,650,30,-23.1 ,Saintenoy et al. 2019,X,,,,650,550,610,Precordillera
404,Arica y Parinacota,Azapa,3380.0,Precordillera,"Tantalcollo, Tambo",Platform,E-11,Beta-200949,Vegetal,Charcoal ,490,70,-,"Santoro et al. 2010, Gayó et al. 2015",X,,,,620,320,490,Precordillera
405,Arica y Parinacota,Azapa,100.0,Coast,Acha 2,-,-,I-15249,Vegetal,Charcoal,8900,150,-,Muñoz and Chacama 1993,,X,,,10250,9540,9930,Coast
406,Arica y Parinacota,Azapa,100.0,Coast,Acha 2,T-1,-,GX-15082,Human,Human soft tissue,8970,255,-,Aufderheide et al. 1993,,X,,,10720,9470,10030,Coast
407,Arica y Parinacota,Azapa,100.0,Coast,Acha 3,-,-,Beta-40957 ,Human,Human soft tissue,8120,90,-,Standen and Santoro 2004,,X,,,9280,8650,9000,Coast
408,Arica y Parinacota,Azapa,100.0,Coast,Acha 3,-,-,Beta-88041,Human,Human soft tissue,8380,60,-25,Standen and Santoro 2004,,X,,,9520,9130,9350,Coast
409,Arica y Parinacota,Azapa,100.0,Coast,Acha 4 ,C-1 ,-,Beta-165148 ,Vegetal,Plant material ,7530,40,-,"Standen C.P., in Gayó et al. 2015",,,,,8380,8190,8300,Coast
410,Arica y Parinacota,Azapa,3800.0,Altiplano,El Bajo,U-1/E-2,N-B,Beta-441608,Vegetal,Vegetal,1860,30,-,Sepúlveda et al. 2018,X,,,,1830,1620,1750,Altiplano
411,Arica y Parinacota,Azapa,3800.0,Altiplano,El Bajo,U-1/E-2,N-B,Beta-400068,Vegetal,Charcoal,5570,30,-22.9,Sepúlveda et al. 2018,X,,,,6400,6280,6340,Altiplano
412,Arica y Parinacota,Azapa,3800.0,Altiplano,El Bajo,U-1/N-1,F-1,Beta-385131,Vegetal,Charcoal,5110,30,-21.3,Sepúlveda et al. 2018,X,,,,5920,5730,5820,Altiplano
413,Arica y Parinacota,Tana,1130.0,Lowland,Aragon 1 ,S-10a,E-IV/Hearth 1,GaK-5965 ,Vegetal,Charcoal,5170,200,-,"P. Nuñez and Zlatar 1976, 1977-1978; Rivera 1977- 1978 ",X,,,,6390,5470,5900,Lowlands
414,Arica y Parinacota,Tana,1130.0,Lowland,Aragon 1 ,S-10a,E-V/Hearth 2,Gak-5966,Vegetal,Charcoal,8660,230,-,"P. Nuñez and Zlatar 1976, 1977-1978",X,,,,10240,9040,9690,Lowlands
415,Arica y Parinacota,Tana,1130.0,Lowland,Aragon 1 ,S-4,E-II/Hearth 3,GaK-5967 ,Vegetal,Charcoal,4480,170,-,"P. Nuñez and Zlatar 1976, 1977-1978; Rivera 1977- 1978 ",X,,,,5580,4620,5090,Lowlands
416,Arica y Parinacota,Azapa,250.0,Lowland,"San Lorenzo, Pukara",Central mound,R-5,-,Vegetal,Charred material,790,80,-,Muñoz and Focacci 1985,X,,,,900,550,690,Lowlands
417,Arica y Parinacota,Azapa,250.0,Lowland,"San Lorenzo, Pukara",Mayor mound,Central sector ,I-12355 ,Vegetal,Charred material,1090,80,-,Muñoz 1983; Muñoz and Focacci 1985,X,,,,1180,770,950,Lowlands
418,Arica y Parinacota,Azapa,250.0,Lowland,"San Lorenzo, Pukara",Mayor mound,R-29,-,Vegetal,Charred material,1140,80,-,Muñoz and Focacci 1985,X,,,,1260,800,1010,Lowlands
419,Arica y Parinacota,Azapa,250.0,Lowland,"San Lorenzo, Pukara",-,-,I-12350 ,Vegetal,Organic material ,790,80,-,Munoz 1983 ,,X,,,900,550,690,Lowlands
420,Arica y Parinacota,Azapa,250.0,Lowland,"San Lorenzo, Pukara",-,-,I-12351 ,Vegetal,Organic material ,1090,80,-,Munoz 1983 ,,X,,,1180,770,950,Lowlands
421,Arica y Parinacota,Azapa,250.0,Lowland,"San Lorenzo, Pukara",-,-,I-12352 ,Vegetal,Organic material ,1140,80,-,Munoz 1983 ,,X,,,1260,800,1010,Lowlands
422,Arica y Parinacota,Azapa,250.0,Lowland,"San Lorenzo, Pukara",R-33,-,-,Vegetal,Charred material,1160,80,-,Muñoz and Focacci 1985,X,,,,1260,820,1030,Lowlands
423,Arica y Parinacota,Azapa,250.0,Lowland,"San Lorenzo, Pukara",Removed,-,I-11623,Human,Human soft tissue,1360,80,-,Focacci 1982,,X,,,1370,1060,1220,Lowlands
424,Arica y Parinacota,Azapa,250.0,Lowland,"San Lorenzo, Pukara",Wall base,-,-,Vegetal,Charred material,1090,90,-,Muñoz and Focacci 1985,X,,,,1180,770,950,Lowlands
425,Arica y Parinacota,Azapa,250.0,Lowland,"San Lorenzo, Pukara",-,-,I-12334 ,Vegetal,Charred material,1160,80,-,Munoz 1983 ,,X,,,1260,820,1030,Lowlands
426,Arica y Parinacota,Azapa,240.0,Lowland,Azapa 115,-,-,Beta-394140,Human,Human soft tissue,1360,30,-17.8,Muñoz 2017,,X,,,1290,1180,1230,Lowlands
427,Arica y Parinacota,Azapa,240.0,Lowland,Azapa 115,-,-,Beta-394142,Animal,Camelid fiber ,1410,30,-20.2,Muñoz 2017,,X,,,1350,1180,1290,Lowlands
428,Arica y Parinacota,Azapa,240.0,Lowland,Azapa 115,-,-,Beta-394145,Vegetal,Vegetal,1510,30,-26.2,Muñoz 2017,,X,,,1410,1310,1350,Lowlands
429,Arica y Parinacota,Azapa,240.0,Lowland,Azapa 115,-,-,Beta-394141,Vegetal,Vegetal,1530,30,-20.3,Muñoz 2017,,X,,,1420,1310,1360,Lowlands
430,Arica y Parinacota,Azapa,240.0,Lowland,Azapa 115,-,-,Beta-394144,Human,Human soft tissue,1760,30,-21.7,Muñoz 2017,,X,,,1700,1540,1630,Lowlands
431,Arica y Parinacota,Azapa,240.0,Lowland,Azapa 115,-,-,Beta-412336,Human,Human soft tissue,1790,30,-13.5,Muñoz 2017,,X,,,1730,1580,1650,Lowlands
432,Arica y Parinacota,Azapa,240.0,Lowland,Azapa 115,-,-,Beta-394143,Human,Human soft tissue,1800,30,-,Muñoz 2017,,X,,,1740,1590,1650,Lowlands
433,Arica y Parinacota,Azapa,240.0,Lowland,Azapa 115,-,-,Beta-394146,Human,Human soft tissue,1830,30,-,Muñoz 2017,,X,,,1820,1610,1710,Lowlands
434,Arica y Parinacota,Azapa,270.0,Lowland,Azapa 12,Tumu-1,E-11,Beta-302504,Vegetal,Vegetal,2340,60,-,Muñoz et al. 2014,,X,,,2660,2130,2260,Lowlands
435,Arica y Parinacota,Azapa,270.0,Lowland,Azapa 12,Tumu-1,E-2,Beta-302503,Vegetal,Vegetal,2470,70,-,Muñoz et al. 2014,,X,,,2730,2340,2510,Lowlands
436,Arica y Parinacota,Azapa,3230.0,Precordillera,Zapahuira Chullpas ,Chullpa 1,Architecture,Ua-2910,Vegetal,Ichu fiber,535,95,-,Muñoz and Chacama 2006,,X,,,660,320,520,Precordillera
437,Arica y Parinacota,Azapa,3230.0,Precordillera,Zapahuira Chullpas ,Chullpa 2,Architecture,Ua-2911,Vegetal,Ichu fiber,660,60,-,Muñoz and Chacama 2006,,X,,,670,530,600,Precordillera
438,Arica y Parinacota,Azapa,3400.0,Precordillera,Chapicollo 1 ,-,-,Beta-24354 ,Vegetal,Charcoal ,2390,60,-,"Santoro C.P., in Gayó et al. 2015",X,,,,2700,2150,2390,Precordillera
439,Arica y Parinacota,Azapa,3240.0,Precordillera,"Zapahuira, Tambo ",R-17,E-4,Beta-200945,Vegetal,Charcoal ,330,50,-,Santoro et al. 2010; Gayó et al. 2015,X,,,,490,160,380,Precordillera
440,Arica y Parinacota,Azapa,3240.0,Precordillera,"Zapahuira, Tambo ",R-17,E-4,Beta-200946,Vegetal,Charcoal ,420,50,-,Santoro et al. 2010; Gayó et al. 2015,X,,,,510,320,430,Precordillera
441,Arica y Parinacota,Azapa,3240.0,Precordillera,"Zapahuira, Tambo ",R-2,E-3,Beta-189245,Vegetal,Charcoal ,290,50,-,Santoro et al. 2010; Gayó et al. 2015,X,,,,460,140,310,Precordillera
442,Arica y Parinacota,Azapa,3240.0,Precordillera,"Zapahuira, Tambo ",R-2,E-6,Beta-189246,Vegetal,Charcoal ,590,50,-,Santoro et al. 2010; Gayó et al. 2015,X,,,,650,500,550,Precordillera
443,Arica y Parinacota,Azapa,280.0,Lowland,Azapa 140,T-100,-,Beta-78631 ,Animal,Camelid fiber textile ,530,50,-,"Cassman and Arriaza 1997, in Sutter 2005 ",,X,,,630,460,520,Lowlands
444,Arica y Parinacota,Azapa,280.0,Lowland,Azapa 140,T-101,-,Beta-78968 ,Animal,Camelid fiber textile ,690,60,-,"Cassman and Arriaza 1997, in Sutter 2005 ",,X,,,710,540,610,Lowlands
445,Arica y Parinacota,Azapa,280.0,Lowland,Azapa 140,T-105,-,I-12336 ,Human,human soft tissue ,980,80,-,Munoz 1983 ,,X,,,960,680,840,Lowlands
446,Arica y Parinacota,Azapa,280.0,Lowland,Azapa 140,T-118,-,Beta-78969 ,Animal,Camelid fiber textile ,820,60,-,"Cassman and Arriaza 1997, in Sutter 2005 ",,X,,,880,570,710,Lowlands
447,Arica y Parinacota,Azapa,280.0,Lowland,Azapa 140,T-122,-,Beta-78632 ,Animal,Camelid fiber textile ,690,60,-,"Cassman and Arriaza 1997, in Sutter 2005 ",,X,,,710,540,610,Lowlands
448,Arica y Parinacota,Azapa,280.0,Lowland,Azapa 140,T-127,-,Beta-78633 ,Animal,Camelid fiber textile ,880,70,-,"Cassman and Arriaza 1997, in Sutter 2005 ",,X,,,910,670,760,Lowlands
449,Arica y Parinacota,Azapa,280.0,Lowland,Azapa 140,T-128,-,Beta-78965 ,Animal,Camelid fiber textile ,800,70,-,"Cassman and Arriaza 1997, in Sutter 2005 ",,X,,,880,560,690,Lowlands
450,Arica y Parinacota,Azapa,280.0,Lowland,Azapa 140,T-16,-,Beta-78966 ,Animal,Camelid fiber textile ,740,60,-,"Cassman and Arriaza 1997, in Sutter 2005 ",,X,,,730,560,640,Lowlands
451,Arica y Parinacota,Azapa,280.0,Lowland,Azapa 140,T-23,-,I-12349 ,Human,human soft tissue ,980,80,-,Munoz 1983 ,,X,,,960,680,840,Lowlands
452,Arica y Parinacota,Azapa,280.0,Lowland,Azapa 140,T-24B,-,Beta-78964 ,Animal,Camelid fiber textile ,740,60,-,"Cassman and Arriaza 1997, in Sutter 2005 ",,X,,,730,560,640,Lowlands
453,Arica y Parinacota,Azapa,280.0,Lowland,Azapa 140,T-28,-,Beta-78628,Animal,Camelid fiber textile ,560,50,-,"Cassman 1997, in Korpisari et al. 2014",,X,,,630,490,540,Lowlands
454,Arica y Parinacota,Azapa,280.0,Lowland,Azapa 140,T-36 ,-,I-12337 ,Human,Human soft tissue,1000,80,-,Munoz 1983 ,,X,,,1050,690,860,Lowlands
455,Arica y Parinacota,Azapa,280.0,Lowland,Azapa 140,T-44,-,Beta-78967 ,Animal,Camelid fiber textile ,500,60,-,"Cassman and Arriaza 1997, in Sutter 2005 ",,X,,,630,330,500,Lowlands
456,Arica y Parinacota,Azapa,280.0,Lowland,Azapa 140,T-56,-,Beta-78629 ,Animal,Camelid fiber textile ,740,70,-,"Cassman 1997, in Korpisari et al. 2014",,X,,,740,550,640,Lowlands
457,Arica y Parinacota,Azapa,280.0,Lowland,Azapa 140,T-6,-,Beta-78627 ,Animal,Camelid fiber textile ,450,50,-,Cassman 1997 in Gayó et al. 2015,,X,,,530,320,460,Lowlands
458,Arica y Parinacota,Azapa,280.0,Lowland,Azapa 140,T-71,-,Beta-78630 ,Animal,Camelid fiber textile ,670,60,-,"Cassman and Arriaza 1997, in Sutter 2005 ",,X,,,670,530,600,Lowlands
459,Arica y Parinacota,Azapa,280.0,Lowland,Azapa 140,T-75,-,I-12348 ,Human,human soft tissue ,1190,80,-,Munoz 1983 ,,X,,,1270,920,1060,Lowlands
460,Arica y Parinacota,Azapa,280.0,Lowland,Azapa 140,T-XPB2A,-,I-12335 ,Human,human soft tissue ,1070,80,-,Munoz 1983 ,,X,,,1180,740,930,Lowlands
461,Arica y Parinacota,Azapa,600.0,Lowland,Azapa 141,-,-,I-13779 ,Human,Human soft tissue,570,80,-,Standen C.P. in Gayó et al. 2015,,X,,,660,340,550,Lowlands
462,Arica y Parinacota,Azapa,600.0,Lowland,Azapa 141,T-20,-,Hela-3333,Vegetal,Vegetal,819,34,-26.4,Korpisaari et al. 2014,,X,,,760,660,700,Lowlands
463,Arica y Parinacota,Azapa,600.0,Lowland,Azapa 141,T-24,-,I-13780 ,Vegetal,Charcoal,930,80,-,Standen C.P. in Gayó et al. 2015,,X,,,930,670,800,Lowlands
464,Arica y Parinacota,Azapa,600.0,Lowland,Azapa 141,T-47,-,-,Human,Human soft tissue,980,80,-,"Sutter 2005, in Korpisaari et al. 2014",,X,,,960,680,840,Lowlands
465,Arica y Parinacota,Azapa,600.0,Lowland,Azapa 141,T-48,-,Hela-3134,Vegetal,Basketry ,939,35,-23.9,Korpisaari et al. 2014,,X,,,910,730,800,Lowlands
466,Arica y Parinacota,Azapa,600.0,Lowland,Azapa 141,T-52,-,I-14093,Human,Human soft tissue,870,80,-,"Sutter 2005, in Korpisaari et al. 2014",,X,,,920,580,750,Lowlands
467,Arica y Parinacota,Azapa,300.0,Lowland,Azapa 143,M-1,-,Hela-3179,Textile,Textile,1117,32,-20.3,Korpisaari et al. 2014,,X,,,1060,930,980,Lowlands
468,Arica y Parinacota,Azapa,300.0,Lowland,Azapa 143,M-2,-,Hela-3157,Textile,Textile,877,28,-19.4,Korpisaari et al. 2014,,X,,,790,680,740,Lowlands
469,Arica y Parinacota,Azapa,300.0,Lowland,Azapa 143,T-2A,-,Beta-412337,Human,Human soft tissue,830,30,-14.4,Muñoz 2019,,X,,,760,670,700,Lowlands
470,Arica y Parinacota,Azapa,430.0,Lowland,Las Riveras,T-1,-,Beta-412339,Human,Human soft tissue,1040,30,-15.8,Muñoz 2019,,X,,,960,800,900,Lowlands
471,Arica y Parinacota,Azapa,320.0,Lowland,Azapa 146,T-2,-,Beta-189247,Human,Human soft tissue,2110,60,-,Standen et al. 2009,,X,,,2300,1890,2040,Lowlands
472,Arica y Parinacota,Azapa,150.0,Lowland,Azapa 148,Tumu-1,E-2,Beta-302505,Vegetal,Vegetal,2370,40,-,Muñoz et al. 2014,,X,,,2490,2150,2340,Lowlands
473,Arica y Parinacota,Azapa,150.0,Lowland,Azapa 148,Tumu-1,E-8,Beta-302506,Vegetal,Vegetal,2500,60,-,Muñoz et al. 2014,,X,,,2720,2360,2540,Lowlands
474,Arica y Parinacota,Azapa,180.0,Lowland,Azapa 17,Tumu-1,E-6,Beta-302510,Vegetal,Vegetal,2270,50,-,Muñoz et al. 2014,,X,,,2340,2110,2230,Lowlands
475,Arica y Parinacota,Azapa,180.0,Lowland,Azapa 17,Tumu-1,E-5,Beta-302507,Vegetal,Vegetal,2300,60,-,Muñoz et al. 2014,,X,,,2410,2100,2230,Lowlands
476,Arica y Parinacota,Azapa,180.0,Lowland,Azapa 17,Tumu-1,E-1 ,Beta-302511,Vegetal,Vegetal,2320,40,-,Muñoz et al. 2014,,X,,,2360,2140,2230,Lowlands
477,Arica y Parinacota,Azapa,80.0,Coast,Azapa 24,Tumu-1,E-1,Beta-279616,Vegetal,Vegetal,2200,40,-,Muñoz et al. 2014,,X,,,2320,2010,2140,Coast
478,Arica y Parinacota,Azapa,80.0,Coast,Azapa 24,Tumu-1,E-5,Beta-279617,Vegetal,Vegetal,2230,40,-,Muñoz et al. 2014,,X,,,2330,2090,2230,Coast
479,Arica y Parinacota,Azapa,3240.0,Precordillera,"Zapahuira, Collcas",R-6,Architecture,Ua-2912,Vegetal,Ichu fiber,435,105,-,"Paarsinen 2003, In Muñoz and Chacama 2006; Romero et al. 2008",X,,,,650,140,410,Precordillera
480,Arica y Parinacota,Azapa,3180.0,Precordillera,Ancopachane,Chullpa,Architecture,Beta-420806,Vegetal,Vegetal,320,30,-24.8,Saintenoy et al. 2019,,X,,,450,290,380,Precordillera
481,Arica y Parinacota,Azapa,3170.0,Precordillera,Chajpa ,-,-,-,Vegetal,Charcoal ,480,60,-,Dauelsberg 1983; Gayó et al. 2015,X,,,,550,320,480,Precordillera
482,Arica y Parinacota,Azapa,3170.0,Precordillera,Ancopachane,-,-,-,Vegetal,Charcoal ,520,70,-,Dauelsberg 1983; Gayó et al. 2015,X,,,,640,330,510,Precordillera
483,Arica y Parinacota,Azapa,3180.0,Precordillera,Ancopachane,R-155,Ocupational,Beta-420804,Vegetal,Charcoal,360,30,-22.5,Saintenoy et al. 2019,X,,,,470,310,390,Precordillera
484,Arica y Parinacota,Azapa,3180.0,Precordillera,Ancopachane,R-161,Ocupational,Beta-420805,Vegetal,Charcoal,240,30,-23.0,Saintenoy et al. 2019,X,,,,310,140,200,Precordillera
485,Arica y Parinacota,Azapa,1490.0,Lowland,Achuyo,EA-115,E-2/N-5,UCIAMS-232621,Vegetal,Maize ,560,15,-,Mendez-Quiros et al. 2022,X,,,,550,510,530,Lowlands
486,Arica y Parinacota,Azapa,1490.0,Lowland,Achuyo,EA-115,E-5/N-8,UCIAMS-235987,Vegetal,Maize ,690,15,-,Mendez-Quiros et al. 2022,X,,,,660,560,600,Lowlands
487,Arica y Parinacota,Azapa,1490.0,Lowland,Achuyo,EA-151,E-5/N-7,UCIAMS-236288,Vegetal,Maize ,610,15,-,Mendez-Quiros et al. 2022,X,,,,630,540,560,Lowlands
488,Arica y Parinacota,Azapa,1490.0,Lowland,Achuyo,EA-75,Architecture,UCIAMS-232619,Vegetal,Maize ,695,15,-,Mendez-Quiros et al. 2022,X,,,,660,560,600,Lowlands
489,Arica y Parinacota,Azapa,1490.0,Lowland,Achuyo,EA-99,E-5/N-9,UCIAMS-232620,Vegetal,Branch,610,15,-,Mendez-Quiros et al. 2022,X,,,,630,540,560,Lowlands
490,Arica y Parinacota,Azapa,300.0,Lowland,Azapa 6,-,-,Beta-226815 ,Human,Human hair & skin? ,990,40,-,"Arriaza 2007, in Gayó et al. 2015",,X,,,930,770,850,Lowlands
491,Arica y Parinacota,Azapa,300.0,Lowland,Azapa 6,T-102,-,Hela-3184,Vegetal,Basketry ,924,28,-25.6,Korpisaari et al. 2014,,X,,,900,730,780,Lowlands
492,Arica y Parinacota,Azapa,300.0,Lowland,Azapa 6,T-121,-,Hela-3185,Vegetal,Basketry ,877,29,-25.5,Korpisaari et al. 2014,,X,,,790,680,740,Lowlands
493,Arica y Parinacota,Azapa,300.0,Lowland,Azapa 6,T-127,-,GAK-5817,Textile,Textile,1220,80,-,Focacci 1982,,X,,,1270,930,1090,Lowlands
494,Arica y Parinacota,Azapa,300.0,Lowland,Azapa 6,T-141,-,I-11622,Vegetal,Maize and sweet potato,715,130,-,Focacci 1982,,X,,,910,490,640,Lowlands
495,Arica y Parinacota,Azapa,300.0,Lowland,Azapa 6,T-141,-,I-11625,Vegetal,Coca,910,145,-,Focacci 1982,,X,,,1060,560,800,Lowlands
496,Arica y Parinacota,Azapa,300.0,Lowland,Azapa 6,T-163,-,Hela-3142,Vegetal,Wood,918,29,-22.5,Korpisaari et al. 2014,,X,,,900,720,770,Lowlands
497,Arica y Parinacota,Azapa,300.0,Lowland,Azapa 6,T-202,-,Hela-3143,Textile,Textile,636,30,-10.9,Korpisaari et al. 2014,,X,,,650,540,610,Lowlands
498,Arica y Parinacota,Azapa,300.0,Lowland,Azapa 6,T-25,-,GAK-5816,Vegetal,Sweet potato,1570,65,-,Focacci 1982,,X,,,1560,1300,1420,Lowlands
499,Arica y Parinacota,Azapa,300.0,Lowland,Azapa 6,T-34,-,Hela-3182,Vegetal,Basketry ,881,28,-24.8,Korpisaari et al. 2014,,X,,,790,680,740,Lowlands
500,Arica y Parinacota,Azapa,300.0,Lowland,Azapa 6,T-6,-,Hela-3180,Vegetal,Basketry ,926,29,-24.2,Korpisaari et al. 2014,,X,,,910,730,780,Lowlands
501,Arica y Parinacota,Azapa,300.0,Lowland,Azapa 6,T-66,-,Hela-3183,Vegetal,Basketry ,890,28,-26.7,Korpisaari et al. 2014,,X,,,880,680,750,Lowlands
502,Arica y Parinacota,Azapa,300.0,Lowland,Azapa 6,T-7,-,Hela-3181,Vegetal,Basketry ,782,28,-24.4,Korpisaari et al. 2014,,X,,,730,570,680,Lowlands
503,Arica y Parinacota,Azapa,320.0,Lowland,Azapa 67,Tumu-1,E-13,Beta-279622,Vegetal,Vegetal,2320,50,-,Muñoz et al. 2014,,X,,,2400,2130,2230,Lowlands
504,Arica y Parinacota,Azapa,320.0,Lowland,Azapa 67,Tumu-1,E-5,Beta-279621,Vegetal,Vegetal,2840,50,-,Muñoz et al. 2014,,X,,,3060,2780,2910,Lowlands
505,Arica y Parinacota,Azapa,320.0,Lowland,Azapa 67,Tumu-2,T-1,Beta-,Animal,Camelid fiber textile ,2220,40,-,Muñoz et al. 2014,,X,,,2330,2060,2210,Lowlands
506,Arica y Parinacota,Azapa,320.0,Lowland,Azapa 67,Tumu-2,T-2,Beta-,Human,Human hair,2290,40,-,Muñoz et al. 2014,,X,,,2350,2140,2230,Lowlands
507,Arica y Parinacota,Azapa,200.0,Lowland,Azapa 70,Tumu-1,T-10,GAK-5818,Vegetal,Manioc,2440,100,-,Muñoz 1981; Rivera 1994,,X,,,2740,2150,2470,Lowlands
508,Arica y Parinacota,Azapa,200.0,Lowland,Azapa 70,Tumu-7,T-5,-,Human,Human soft tissue,2285,80,-,"Muñoz 1995-1996, in Muñoz and Fernandez 2014",,X,,,2460,2010,2230,Lowlands
509,Arica y Parinacota,Azapa,200.0,Lowland,Azapa 70,Tumu-7,T-8,-,Textile,Textile,2415,75,-,"Muñoz 1995-1996, in Muñoz and Fernandez 2014",,X,,,2720,2150,2440,Lowlands
510,Arica y Parinacota,Azapa,280.0,Lowland,Azapa 71,T-332,-,Beta-78963 ,Animal,Camelid fiber textile ,490,60,-,"Cassman 1997, in Gayó et al. 2015",,X,,,620,320,500,Lowlands
511,Arica y Parinacota,Azapa,250.0,Lowland,Azapa 71a,T-72,-,Hela-3131,Vegetal,Basketry ,563,35,-23.4,Korpisaari et al. 2014,,X,,,630,500,530,Lowlands
512,Arica y Parinacota,Azapa,250.0,Lowland,Azapa 71a,T-1,-,Hela-3130,Vegetal,Basketry ,637,37,-23,Korpisaari et al. 2014,,X,,,650,530,600,Lowlands
513,Arica y Parinacota,Azapa,280.0,Lowland,Azapa 71,T-21,-,Beta-78953 ,Animal,Camelid fiber textile ,650,60,-,"Cassman and Arriaza 1997, in Sutter 2005 ",,X,,,670,530,600,Lowlands
514,Arica y Parinacota,Azapa,280.0,Lowland,Azapa 71,T-228,-,Beta-78960 ,Animal,Camelid fiber textile ,660,70,-,"Cassman 1997, in Gayó et al. 2015",,X,,,680,510,600,Lowlands
515,Arica y Parinacota,Azapa,280.0,Lowland,Azapa 71,T-112A,-,Beta-78955 ,Animal,Camelid fiber textile ,670,50,-,"Cassman and Arriaza 1997, in Sutter 2005 ",,X,,,670,540,600,Lowlands
516,Arica y Parinacota,Azapa,280.0,Lowland,Azapa 71,T-169,-,Beta-78957 ,Animal,Camelid fiber textile ,680,60,-,"Cassman and Arriaza 1997, in Sutter 2005 ",,X,,,680,530,610,Lowlands
517,Arica y Parinacota,Azapa,280.0,Lowland,Azapa 71,T-480,-,I-11641,Human,Human soft tissue,695,75,-,Focacci 1982,,X,,,720,530,610,Lowlands
518,Arica y Parinacota,Azapa,250.0,Lowland,Azapa 71a,T-24,-,Hela-3129,Vegetal,Basketry ,759,35,-24.7,Korpisaari et al. 2014,,X,,,720,570,660,Lowlands
519,Arica y Parinacota,Azapa,280.0,Lowland,Azapa 71,T-235A,-,I-11185 ,Human,Human soft tissue,760,75,-,"Cassman 1997, in Korpisari et al. 2014",,X,,,770,550,660,Lowlands
520,Arica y Parinacota,Azapa,280.0,Lowland,Azapa 71,-,-,I-11621,Vegetal,Atriplex,765,75,-,Focacci 1982,,X,,,790,550,660,Lowlands
521,Arica y Parinacota,Azapa,280.0,Lowland,Azapa 71,T-1,-,I-11447,Human,Human soft tissue,780,75,-,Focacci 1982,,X,,,790,560,680,Lowlands
522,Arica y Parinacota,Azapa,280.0,Lowland,Azapa 71,T-214,-,Beta-78952 ,Animal,Camelid fiber textile ,800,70,-,"Cassman and Arriaza 1997, in Sutter 2005 ",,X,,,880,560,690,Lowlands
523,Arica y Parinacota,Azapa,280.0,Lowland,Azapa 71,T-287A,-,Beta-80634 ,Animal,Camelid fiber textile ,810,70,-,"Cassman 1997, in Korpisari et al. 2014",,X,,,900,560,700,Lowlands
524,Arica y Parinacota,Azapa,280.0,Lowland,Azapa 71,T-187,-,Beta-78959 ,Animal,Camelid fiber textile ,820,40,-,"Cassman and Arriaza 1997, in Sutter 2005 ",,X,,,770,660,700,Lowlands
525,Arica y Parinacota,Azapa,280.0,Lowland,Azapa 71,T-147,-,Beta-77222 ,Animal,Camelid fiber textile ,830,50,-,"Cassman 1997, in Gayó et al. 2015",,X,,,800,580,710,Lowlands
526,Arica y Parinacota,Azapa,280.0,Lowland,Azapa 71,T-173C,-,Beta-77223 ,Animal,Camelid fiber textile ,850,40,-,"Cassman 1997, in Gayó et al. 2015",,X,,,790,670,720,Lowlands
527,Arica y Parinacota,Azapa,280.0,Lowland,Azapa 71,T-174,-,Beta-78958 ,Animal,Camelid fiber textile ,850,50,-,"Cassman and Arriaza 1997, in Sutter 2005 ",,X,,,900,660,720,Lowlands
528,Arica y Parinacota,Azapa,280.0,Lowland,Azapa 71,T-242,-,Beta-78961 ,Animal,Camelid fiber textile ,850,60,-,"Cassman 1997, in Gayó et al. 2015",,X,,,900,570,730,Lowlands
529,Arica y Parinacota,Azapa,280.0,Lowland,Azapa 71,T-99B,-,Beta-78954 ,Animal,Camelid fiber textile ,850,50,-,"Cassman and Arriaza 1997, in Sutter 2005 ",,X,,,900,660,720,Lowlands
530,Arica y Parinacota,Azapa,280.0,Lowland,Azapa 71,T-245,-,Beta-78962 ,Animal,Camelid fiber textile ,860,70,-,"Cassman 1997, in Gayó et al. 2015",,X,,,910,580,740,Lowlands
531,Arica y Parinacota,Azapa,250.0,Lowland,Azapa 71a,T-130,-,Hela-3132,Vegetal,Basketry ,898,34,-24.6,Korpisaari et al. 2014,,X,,,900,680,760,Lowlands
532,Arica y Parinacota,Azapa,280.0,Lowland,Azapa 71,T-3,-,I-11446,Human,Human soft tissue,1000,75,-,Focacci 1982,,X,,,1050,730,860,Lowlands
533,Arica y Parinacota,Azapa,280.0,Lowland,Azapa 71,T-140,-,Beta-78956 ,Animal,Camelid fiber textile ,1010,80,-,"Cassman and Arriaza 1997, in Sutter 2005 ",,X,,,1060,730,860,Lowlands
534,Arica y Parinacota,Azapa,280.0,Lowland,Azapa 71,T-317,-,I-10857 ,Human,Human soft tissue,2560,85,-,Santoro 1980a ,,X,,,2760,2360,2580,Lowlands
535,Arica y Parinacota,Azapa,280.0,Lowland,Azapa 71,T-311,-,I-10858,Human,Human soft tissue,2605,85,-,Santoro 1980a; Gayó et al. 2015,,X,,,2850,2360,2620,Lowlands
536,Arica y Parinacota,Azapa,280.0,Lowland,Azapa 71,T-299,-,I-10860,Human,Human soft tissue,2660,85,-,Santoro 1980a; Gayó et al. 2015,,X,,,2940,2430,2730,Lowlands
537,Arica y Parinacota,Azapa,280.0,Lowland,Azapa 71,T-295,-,I-10859,Human,Human soft tissue,2685,85,-,Santoro 1980a; Gayó et al. 2015,,X,,,2990,2470,2770,Lowlands
538,Arica y Parinacota,Azapa,280.0,Lowland,Azapa 71,T-75,-,I-10856,Human,Human soft tissue,2855,85,-,Santoro 1980a; Gayó et al. 2015,,X,,,3160,2760,2940,Lowlands
539,Arica y Parinacota,Azapa,280.0,Lowland,Azapa 71,T-79,-,GAK-7404,Human,Human soft tissue,2940,150,-,Santoro 1980b,,X,,,3400,2750,3060,Lowlands
540,Arica y Parinacota,Azapa,280.0,Lowland,Azapa 71,-,-,I-11860,Vegetal,Charcoal,3350,95,-,Rivera 1994; Gayó et al. 2015,,X,,,3830,3360,3550,Lowlands
541,Arica y Parinacota,Azapa,280.0,Lowland,Azapa 71,-,-,I-11186 ,Vegetal,Charcoal ,3350,95,-,Santoro 1981; Gayó et al. 2015 ,,X,,,3830,3360,3550,Lowlands
542,Arica y Parinacota,Azapa,310.0,Lowland,Azapa 75,-,-,I-13781 ,Human,Human soft tissue,1190,80,-,Rivera 1994,,X,,,1270,920,1060,Lowlands
543,Arica y Parinacota,Azapa,310.0,Lowland,Azapa 75,-,-,-,Animal,Camelid fiber textile ,1280,265,-,"Munoz 1996, in Gayó et al. 2015",,X,,,1700,670,1160,Lowlands
544,Arica y Parinacota,Azapa,310.0,Lowland,Azapa 75,-,-,-,Human,Human hair,1635,80,-,"Munoz 1996, in Gayó et al. 2015",,X,,,1700,1310,1480,Lowlands
545,Arica y Parinacota,Azapa,310.0,Lowland,Azapa 75,T-103,-,GX-18254,Human,Human soft tissue,1570,220,-,Aufderheide et al. 2002,,X,,,1930,960,1450,Lowlands
546,Arica y Parinacota,Azapa,310.0,Lowland,Azapa 75,T-133,-,GX-18255,Human,Human soft tissue,2005,220,-,Aufderheide et al. 2002,,X,,,2490,1380,1930,Lowlands
547,Arica y Parinacota,Azapa,310.0,Lowland,Azapa 75,T-36 ,-,I-13782 ,Human,Human soft tissue,1390,80,-,"Allison C.P., in Gayó et al. 2015",,X,,,1400,1070,1250,Lowlands
548,Arica y Parinacota,Azapa,310.0,Lowland,Azapa 75,T-46,-,GX-18253,Human,Human soft tissue,2290,240,-,Aufderheide et al. 2002,,X,,,2850,1710,2280,Lowlands
549,Arica y Parinacota,Azapa,270.0,Lowland,Azapa 8,M-10,-,UCLA-1294b,Textile,Textile,280,80,-,"Montane 1965, in Nuñez 1976",,X,,,490,...,290,Lowlands
550,Arica y Parinacota,Azapa,270.0,Lowland,Azapa 8,M-27,-,UCLA-1294c,Vegetal,Reed,580,80,-,"Montane 1965, in Nuñez 1976",,X,,,670,340,550,Lowlands
551,Arica y Parinacota,Azapa,270.0,Lowland,Azapa 8,M-27,-,UCLA-1294e,Vegetal,Vegetal,610,80,-,"Espoueys 1965, in Nuñez 1976",,X,,,680,490,580,Lowlands
552,Arica y Parinacota,Azapa,270.0,Lowland,Azapa 8,M-42,-,UCLA-1294d,Textile,Textile,810,80,-,"Espoueys 1965, in Nuñez 1976",,X,,,900,560,700,Lowlands
553,Arica y Parinacota,Azapa,270.0,Lowland,Azapa 8,M-45,-,UCLA-1294a,Vegetal,Vegetal,680,80,-,"Espoueys 1965, in Nuñez 1976",,X,,,720,520,610,Lowlands
554,Arica y Parinacota,Azapa,200.0,Lowland,Azapa 80,Tumu-1,E-2,Beta-302508,Vegetal,Vegetal,2230,40,-,Muñoz et al. 2014,,X,,,2330,2090,2230,Lowlands
555,Arica y Parinacota,Azapa,200.0,Lowland,Azapa 80,Tumu-1,E-8,Beta-302509,Vegetal,Vegetal,2390,40,-,Muñoz et al. 2014,,X,,,2690,2150,2370,Lowlands
556,Arica y Parinacota,Azapa,250.0,Lowland,Azapa 83,AN-31W,Lower hearth,GAK-5809,Vegetal,Charcoal,1390,110,-,Rivera 1987,X,,,,1510,980,1240,Lowlands
557,Arica y Parinacota,Azapa,250.0,Lowland,Azapa 83,BN-31W,Intermediate hearth,GAK-5810,Vegetal,Charcoal,1190,70,-,Rivera 1987,X,,,,1260,930,1060,Lowlands
558,Arica y Parinacota,Azapa,200.0,Lowland,Azapa 84(14),T-10,-,GAK-7402,Human,Human soft tissue,2510,130,-,Santoro 1980b,,X,,,2850,2150,2540,Lowlands
559,Arica y Parinacota,Azapa,200.0,Lowland,Azapa 84(14),T-2,-,GAK-5815,Vegetal,Wood,2360,90,-,Rivera 1987,,X,,,2710,2120,2340,Lowlands
560,Arica y Parinacota,Azapa,200.0,Lowland,Azapa 84(14),T-55,-,GAK-7403,Human,Human soft tissue,2640,110,-,Santoro 1980b,,X,,,2930,2360,2680,Lowlands
561,Arica y Parinacota,Camarones,110.0,Coast,"Camarones Norte, desembocadura",-,-,I-11429,Vegetal,Charcoal,4335,125,-,Schiappacasse and Niemeyer 1989; Gayó et al. 2015,X,,,,5290,4530,4890,Coast
562,Arica y Parinacota,Camarones,40.0,Coast,Camarones 14,B1,(56 cm),I-9999,Vegetal,Charcoal,7420,225,-,"Schiappacasse and Niemeyer 1984, in Standen and Santoro 2004",X,,,,8640,7710,8200,Coast
563,Arica y Parinacota,Camarones,40.0,Coast,Camarones 14,B2,E-D (75 cm),I-9816,Vegetal,Charcoal,6615,390,-,Rivera and Rothammer 1986,X,,,,8300,6630,7450,Coast
564,Arica y Parinacota,Camarones,40.0,Coast,Camarones 14,F4,(37 cm),I-9817,Vegetal,Charcoal,6650,155,-,Rivera and Rothammer 1986,X,,,,7790,7170,7500,Coast
565,Arica y Parinacota,Camarones,40.0,Coast,Camarones 14,T-21,-,I-11431,Human,Human soft tissue,7000,135,-,"Schiappacasse and Niemeyer 1984, in Standen and Santoro 2004",,X,,,8030,7520,7800,Coast
566,Arica y Parinacota,Camarones,60.0,Coast,Camarones 9 ,-,-,I-14094 ,Animal,Camelid fiber textile ,570,80,-,"Allison C.P., in Gayó et al. 2015",,X,,,660,340,550,Coast
567,Arica y Parinacota,Camarones,60.0,Coast,Camarones 9 ,-,-,I-14095 ,Animal,Camelid fiber textile ,630,80,-,"Allison C.P., in Gayó et al. 2015",,X,,,680,500,590,Coast
568,Arica y Parinacota,Camarones,60.0,Coast,Camarones 9 ,T-15,-,Beta-226518 ,Vegetal,wood ,550,40,-,"Catalan 2007 ms., in Gayó et al. 2015",,X,,,630,500,530,Coast
569,Arica y Parinacota,Camarones,60.0,Coast,Camarones 9 ,T-20,-,Beta-226519 ,Vegetal,wood ,270,40,-,"Catalan 2007 ms., in Gayó et al. 2015",,X,,,440,140,280,Coast
570,Arica y Parinacota,Camarones,60.0,Coast,Camarones 9 ,T-22,-,Beta-226520 ,Vegetal,wood ,300,70,-,"Catalan 2007 ms., in Gayó et al. 2015",,X,,,500,...,320,Coast
571,Arica y Parinacota,Camarones,100.0,Coast,Camarones 15A,T-B3,-,Beta-23400,-,-,2840,110,-,Rivera 1994,,X,,,3230,2730,2940,Coast
572,Arica y Parinacota,Camarones,100.0,Coast,Camarones 15B,T-U2,-,GX-18257,Human,Human soft tissue,2915,70,-,Rivera 1994; Gayó et al. 2015,,X,,,3220,2790,3010,Coast
573,Arica y Parinacota,Camarones,100.0,Coast,Camarones 15D,T-23,-,GX-18258,Human,Human soft tissue,4010,75,-19.8,Rivera et al. 2008,,X,,,4800,4160,4440,Coast
574,Arica y Parinacota,Camarones,100.0,Coast,Camarones 15D,T-3,-,RL-2054,Human,Human soft tissue,3650,200,-,"Shea and Rivera 1994, in Rivera 1994",,X,,,4520,3450,3950,Coast
575,Arica y Parinacota,Camarones,100.0,Coast,Camarones 15D,T-6,-,GX-18256,Human,Human soft tissue,4240,145,-17.7,Rivera et al. 2008,,X,,,5290,4360,4730,Coast
576,Arica y Parinacota,Camarones,100.0,Coast,Camarones 15E,-,-,GAK-5813,Vegetal,Wood,3060,100,-,Rivera and Rothammer 1986,,X,,,3450,2940,3200,Coast
577,Arica y Parinacota,Camarones,70.0,Coast,Camarones 17,T-1,C-3,GX-15080,Vegetal,Wood Stick,6780,110,-,Aufderheide et al. 1993,,X,,,7830,7430,7610,Coast
578,Arica y Parinacota,Camarones,70.0,Coast,Camarones 17,T-1,C-4,GX-15081,Vegetal,Wood Stick,6930,140,-,Aufderheide et al. 1993,,X,,,8010,7510,7740,Coast
579,Arica y Parinacota,Camarones,,Coast,Camarones Cave ,E-10,-,-,Vegetal,Charcoal ,4693,123,-,Arriaza et al. 2001 ,,,,,5650,4970,5370,
580,Arica y Parinacota,Camarones,,Coast,Camarones Cave ,E-10.1,-,-,Vegetal,Charcoal ,4282,95,-,Arriaza et al. 2001 ,,,,,5260,4450,4780,
581,Arica y Parinacota,Camarones,,Coast,Camarones Cave ,E-13,-,-,Vegetal,Charcoal ,4082,144,-,Arriaza et al. 2001 ,,,,,4870,4090,4540,
582,Arica y Parinacota,Camarones,,Coast,Camarones Cave ,E-15,-,-,Vegetal,Charcoal ,4510,67,-,Arriaza et al. 2001 ,,,,,5310,4880,5120,
583,Arica y Parinacota,Camarones,,Coast,Camarones Cave ,E-3,-,-,Vegetal,Charcoal ,3624,64,-,Arriaza et al. 2001 ,,,,,4090,3700,3890,
584,Arica y Parinacota,Camarones,,Coast,Camarones Cave ,E-5,-,-,Vegetal,Charcoal ,4150,73,-,Arriaza et al. 2001 ,,,,,4830,4430,4640,
585,Arica y Parinacota,Camarones,40.0,Coast,Camarones 1 ,-,-,I-11430 ,Vegetal,Charcoal ,3775,155,-,"Schiappacasse and Niemeyer 1984, in Gayó et al. 2015",,,,,4530,3650,4110,Coast
586,Arica y Parinacota,Camarones,40.0,Coast,Camarones 2 ,-,-,I-11432 ,Vegetal,Charcoal ,3815,95,-,"Schiappacasse and Niemeyer 1984, in Gayó et al. 2015",,,,,4420,3890,4160,Coast
587,Arica y Parinacota,Camarones,70.0,Coast,Camarones Punta N.,1,-,Beta-251623 ,Vegetal,Charcoal ,5680,40,-,"Rivadeneira, Marquet and Santoro C.P., in Gayó et al. 2015",,,,,6540,6310,6420,Coast
588,Arica y Parinacota,Camarones,70.0,Coast,Camarones Punta N.,Burial ,-,-,Human,Human bone colagen,6070,40,-,"Standen, Arriaza and Santoro C.P., in Gayó et al. 2015",,X,,,7150,6750,6880,Coast
589,Arica y Parinacota,Camarones,70.0,Coast,Camarones Punta N.,-,-,Gak-7130 ,Vegetal,Charcoal ,4950,210,-,"Espoueys  C.P., in Gayó et al. 2015",,,,,6200,5050,5660,Coast
590,Arica y Parinacota,Camarones,70.0,Coast,Camarones Punta N.,-,-,-,Vegetal,Charcoal ,5230,110,-,"Álvarez 1980, in Gayó et al. 2015",,,,,6270,5660,5970,Coast
591,Arica y Parinacota,Camarones,70.0,Coast,Camarones Punta N.,-,-,Beta-227238 ,Vegetal,Charcoal ,5320,50,-,"Santoro et al. 2006 Ms. C.P., in Gayó et al. 2015",,,,,6260,5930,6070,Coast
592,Arica y Parinacota,Camarones,70.0,Coast,Camarones Punta N.,-,-,Gak7131 ,Vegetal,Charcoal ,5600,150,-,"Espoueys C.P., in Gayó et al. 2015",,,,,6730,6000,6370,Coast
593,Arica y Parinacota,Camarones,70.0,Coast,Camarones Punta N.,-,-,Beta-214268 ,Vegetal,wood ,5620,40,-,"Santoro et al. 2006 Ms., in Gayó et al. 2015",,,,,6480,6290,6360,Coast
594,Arica y Parinacota,Camarones,70.0,Coast,Camarones Punta N.,-,-,Beta-227237 ,Vegetal,Charcoal ,5650,70,-,"Santoro et al. 2006 Ms., in Gayó et al. 2015",,,,,6610,6280,6400,Coast
595,Arica y Parinacota,Camarones,70.0,Coast,Camarones Punta N.,-,-,Gak-7136 ,Vegetal,Charcoal ,5670,140,-,"Espoueys C.P., in Gayó et al. 2015",,,,,6790,6030,6440,Coast
596,Arica y Parinacota,Camarones,70.0,Coast,Camarones Punta N.,-,-,Gak-7133 ,Vegetal,Charcoal ,5750,170,-,"Espoueys C.P., in Gayó et al. 2015",,,,,6950,6120,6530,Coast
597,Arica y Parinacota,Camarones,70.0,Coast,Camarones Punta N.,-,-,Gak-7134 ,Vegetal,Charcoal ,5880,160,-,"Espoueys C.P., in Gayó et al. 2015",,,,,7160,6300,6670,Coast
598,Arica y Parinacota,Camarones,70.0,Coast,Camarones Punta N.,-,-,Beta-227236 ,Vegetal,Charcoal ,5910,50,-,"Santoro et al. 2006 Ms., in Gayó et al. 2015",,,,,6850,6500,6700,Coast
599,Arica y Parinacota,Camarones,70.0,Coast,Camarones Punta N.,-,-,Gak-7137 ,Vegetal,Charcoal ,5950,130,-,"Espoueys C.P., in Gayó et al. 2015",,,,,7160,6410,6750,Coast
600,Arica y Parinacota,Camarones,70.0,Coast,Camarones Punta N.,-,-,Gak-7132 ,Vegetal,Charcoal ,6240,160,-,"Espoueys C.P., in Gayó et al. 2015",,,,,7430,6680,7080,Coast
601,Arica y Parinacota,Camarones,70.0,Coast,Camarones Punta N.,-,-,-,Vegetal,Charcoal ,6270,40,-,Standen et al. 2018; Gayó et al. 2015,,X,,,7260,7000,7120,Coast
602,Arica y Parinacota,Camarones,70.0,Coast,Camarones Punta N.,-,-,Beta-227235 ,Vegetal,Charcoal ,6550,50,-,"Santoro et al. 2006 Ms., in Gayó et al. 2015",,,,,7570,7310,7420,Coast
603,Arica y Parinacota,Camarones,70.0,Coast,Camarones Punta N.,T-3,-,Beta-251624 ,Vegetal,Charcoal ,6390,40,-,"Rivadeneira, Marquet & Santoro C.P., in Gayó et al. 2015",,X,,,7420,7170,7280,Coast
604,Arica y Parinacota,Camarones,70.0,Coast,Camarones Punta N.,T-5,-,Beta-251625 ,Vegetal,Charcoal ,6900,50,-,"Rivadeneira, Marquet & Santoro C.P., in Gayó et al. 2015",,X,,,7830,7590,7700,Coast
605,Arica y Parinacota,Camarones,850.0,Lowland,"Camarones Sur, aldea",-,-,I-5610,Vegetal,Charcoal,680,80,-,"Niemeyer, Solimano and Schiapacasse C.P., in Rivera 1976",X,,,,720,520,610,Lowlands
606,Arica y Parinacota,Camarones,30.0,Coast,Camarones Sur,E-17,-,GAK-8645,-,-,5640,160,-,Rivera 1991,X,,,,6780,6000,6410,Coast
607,Arica y Parinacota,Camarones,30.0,Coast,Camarones Sur,E-6,-,GAK-8644,-,-,1050,110,-,"Rivera 1984, in Rivera 1994",X,,,,1180,690,910,Coast
608,Arica y Parinacota,Camarones,30.0,Coast,Camarones Sur,E-8/9,-,RL-2055,-,-,3060,380,-,Rivera 1991,X,,,,4290,2180,3230,Coast
609,Arica y Parinacota,Azapa,50.0,Coast,La Capilla 1,Burial asociated,-,Beta-286650,Vegetal,Vegetal fiber,3340,40,-,Oyaneder et al. 2014,,X,,,3680,3410,3520,Coast
610,Arica y Parinacota,Azapa,50.0,Coast,La Capilla 1,U-2,E-III/N-6,Beta-319880,Vegetal,Vegetal fiber,3270,30,-,Oyaneder et al. 2014,X,,,,3560,3370,3440,Coast
611,Arica y Parinacota,Azapa,50.0,Coast,La Capilla 1,U-3,E-III/N-4,Beta-319881,Vegetal,Vegetal fiber,2970,30,-,Oyaneder et al. 2014,X,,,,3210,2960,3090,Coast
612,Arica y Parinacota,Azapa,50.0,Coast,La Capilla 1,U-3,E-III/N-3,Beta-319882,Vegetal,Vegetal fiber,3080,30,-,Oyaneder et al. 2014,X,,,,3360,3080,3250,Coast
613,Arica y Parinacota,Azapa,50.0,Coast,La Capilla 1,U-4,E-4 sup.,GAK-8777 ,Human,Human bone colagen,2790,140,-,Muñoz 2013; Munoz 1982 ,,X,,,3330,2490,2890,Coast
614,Arica y Parinacota,Azapa,50.0,Coast,La Capilla 1,U-4,E-4,I-11642,Human,Human bone colagen,3450,90,-,Muñoz 2013,,X,,,3900,3450,3660,Coast
615,Arica y Parinacota,Azapa,50.0,Coast,La Capilla 1,U-4,E-4 base,GAK-8778 ,Human,Human bone colagen,3670,160,-,Muñoz 2013; Munoz 1982 ,,X,,,4420,3500,3970,Coast
616,Arica y Parinacota,Azapa,60.0,Coast,La Capilla 4 ,-,-,GAK-8779 ,Vegetal,Charcoal,690,100,-,Munoz 1982 ,X,,,,770,500,620,Coast
617,Arica y Parinacota,Azapa,60.0,Coast,La Capilla 4 ,-,-,GAK-8780,Vegetal,Charcoal,1250,100,-,Munoz 1983,X,,,,1300,930,1120,Coast
618,Arica y Parinacota,Lluta,3080.0,Precordillera,"Cardones, Alero",U-N2W4,E-10,UGAMS-2952,Vegetal,Charcoal,410,30,-,Santoro et al. 2011 ,X,,,,500,320,440,Precordillera
619,Arica y Parinacota,Lluta,3080.0,Precordillera,"Cardones, Alero",U-N2W4,E-9,Beta-246700 ,Vegetal,Charred material,830,40,-,Santoro et al. 2011 ,X,,,,770,660,710,Precordillera
620,Arica y Parinacota,Lluta,3080.0,Precordillera,"Cardones, Alero",U-N3O1,E-1,UGAMS-2950,Vegetal,Charcoal,990,30,-,Santoro et al. 2011 ,X,,,,930,790,850,Precordillera
621,Arica y Parinacota,Lluta,3080.0,Precordillera,"Cardones, Alero",U-N3W1,E-6,UGAMS-2951,Vegetal,Charcoal,620,30,-,Santoro et al. 2011 ,X,,,,640,530,600,Precordillera
622,Arica y Parinacota,Azapa,3000.0,Precordillera,El Pareja,U-2,E-9/N-A,Beta-428148,Vegetal,Charcoal,4080,30,-24.8,Sepúlveda et al. 2018; Guerrero and Sepúlveda 2020,X,,,,4790,4420,4510,Precordillera
623,Arica y Parinacota,Azapa,30.0,Coast,Chinchorro 1,T-1,C-2,GX-15083,Vegetal,Wood stick,5560,175,-,Aufderheide et al. 1993,,X,,,6730,5930,6320,Coast
624,Arica y Parinacota,Azapa,30.0,Coast,Chinchorro 1,T-1,C-1,GX-15084,Vegetal,Wood stick,6070,285,-,Aufderheide et al. 1993,,X,,,7480,6300,6900,Coast
625,Arica y Parinacota,Lluta,30.0,Coast,Chacalluta ,-,-,SUA-1338 ,Animal,Camelid fiber,1205,165,-,"Carter C.P., in Gayó et al. 2015",,,,,1360,740,1080,Coast
626,Arica y Parinacota,Lauca,4590.0,Altiplano,"Chungara, Tambo",R-3,E-5,Beta-200947,Vegetal,Charcoal ,160,50,-,Santoro et al. 2010; Gayó et al. 2015,X,,,,280,...,120,Altiplano
627,Arica y Parinacota,Tana,2400.0,Precordillera,Camiña 1,R-139,E-3/N-4,Beta-210441,Vegetal,Charcoal,710,70,-,Uribe et al. 2007 ,X,,,,730,540,620,Precordillera
628,Arica y Parinacota,Tana,2400.0,Precordillera,Camiña 1,R-296,E-2/N-C,Beta-210442,Vegetal,Charcoal,920,40,-,Uribe et al. 2007 ,X,,,,910,690,780,Precordillera
629,Arica y Parinacota,Azapa,3540.0,Precordillera,Confluencia,U-2S/E-2,N-A/R-3,Beta-400063,Vegetal,Charcoal,3030,30,-,Sepúlveda et al. 2018,X,,,,3340,3010,3180,Precordillera
630,Arica y Parinacota,Azapa,60.0,Coast,Colon 10,-,-,-,-,-,3590,30,-,Standen et al. 2018,,X,,,3970,3720,3850,Coast
631,Arica y Parinacota,Lluta,4445.0,Altiplano,Las Cuevas 2,11,-,I-13128,Vegetal,Charcoal,8270,250,-,"Santoro and Chacama 1984, in Osorio et al. 2017",X,,,,9770,8460,9170,Altiplano
632,Arica y Parinacota,Lluta,4445.0,Altiplano,Las Cuevas 2,13,-,I-12835,Vegetal,Charcoal,9540,160,-,"Santoro and Chacama 1984, in Osorio et al. 2017",X,,,,11220,10310,10820,Altiplano
633,Arica y Parinacota,Lluta,4445.0,Altiplano,Las Cuevas 2,Trin-2,E-IVA,Beta-298937 ,Vegetal,Charcoal,9630,70,-,Osorio 2013; Gayó et al. 2015,X,,,,11180,10710,10940,Altiplano
634,Arica y Parinacota,Lluta,4445.0,Altiplano,Las Cuevas 2,Trin-2,E-IVA,Beta-298938,Vegetal,Charcoal,10040,70,-,Santoro et al. 2011; Gayó et al. 2015,X,,,,11760,11250,11490,Altiplano
635,Arica y Parinacota,Lluta,4445.0,Altiplano,Las Cuevas 2,,E-IVC,UCIAMS-165646,Vegetal,Charcoal,10070,30,-,Osorio et al. 2017,X,,,,11720,11310,11510,Altiplano
636,Arica y Parinacota,Lluta,4445.0,Altiplano,Las Cuevas 4 ,-,-,I-12836 ,Vegetal,Wood ,350,70,-,Santoro and Chacama 1982 ,X,,,,500,150,380,Altiplano
637,Arica y Parinacota,Chaca,40.0,Coast,Caleta Vitor 1,3,C-9,ANU-31018,Vegetal,Charcoal,5110,35,-,"Carter 2016, in Santoro et al. 2017",X,,,,5920,5670,5820,Coast
638,Arica y Parinacota,Chaca,40.0,Coast,Caleta Vitor 1,3,C-9 (duplicate),ANU-31019,Vegetal,Charcoal,5120,35,-,Santoro et al. 2017,X,,,,5930,5730,5820,Coast
639,Arica y Parinacota,Chaca,40.0,Coast,Caleta Vitor 1/3,3,E-1,UGAMS-10507 ,Vegetal,Prosopis,2470,25,-25.3,Roberts et al. 2013; Santoro et al. 2017,X,,,,2700,2350,2480,Coast
640,Arica y Parinacota,Chaca,40.0,Coast,Caleta Vitor 1/2,2,E-13,UGAMS-10506 ,Vegetal,Vegetal,4030,30,-26.6,Roberts et al. 2013; Santoro et al. 2017,X,,,,4570,4300,4470,Coast
641,Arica y Parinacota,Chaca,40.0,Coast,Caleta Vitor 1,3,E-14,UGAMS-10508,Vegetal,Fruit remains,5860,30,-27.7,Roberts et al. 2013; Santoro et al. 2017,X,,,,6740,6500,6630,Coast
642,Arica y Parinacota,Chaca,40.0,Coast,Caleta Vitor 1,3,E-25,UGAMS-10509,Vegetal,Fruit remains,5770,30,-25.2,Roberts et al. 2013; Santoro et al. 2017,X,,,,6640,6410,6530,Coast
643,Arica y Parinacota,Chaca,40.0,Coast,Caleta Vitor 1/2,2,E-6,UGAMS-10505,Vegetal,Pod,3100,25,-,Roberts et al. 2013; Santoro et al. 2017,X,,,,3360,3170,3280,Coast
644,Arica y Parinacota,Chaca,40.0,Coast,Caleta Vitor 1,S2,T-1,OZN-921,Human,Human bone colagen,3710,35,-12.9,Roberts et al. 2013; Swift et al. 2015,,X,,,4150,3890,4010,Coast
645,Arica y Parinacota,Chaca,40.0,Coast,Caleta Vitor 1,S2,T-2,S-ANU-33419,Human,Human bone colagen,3815,41,-12,Swift et al. 2015,,X,,,4350,3980,4150,Coast
646,Arica y Parinacota,Chaca,40.0,Coast,Caleta Vitor 1,South-I,15-18,UCIAMS-133688,Vegetal,Vegetal,4120,20,-,Latorre et al. 2017; Santoro et al. 2017,X,,,,4810,4440,4580,Coast
647,Arica y Parinacota,Chaca,40.0,Coast,Caleta Vitor 1,South-I,15-18,UCIAMS-134062,Marine,Marine shell,4710,20,-,Latorre et al. 2017; Santoro et al. 2017,X,,,,5470,5320,5400,Coast
648,Arica y Parinacota,Chaca,40.0,Coast,Caleta Vitor 1,South-III,25-30,UGAMS-21742,Vegetal,Vegetal,4170,25,-,Latorre et al. 2017; Santoro et al. 2017,X,,,,4820,4530,4680,Coast
649,Arica y Parinacota,Chaca,40.0,Coast,Caleta Vitor 1,South-III,33-38,UCIAMS-133689,Vegetal,Vegetal,4535,15,-,Latorre et al. 2017; Santoro et al. 2017,X,,,,5300,5050,5160,Coast
650,Arica y Parinacota,Chaca,40.0,Coast,Caleta Vitor 1,South-III,33-38,UCIAMS-134063,Marine,Marine shell,4635,20,-,Latorre et al. 2017; Santoro et al. 2017,X,,,,5460,5070,5320,Coast
651,Arica y Parinacota,Chaca,40.0,Coast,Caleta Vitor 1,South-III,25-30,UGAMS-21741,Marine,Marine shell,4670,30,-,Latorre et al. 2017; Santoro et al. 2017,X,,,,5470,5300,5400,Coast
652,Arica y Parinacota,Chaca,40.0,Coast,Caleta Vitor 1,South-V,61-65,UGAMS-21744 ,Vegetal,Vegetal,4510,30,-,Latorre et al. 2017; Santoro et al. 2017,X,,,,5300,4970,5150,Coast
653,Arica y Parinacota,Chaca,40.0,Coast,Caleta Vitor 1,South-V,61-65,UGAMS-21743 ,Marine,Marine shell,5600,25,-,Latorre et al. 2017; Santoro et al. 2017,X,,,,6430,6290,6350,Coast
654,Arica y Parinacota,Chaca,40.0,Coast,Caleta Vitor 1,South-VII,87-92,UCIAMS-162421,Vegetal,Vegetal,5785,20,-,Latorre et al. 2017; Santoro et al. 2017,X,,,,6640,6450,6550,Coast
655,Arica y Parinacota,Chaca,40.0,Coast,Caleta Vitor 1,South-VII,87-92,UCIAMS-133690,Vegetal,Vegetal,5820,20,-,Latorre et al. 2017; Santoro et al. 2017,X,,,,6660,6500,6590,Coast
656,Arica y Parinacota,Chaca,40.0,Coast,Caleta Vitor 1,South-VII,87-92,UCIAMS-162420,Marine,Marine shell,6440,20,-,Latorre et al. 2017; Santoro et al. 2017,X,,,,7420,7260,7330,Coast
657,Arica y Parinacota,Chaca,40.0,Coast,Caleta Vitor 1,South-VII,87-92,UCIAMS-134064,Marine,Marine shell,6780,300,-,Latorre et al. 2017; Santoro et al. 2017,X,,,,8190,6990,7620,Coast
658,Arica y Parinacota,Chaca,40.0,Coast,Caleta Vitor 1,South-VIII,165-170,UCIAMS-133692,Vegetal,Vegetal,5900,20,-,Latorre et al. 2017; Santoro et al. 2017,X,,,,6780,6570,6690,Coast
659,Arica y Parinacota,Chaca,40.0,Coast,Caleta Vitor 1,South-VIII,128-133,UCIAMS-133691,Vegetal,Vegetal,5930,15,-,Latorre et al. 2017; Santoro et al. 2017,X,,,,6790,6660,6710,Coast
660,Arica y Parinacota,Chaca,40.0,Coast,Caleta Vitor 1,South-VIII,165-170,UCIAMS-134066 ,Marine,Marine shell,6560,20,-,Latorre et al. 2017; Santoro et al. 2017,X,,,,7560,7330,7440,Coast
661,Arica y Parinacota,Chaca,40.0,Coast,Caleta Vitor 1,South-VIII,128-133,UCIAMS-134065,Marine,Marine shell,6565,20,-,Latorre et al. 2017; Santoro et al. 2017,X,,,,7560,7330,7450,Coast
662,Arica y Parinacota,Chaca,30.0,Coast,Caleta Vitor 2,1,C-20,ANU-31013,Vegetal,Charcoal,2525,35,-,"Carter 2016, in Santoro et al. 2017",X,,,,2730,2370,2580,Coast
663,Arica y Parinacota,Chaca,30.0,Coast,Caleta Vitor 2,B1/S1,T-4,OZP-076,Human,Human bone colagen,1310,25,-12.6,Swift et al. 2015,,X,,,1270,1090,1220,Coast
664,Arica y Parinacota,Chaca,30.0,Coast,Caleta Vitor 2,B1/S2,T-5,OZP-580,Human,Human bone colagen,1170,30,-11.7,Swift et al. 2015,,X,,,1180,960,1020,Coast
665,Arica y Parinacota,Chaca,30.0,Coast,Caleta Vitor 2,B1/S2,T-5,OZP-075,Human,Human bone colagen,1175,25,-13.7,Swift et al. 2015,,X,,,1070,960,1010,Coast
666,Arica y Parinacota,Chaca,30.0,Coast,Caleta Vitor 2,B2A/S2 ,T-6,OZN-923,Human,Human bone colagen,1760,30,-12.6,Roberts et al. 2013; Swift et al. 2015,,X,,,1700,1540,1630,Coast
667,Arica y Parinacota,Chaca,30.0,Coast,Caleta Vitor 2,B2B/S2 ,T-7,OZN-924,Human,Human bone colagen,1725,30,-12.6,Roberts et al. 2013; Swift et al. 2015,,X,,,1700,1530,1580,Coast
668,Arica y Parinacota,Chaca,30.0,Coast,Caleta Vitor 2,B3/S1,T-8,OZP-074,Human,Human bone colagen,1255,25,-11.1,Swift et al. 2015,,X,,,1260,1060,1120,Coast
669,Arica y Parinacota,Chaca,30.0,Coast,Caleta Vitor 2,S-2,Art. 3,Beta-251627,Vegetal,Charcoal,1960,60,-0.7,Roberts et al. 2013; Santoro et al. 2017,X,,,,2000,1730,1860,Coast
670,Arica y Parinacota,Chaca,30.0,Coast,Caleta Vitor 2,E-1,11,UGAMS-10511,Vegetal,"Gossypium sp., seed",1930,30,-25.8,Roberts et al. 2013; Santoro et al. 2017,X,,,,1920,1740,1830,Coast
671,Arica y Parinacota,Chaca,30.0,Coast,Caleta Vitor 2/1,E-1,1,UGAMS-10510,Vegetal,Prosopis,2120,25,-26.8,Roberts et al. 2013; Santoro et al. 2017,X,,,,2120,1940,2050,Coast
672,Arica y Parinacota,Chaca,30.0,Coast,Caleta Vitor 2,E-1A,39,UGAMS-10513,Vegetal,"Gossypium sp., seed",3230,25,-,Roberts et al. 2013; Santoro et al. 2017,X,,,,3450,3360,3410,Coast
673,Arica y Parinacota,Chaca,30.0,Coast,Caleta Vitor 2,E-1,43,UGAMS-10514,Vegetal,Cap,3240,25,-,Roberts et al. 2013; Santoro et al. 2017,X,,,,3480,3360,3420,Coast
674,Arica y Parinacota,Chaca,30.0,Coast,Caleta Vitor 2,E-1,58,UGAMS-10515,Vegetal,Charcoal,3820,30,-29.1,Roberts et al. 2013; Santoro et al. 2017,X,,,,4350,3990,4160,Coast
675,Arica y Parinacota,Chaca,30.0,Coast,Caleta Vitor 2,E-1A,31,UGAMS-10512,Vegetal,"Gossypium sp., seed",2490,25,-22.7,Roberts et al. 2013; Santoro et al. 2017,X,,,,2710,2360,2530,Coast
676,Arica y Parinacota,Chaca,30.0,Coast,Caleta Vitor 2,S-1,Art. 1,Beta-251626,Vegetal,Charcoal,2040,70,-0.1,Roberts et al. 2013; Santoro et al. 2017,X,,,,2130,1750,1950,Coast
677,Arica y Parinacota,Chaca,30.0,Coast,Caleta Vitor 2,S-1,Art. 5,Beta-251628,Vegetal,Charcoal,2080,40,-0.9,Roberts et al. 2013; Santoro et al. 2017,X,,,,2100,1890,2000,Coast
678,Arica y Parinacota,Chaca,20.0,Coast,Caleta Vitor 3,1,C-30,ANU-31014,Vegetal,Charcoal,8075,40,-,"Carter 2016, in Santoro et al. 2017",X,,,,9080,8660,8900,Coast
679,Arica y Parinacota,Chaca,20.0,Coast,Caleta Vitor 3,1,C-31,ANU-31016,Vegetal,Charcoal,8420,40,-,"Carter 2016, in Santoro et al. 2017",X,,,,9530,9280,9420,Coast
680,Arica y Parinacota,Chaca,20.0,Coast,Caleta Vitor 3,B2/S3,T-10,OZN-919,Human,Human bone colagen,2420,35,-12.7,Roberts et al. 2013; Swift et al. 2015,,X,,,2700,2180,2420,Coast
681,Arica y Parinacota,Chaca,20.0,Coast,Caleta Vitor 3,B3/S2,T-11,OZP-073,Human,Human bone colagen,2525,60,-13.3,Swift et al. 2015,,X,,,2730,2360,2570,Coast
682,Arica y Parinacota,Chaca,20.0,Coast,Caleta Vitor 3,E-1,31,UGAMS-10516,Vegetal,Wood,8260,30,-23.4,Roberts et al. 2013; Santoro et al. 2017,X,,,,9400,9030,9190,Coast
683,Arica y Parinacota,Chaca,20.0,Coast,Caleta Vitor 4/6,C-5,-,Beta-418552,Vegetal,Charcoal,930,30,-,"Bland et al. 2016, in Santoro et al. 2017",X,,,,910,730,790,Coast
684,Arica y Parinacota,Chaca,20.0,Coast,Caleta Vitor 4,E-1,1,UGAMS-10519 ,Vegetal,Vegetal,420,20,-,"Carter 2016, in Santoro et al. 2017",X,,,,500,330,460,Coast
685,Arica y Parinacota,Chaca,20.0,Coast,Caleta Vitor 4,E-1,1,UGAMS-10517 ,Vegetal,Vegetal,610,25,-,"Carter 2016, in Santoro et al. 2017",X,,,,630,530,560,Coast
686,Arica y Parinacota,Chaca,20.0,Coast,Caleta Vitor 4,E-1,19,UGAMS-10518 ,Vegetal,Maize ,630,30,-,"Carter 2016, in Santoro et al. 2017",X,,,,650,540,600,Coast
687,Arica y Parinacota,Chaca,20.0,Coast,Caleta Vitor 4,E-6,10,UGAMS-10520 ,Vegetal,"Gossypium sp., seed",1820,25,-,"Carter 2016, in Santoro et al. 2017",X,,,,1810,1610,1680,Coast
688,Arica y Parinacota,Chaca,20.0,Coast,Caleta Vitor 4,Sq3,-,OZN-920,Human,Human bone colagen,2575,35,-15.3,Roberts et al. 2013; Santoro et al. 2017,,X,,,2750,2490,2610,Coast
689,Arica y Parinacota,Chaca,30.0,Coast,Caleta Vitor 6,B1/S1,T-12,S-ANU-33420,Human,Human bone colagen,990,39,-12.7,Swift et al. 2015,,X,,,930,770,850,Coast
690,Arica y Parinacota,Chaca,30.0,Coast,Caleta Vitor 6,B1/S3,T-13,S-ANU-30739,Human,Human bone colagen,1848,25,-12.8,Swift et al. 2015,,X,,,1820,1620,1730,Coast
691,Arica y Parinacota,Chaca,30.0,Coast,Caleta Vitor 6,B1/S4,T-14,OZP-072,Human,Human bone colagen,1890,35,-14.2,Swift et al. 2015,,X,,,1880,1700,1780,Coast
692,Arica y Parinacota,Chaca,30.0,Coast,Caleta Vitor 6,B1/S5,T-15,OZP-071,Human,Human bone colagen,1850,30,-13.3,Swift et al. 2015,,X,,,1830,1620,1740,Coast
693,Arica y Parinacota,Chaca,30.0,Coast,Caleta Vitor 6,B1/S6,T-16,OZP-070,Human,Human bone colagen,1845,30,-13.6,Swift et al. 2015,,X,,,1830,1610,1730,Coast
694,Arica y Parinacota,Chaca,30.0,Coast,Caleta Vitor 6,B3/S1,T-17,S-ANU-30232,Human,Human bone colagen,1560,77,-11.3,Swift et al. 2015,,X,,,1570,1290,1410,Coast
695,Arica y Parinacota,Chaca,30.0,Coast,Caleta Vitor 6,B5/S12,T-19 ,S-ANU-30233,Human,Human bone colagen,1000,25,-12.6,Swift et al. 2015,,X,,,930,800,850,Coast
696,Arica y Parinacota,Chaca,30.0,Coast,Caleta Vitor 6,B6/S1,T-20,OZP-069,Human,Human bone colagen,1940,30,-12.3,Swift et al. 2015,,X,,,1920,1750,1840,Coast
697,Arica y Parinacota,Chaca,30.0,Coast,Caleta Vitor 6/2,C-3,-,Beta-418553,Marine,Feather,890,30,-,"Bland et al. 2016, in Santoro et al. 2017",X,,,,880,680,750,Coast
698,Arica y Parinacota,Chaca,30.0,Coast,Caleta Vitor 6,C-6,-,Beta-418554,Marine,Feather,1670,30,-,"Bland et al. 2016, in Santoro et al. 2017",X,,,,1590,1430,1520,Coast
699,Arica y Parinacota,Chaca,30.0,Coast,Caleta Vitor 6,E-1,8,UGAMS-10522,Vegetal,Maize ,530,25,-,Roberts et al. 2013; Santoro et al. 2017,X,,,,540,500,520,Coast
700,Arica y Parinacota,Chaca,30.0,Coast,Caleta Vitor 6,E-1,16,UGAMS-10523,Vegetal,Maize ,660,25,-,Roberts et al. 2013; Santoro et al. 2017,X,,,,650,550,610,Coast
701,Arica y Parinacota,Chaca,30.0,Coast,Caleta Vitor 6,U-1/E-12,M-248,Beta-434055,Marine,Marine shell,1650,30,-,Santoro et al. 2017,X,,,,1570,1410,1490,Coast
702,Arica y Parinacota,Chaca,30.0,Coast,Caleta Vitor 6,U-1/E-2,M-238,Beta-434053,Marine,Marine shell,1490,30,-,Santoro et al. 2017,X,,,,1400,1300,1340,Coast
703,Arica y Parinacota,Chaca,30.0,Coast,Caleta Vitor 6,U-1/E-9,M-245,Beta-434054,Marine,Marine shell,1600,30,-,Santoro et al. 2017,X,,,,1530,1370,1450,Coast
704,Arica y Parinacota,Chaca,50.0,Coast,Caleta Vitor 7,1,C-10,ANU-31017,Vegetal,Charcoal,4400,35,-,"Carter 2016, in Santoro et al. 2017",X,,,,5210,4840,4930,Coast
705,Arica y Parinacota,Chaca,50.0,Coast,Caleta Vitor 7,E-1,6,UGAMS-10524,Vegetal,Cap,3880,25,-,"Carter 2016, in Santoro et al. 2017",X,,,,4410,4150,4260,Coast
706,Arica y Parinacota,Camarones,540.0,Lowland,Conanoxa  E-1,Piso A,Storage,IVIC-176,Vegetal,Charcoal,1150,95,-,"Schiappacasse and Niemeyer 1963, 1969, in Nuñez 1976",X,,,,1260,800,1020,Lowlands
707,Arica y Parinacota,Camarones,520.0,Lowland,Conanoxa  E-6,T-E,MNHN-26099,-,Textile,Textile,2270,70,-,Schiappacasse and Niemeyer 1969,,X,,,2360,2020,2230,Lowlands
708,Arica y Parinacota,Camarones,465.0,Lowland,Conanoxa  W (a),R-1,E-sup.,IVIC-175,Coprolite,Coprolite,3740,130,-,"Schiappacasse and Niemeyer 1963, 1969, in Nuñez 1976",X,,,,4420,3700,4060,Lowlands
709,Arica y Parinacota,Camarones,465.0,Lowland,Conanoxa  W (a),R-1 /South wall,Corner A,IVIC-876,Vegetal,Charcoal,3970,120,-,"Schiappacasse and Niemeyer 1963, 1969, in Nuñez 1976",X,,,,4820,4000,4370,Lowlands
710,Arica y Parinacota,Camarones,465.0,Lowland,Conanoxa  W (a),R-3 /South wall,E-sup.,IVIC-875,Vegetal,Charcoal,4020,110,-,"Schiappacasse and Niemeyer 1963, 1969, in Nuñez 1976",X,,,,4820,4150,4450,Lowlands
711,Arica y Parinacota,Azapa,3210.0,Precordillera,Los Dólmenes,Alero 1/M-2,E-1,﻿Beta-24355,Vegetal,Charcoal,4000,50,-,Santoro C.P. in Osorio et al. 2016 ,X,,,,4570,4240,4420,Precordillera
712,Arica y Parinacota,Azapa,3210.0,Precordillera,Los Dólmenes,C-1 ,E-4,﻿Beta-335684,Vegetal,Charcoal,4300,30,-23,Osorio et al. 2016,X,,,,4960,4650,4840,Precordillera
713,Arica y Parinacota,Azapa,3210.0,Precordillera,Los Dólmenes,U-1 ,E-2W,﻿Beta-319879,Animal,Charred bone,4210,40,-17.8,Osorio et al. 2016,X,,,,4840,4540,4710,Precordillera
714,Arica y Parinacota,Azapa,3770.0,Altiplano,El Alto,U-6,E-1,Beta-400066,Vegetal,Charcoal,4830,30,-22.2,Sepúlveda et al. 2018,X,,,,5600,5340,5520,Altiplano
715,Arica y Parinacota,Azapa,3770.0,Altiplano,El Alto,U-2/C-2,N-1 (10 Cm),Beta-385132,Vegetal,Charcoal,4830,30,-23.6,Sepúlveda et al. 2018,X,,,,5600,5340,5520,Altiplano
716,Arica y Parinacota,Azapa,3770.0,Altiplano,El Alto,U-7/NW,E-2B/F-2,Beta-400065,Vegetal,Charcoal,4460,30,-20.4,Sepúlveda et al. 2018,X,,,,5280,4870,5020,Altiplano
717,Arica y Parinacota,Azapa,3770.0,Altiplano,El Alto,U-5/E-1,F-1 (23 cm),Beta-400064,Vegetal,Charcoal,4430,30,-22,Sepúlveda et al. 2018,X,,,,5260,4860,4960,Altiplano
718,Arica y Parinacota,Azapa,3770.0,Altiplano,El Alto,U-6,F-4 (20 cm),Beta-400067,Vegetal,Charcoal,5030,30,-23.5,Sepúlveda et al. 2018,X,,,,5890,5600,5720,Altiplano
719,Arica y Parinacota,Azapa,40.0,Coast,Maderas Enco ,T-1,-,GX-17464 ,Vegetal,Wood,4750,155,-,Arriaza 1994 ,,X,,,5880,4960,5420,Coast
720,Arica y Parinacota,Azapa,3100.0,Precordillera,Errante,U-1,E-2/N-B,Beta-428149,Vegetal,Charcoal,9330,30,-,Guerrero and Sepúlveda 2020,X,,,,10640,10300,10490,Precordillera
721,Arica y Parinacota,Azapa,70.0,Coast,Garibaldi 1 ,-,-,Beta-88042 ,Human,human soft tissue ,1850,70,-,"Standen and Santoro 1995, in Gayó et al. 2015",,X,,,1890,1560,1730,Coast
722,Arica y Parinacota,Lluta,3600.0,Precordillera,Guañure ,-,-,I-11873 ,Vegetal,Charcoal,4330,105,-,Santoro and Chacama 1982 ,X,,,,5280,4530,4880,Precordillera
723,Arica y Parinacota,Lluta,4100.0,Altiplano,Hakenasa,2,-,Beta-187525,Vegetal,Charcoal ,1550,60,-,"LeFebvre 2004, in Osorio et al. 2011",X,,,,1530,1310,1400,Altiplano
724,Arica y Parinacota,Lluta,4100.0,Altiplano,Hakenasa,3,-,Beta-187526,Vegetal,Charcoal ,1860,60,-,"LeFebvre 2004, in Osorio et al. 2011; Sepulveda et al. 2018",X,,,,1890,1590,1750,Altiplano
725,Arica y Parinacota,Lluta,4100.0,Altiplano,Hakenasa,-,-,Beta-187527,Vegetal,Charcoal ,2810,60,-,"LeFebvre 2004, in Osorio et al. 2011; Sepulveda et al. 2018",X,,,,3060,2760,2880,Altiplano
726,Arica y Parinacota,Lluta,4100.0,Altiplano,Hakenasa,-,-,I-13229,Vegetal,Charcoal,2850,200,-,Santoro 1986; Sepúlveda et al. 2018,X,,,,3450,2430,2970,Altiplano
727,Arica y Parinacota,Lluta,4100.0,Altiplano,Hakenasa,-,-,Beta-187528,Vegetal,Charcoal ,3700,60,-,"LeFebvre 2004, in Osorio et al. 2011",X,,,,4230,3830,4000,Altiplano
728,Arica y Parinacota,Lluta,4100.0,Altiplano,Hakenasa,-,-,Beta-187529,Vegetal,Charcoal ,4270,70,-,"LeFebvre 2004, in Osorio et al. 2011",X,,,,4960,4530,4750,Altiplano
729,Arica y Parinacota,Lluta,4100.0,Altiplano,Hakenasa,-,-,I-13230,Vegetal,Charcoal,4380,120,-,Santoro 1986,X,,,,5310,4580,4960,Altiplano
730,Arica y Parinacota,Lluta,4100.0,Altiplano,Hakenasa,7,-,Beta-187530,Vegetal,Charcoal ,5140,70,-,"LeFebvre 2004, in Osorio et al. 2011",X,,,,6000,5610,5830,Altiplano
731,Arica y Parinacota,Lluta,4100.0,Altiplano,Hakenasa,E-8/7,-,Beta-219700,Vegetal,Charcoal,6200,80,-,"Moreno et al. 2009, in Osorio et al. 2011",X,,,,7260,6800,7060,Altiplano
732,Arica y Parinacota,Lluta,4100.0,Altiplano,Hakenasa,E-10/9,-,Beta-219701,Vegetal,Charcoal,6960,50,-,"Moreno et al. 2009, in Osorio et al. 2011",X,,,,7930,7660,7760,Altiplano
733,Arica y Parinacota,Lluta,4100.0,Altiplano,Hakenasa,23,-,I-13287,Vegetal,Charcoal,8340,300,-,"Santoro 1986, En Núñez and Santoro 1988",X,,,,10150,8540,9250,Altiplano
734,Arica y Parinacota,Lluta,4100.0,Altiplano,Hakenasa,10,-,Beta-187531 ,Vegetal,Charcoal,8789,60,-,"LeFebvre 2004, in Osorio et al. 2017",X,,,,10120,9550,9750,Altiplano
735,Arica y Parinacota,Lluta,4100.0,Altiplano,Hakenasa,11,-,Beta-187532 ,Vegetal,Charcoal,9170,70,-,"LeFebvre 2004, in Osorio et al. 2017",X,,,,10500,10190,10320,Altiplano
736,Arica y Parinacota,Lluta,4100.0,Altiplano,Hakenasa,11,-,Beta-187533 ,Vegetal,Charcoal,9260,60,-,"LeFebvre 2004, in Osorio et al. 2017",X,,,,10560,10240,10390,Altiplano
737,Arica y Parinacota,Lluta,4100.0,Altiplano,Hakenasa,12,-,Beta-187534 ,Vegetal,Charcoal,9520,70,-,"LeFebvre 2004, in Osorio et al. 2017",X,,,,11100,10570,10770,Altiplano
738,Arica y Parinacota,Lluta,4100.0,Altiplano,Hakenasa,13,-,Beta-187535,Vegetal,Charcoal,9580,40,-,"LeFebvre 2004, in Osorio et al. 2017",X,,,,11100,10700,10900,Altiplano
739,Arica y Parinacota,Lluta,4100.0,Altiplano,Hakenasa,14,-,UCIAMS-145003 ,Animal,Camelid teeth,9655,40,-,Osorio et al. 2017,X,,,,11180,10770,10950,Altiplano
740,Arica y Parinacota,Lluta,4100.0,Altiplano,Hakenasa,E-1,-,UCIAMS-77761 ,Vegetal,Charcoal,9830,40,-,Santoro et al. 2011 ,X,,,,11270,11150,11210,Altiplano
741,Arica y Parinacota,Lluta,4100.0,Altiplano,Hakenasa,E-1,-,UCIAMS-77762 ,Vegetal,Charcoal,9975,40,-,Santoro et al. 2011 ,X,,,,11620,11240,11350,Altiplano
742,Arica y Parinacota,Lluta,4100.0,Altiplano,Hakenasa,13,-,UGAMS-2953 ,Vegetal,Charcoal,9980,40,-,"Moreno et al. 2009, in Osorio et al. 2011",X,,,,11620,11240,11370,Altiplano
743,Arica y Parinacota,Camarones,1140.0,Lowland,Huancarane 1,R-132,-,Beta-434056,Vegetal,Basketry ,530,30,-,Szpak and Valenzuela 2020,X,,,,550,500,520,Lowlands
744,Arica y Parinacota,Camarones,1140.0,Lowland,Huancarane 1,R-74,-,DAMS-23334,Vegetal,Maize ,380,45,-,Szpak and Valenzuela 2020,X,,,,490,310,400,Lowlands
745,Arica y Parinacota,Camarones,1140.0,Lowland,Huancarane 1,R-79,-,DAMS-23335,Vegetal,Maize ,700,30,-,Szpak and Valenzuela 2020,X,,,,670,560,600,Lowlands
746,Arica y Parinacota,Azapa,3400.0,Precordillera,Ipilla 1 ,-,-,AA-34477 ,Vegetal,Charcoal,9090,75,-,"Rech 2001, in Gayó et al. 2015",X,,,,10490,9910,10220,Precordillera
747,Arica y Parinacota,Azapa,3400.0,Precordillera,Ipilla 2 ,N1E1,E-5,UCIAMS-77763 ,Vegetal,Charcoal,2075,35,-,Santoro et al. 2011; Sepulveda et al. 2018,X,,,,2090,1890,1990,Precordillera
748,Arica y Parinacota,Azapa,3400.0,Precordillera,Ipilla 2 ,N-15,"190,5 (cm)",UGAMS-4588,Vegetal,Charcoal,8510,30,-,Santoro et al. 2011; Gayó et al. 2015,X,,,,9540,9440,9500,Precordillera
749,Arica y Parinacota,Azapa,3400.0,Precordillera,Ipilla 2 ,N1E1,E-8,UCIAMS-77765,Vegetal,Charcoal,8600,40,-,Herrera et al. 2015; Gayó et al. 2015,X,,,,9660,9470,9530,Precordillera
750,Arica y Parinacota,Azapa,3400.0,Precordillera,Ipilla 2 ,N1E1,E-7,UCIAMS-77764,Vegetal,Charcoal,8635,40,-,Herrera et al. 2015; Gayó et al. 2015,X,,,,9680,9490,9560,Precordillera
751,Arica y Parinacota,Azapa,3400.0,Precordillera,Ipilla 2 ,N1E1,E-6,UCIAMS-84348,Vegetal,Charcoal,8675,25,-,Herrera et al. 2015; Gayó et al. 2015,X,,,,9680,9540,9590,Precordillera
752,Arica y Parinacota,Azapa,3400.0,Precordillera,Ipilla 2 ,N1E0,E-10,UCIAMS-77767,Vegetal,Charcoal,8690,40,-,Herrera et al. 2015; Gayó et al. 2015,X,,,,9730,9530,9610,Precordillera
753,Arica y Parinacota,Azapa,3400.0,Precordillera,Ipilla 2 ,N1E0,E-13,UCIAMS-77770,Vegetal,Charcoal,8695,40,-,Herrera et al. 2015; Gayó et al. 2015,X,,,,9740,9540,9610,Precordillera
754,Arica y Parinacota,Azapa,3400.0,Precordillera,Ipilla 2 ,N1E1,E-9,UCIAMS-77766,Vegetal,Charcoal,8695,40,-,Herrera et al. 2015; Gayó et al. 2015,X,,,,9740,9540,9610,Precordillera
755,Arica y Parinacota,Azapa,3400.0,Precordillera,Ipilla 2 ,-,E-1,UCIAMS-165635,Vegetal,Charcoal,8700,70,-,Osorio et al. 2017,X,,,,9900,9530,9650,Precordillera
756,Arica y Parinacota,Azapa,3400.0,Precordillera,Ipilla 2 ,-,E-2B,UCIAMS-165632,Vegetal,Charcoal,8725,25,-,Osorio et al. 2017,X,,,,9740,9540,9620,Precordillera
757,Arica y Parinacota,Azapa,3400.0,Precordillera,Ipilla 2 ,N1E0,E-11,UCIAMS-77768,Vegetal,Charcoal,8730,35,-,Herrera et al. 2015; Gayó et al. 2015,X,,,,9890,9540,9640,Precordillera
758,Arica y Parinacota,Azapa,3400.0,Precordillera,Ipilla 2 ,-,E-2A,UCIAMS-165633,Vegetal,Charcoal,8780,25,-,Osorio et al. 2017,X,,,,9890,9560,9710,Precordillera
759,Arica y Parinacota,Azapa,3400.0,Precordillera,Ipilla 2 ,Expose profile,-,CAMS-124594,Vegetal,Charcoal,8785,30,-,Santoro et al. 2011/Osorio et al. 2017,X,,,,9890,9560,9730,Precordillera
760,Arica y Parinacota,Azapa,3400.0,Precordillera,Ipilla 2 ,-,E-2B/C,UCIAMS-165636,Vegetal,Charcoal,8820,25,-,Osorio et al. 2017,X,,,,10110,9560,9790,Precordillera
761,Arica y Parinacota,Azapa,3400.0,Precordillera,Ipilla 2 ,-,E-2B/C,UCIAMS-165638,Vegetal,Charcoal,8820,25,-,Osorio et al. 2017,X,,,,10110,9560,9790,Precordillera
762,Arica y Parinacota,Azapa,3400.0,Precordillera,Ipilla 2 ,N1E0,E-12,UCIAMS-77769,Vegetal,Charcoal,8825,40,-,Herrera et al. 2015; Gayó et al. 2015,X,,,,10120,9560,9810,Precordillera
763,Arica y Parinacota,Azapa,3400.0,Precordillera,Ipilla 2 ,Expose profile,-,CAMS-124595,Vegetal,Charcoal,8840,30,-,Santoro et al. 2011/Osorio et al. 2017,X,,,,10130,9630,9830,Precordillera
764,Arica y Parinacota,Azapa,3400.0,Precordillera,Ipilla 2 ,Expose profile,-,CAMS-124596,Vegetal,Charcoal,8845,30,-,Santoro et al. 2011/Osorio et al. 2017,X,,,,10150,9680,9840,Precordillera
765,Arica y Parinacota,Azapa,3400.0,Precordillera,Ipilla 2 ,-,E-2E,UCIAMS-165639,Vegetal,Charcoal,8845,25,-,Osorio et al. 2017,X,,,,10120,9690,9840,Precordillera
766,Arica y Parinacota,Azapa,3400.0,Precordillera,Ipilla 2 ,-,E-2C,UCIAMS-165634,Vegetal,Charcoal,8890,25,-,Osorio et al. 2017,X,,,,10160,9760,9990,Precordillera
767,Arica y Parinacota,Azapa,3400.0,Precordillera,Ipilla 2 ,-,E-2E,UCIAMS-165637,Vegetal,Charcoal,8940,30,-,Osorio et al. 2017,X,,,,10190,9900,10030,Precordillera
768,Arica y Parinacota,Azapa,3860.0,Altiplano,Itiza,84 cm.,-,Beta-11267,Vegetal,Charcoal,1630,60,-,Schiappacasse and Niemeyer 1969,X,,,,1610,1320,1480,Altiplano
769,Arica y Parinacota,Lauca,,Altiplano,Lauca ,-,-,Beta-43018 ,Vegetal,Charcoal ,1300,80,-,"Santoro 1991, in Gayó et al. 2015",X,,,,1310,980,1170,
770,Arica y Parinacota,Lluta,150.0,Lowland,Huaylacán,EA-113,Architecture,UCIAMS-232622,Vegetal,Maize ,620,15,-,Mendez-Quiros et al. 2022,X,,,,630,540,610,Lowlands
771,Arica y Parinacota,Lluta,150.0,Lowland,Huaylacán,EA-142,E-6/N-18,UCIAMS-232623,Vegetal,Maize ,615,15,-,Mendez-Quiros et al. 2022,X,,,,630,540,560,Lowlands
772,Arica y Parinacota,Lluta,150.0,Lowland,Huaylacán,EA-182,E-3/N-6,UCIAMS-232624,Vegetal,Maize ,350,15,-,Mendez-Quiros et al. 2022,X,,,,450,310,390,Lowlands
773,Arica y Parinacota,Lluta,150.0,Lowland,Huaylacán,EA-182,E-5/N-9,UCIAMS-235989,Vegetal,Maize ,350,15,-,Mendez-Quiros et al. 2022,X,,,,450,310,390,Lowlands
774,Arica y Parinacota,Lluta,150.0,Lowland,Huaylacán,EA-205,Architecture,UCIAMS-232625,Vegetal,Branch,360,15,-,Mendez-Quiros et al. 2022,X,,,,450,320,390,Lowlands
775,Arica y Parinacota,Lluta,150.0,Lowland,Huaylacán,EA-254,Architecture,UCIAMS-232626,Vegetal,Schinus Molle,645,15,-,Mendez-Quiros et al. 2022,X,,,,630,550,610,Lowlands
776,Arica y Parinacota,Lluta,150.0,Lowland,Huaylacán,EA-71,E-2/N-4,UCIAMS-235988,Vegetal,Maize ,795,15,-,Mendez-Quiros et al. 2022,X,,,,720,660,680,Lowlands
777,Arica y Parinacota,Lluta,,Lowland,Valle de Lluta Km 53 ,-,-,Beta-226817 ,Human,Human skin and hair?,1160,40,-,Arriaza 2007; Gayó et al. 2015,,X,,,1180,930,1020,
778,Arica y Parinacota,Lluta,260.0,Lowland,Morro Negro,N20W18,3,UGAMS-2957 ,Vegetal,Charcoal,330,30,-,Santoro et al. 2011 ,X,,,,450,290,390,Lowlands
779,Arica y Parinacota,Lluta,260.0,Lowland,Morro Negro,N20W18,1,﻿Beta-234464,Vegetal,Charcoal,470,40,-,Santoro et al. 2011; Gayó et al. 2015,X,,,,540,330,490,Lowlands
780,Arica y Parinacota,Lluta,260.0,Lowland,Morro Negro,-,E-1,UGAMS-2954,Vegetal,Charcoal,570,30,-,Santoro et al. 2011 ,X,,,,620,510,540,Lowlands
781,Arica y Parinacota,Lluta,260.0,Lowland,Morro Negro,-,E-2,UGAMS-2955,Vegetal,Charcoal,570,30,-,Santoro et al. 2011 ,X,,,,620,510,540,Lowlands
782,Arica y Parinacota,Lluta,260.0,Lowland,Morro Negro,N20W18,4a,UCIAMS-145247,Vegetal,"Gossypium sp., seed",1235,15,-,García et al. 2020,X,,,,1180,1060,1110,Lowlands
783,Arica y Parinacota,Lluta,260.0,Lowland,Morro Negro,N20W18,4b,UGAMS-22085,Vegetal,"E. giganteum, stem",1260,25,-,García et al. 2020,X,,,,1260,1060,1120,Lowlands
784,Arica y Parinacota,Lluta,260.0,Lowland,Morro Negro,N20W18,4a,UCIAMS-145248,Vegetal,Maize grains,1270,25,-,García et al. 2020,X,,,,1260,1070,1130,Lowlands
785,Arica y Parinacota,Lluta,260.0,Lowland,Morro Negro,N20W18,4b,UCIAMS-145244,Vegetal,Maize grains,1290,20,-,García et al. 2020,X,,,,1260,1080,1160,Lowlands
786,Arica y Parinacota,Lluta,260.0,Lowland,Morro Negro,N20W18,3,UCIAMS-145245,Vegetal,"E. giganteum, stem",1290,20,-,García et al. 2020,X,,,,1260,1080,1160,Lowlands
787,Arica y Parinacota,Lluta,260.0,Lowland,Morro Negro,-,E-4a,UGAMS-2958,Vegetal,Charcoal,1410,30,-,Santoro et al. 2011 ,X,,,,1350,1180,1290,Lowlands
788,Arica y Parinacota,Lluta,260.0,Lowland,Morro Negro,-,E-3,UGAMS-2956,Vegetal,Charcoal,1450,30,-,Santoro et al. 2011 ,X,,,,1360,1280,1310,Lowlands
789,Arica y Parinacota,Lluta,260.0,Lowland,Morro Negro,S20E0,2,UCIAMS-165650,Vegetal,"Prosopis sp., pod",1580,20,-,McRostie et al. 2017,X,,,,1520,1360,1410,Lowlands
790,Arica y Parinacota,Lluta,260.0,Lowland,Morro Negro,N0E0,3,UGAMS-22086,Vegetal,"Gossypium sp., seed",1600,20,-,García et al. 2020,X,,,,1530,1380,1450,Lowlands
791,Arica y Parinacota,Lluta,260.0,Lowland,Morro Negro,S10E10,2,UGAMS-22084,Vegetal,"Schinus molle, fruit",1600,20,-,García et al. 2020,X,,,,1530,1380,1450,Lowlands
792,Arica y Parinacota,Lluta,260.0,Lowland,Morro Negro,N20W18,4a,UCIAMS-145250,Vegetal,"Prosopis sp., seed",1940,15,-,McRostie et al. 2017,X,,,,1890,1750,1850,Lowlands
793,Arica y Parinacota,Lluta,260.0,Lowland,Morro Negro,N0E0,3,UCIAMS-165651,Vegetal,"Prosopis sp., endocarp",3885,20,-,McRostie et al. 2017,X,,,,4410,4150,4270,Lowlands
794,Arica y Parinacota,Lluta,260.0,Lowland,Morro Negro,N20W18,4a,UCIAMS-145249,Vegetal,"Schoenoplectus sp., rhizome",3890,15,-,García et al. 2020,X,,,,4410,4160,4270,Lowlands
795,Arica y Parinacota,Lluta,260.0,Lowland,Morro Negro,U-TP,-,﻿Beta-115430,Vegetal,Charcoal,3900,100,-,Santoro et al. 2011; Gayó et al. 2015,X,,,,4570,3940,4280,Lowlands
796,Arica y Parinacota,Lluta,260.0,Lowland,Morro Negro,N20W18,4b,UCIAMS-145246,Vegetal,"Schoenoplectus sp., rhizome",3910,15,-,García et al. 2020,X,,,,4410,4160,4310,Lowlands
797,Arica y Parinacota,Lluta,260.0,Lowland,Morro Negro,S10E0,6,UCIAMS-145243,Vegetal,"Schoenoplectus sp., rhizome",3910,20,-,García et al. 2020,X,,,,4410,4160,4310,Lowlands
798,Arica y Parinacota,Lluta,260.0,Lowland,Morro Negro,N20W10,4,UCIAMS-145251,Vegetal,"Schoenoplectus sp., rhizome",3930,20,-,García et al. 2020,X,,,,4420,4190,4330,Lowlands
799,Arica y Parinacota,Lluta,260.0,Lowland,Morro Negro,S10E0,6,UCIAMS-145242,Vegetal,"K. lappacea, fruit",3935,15,-,García et al. 2020,X,,,,4420,4240,4340,Lowlands
800,Arica y Parinacota,Lluta,260.0,Lowland,Morro Negro,S10E10,2,﻿Beta-234466,Vegetal,Charcoal,3940,40,-,Santoro et al. 2011; Gayó et al. 2015,X,,,,4510,4160,4330,Lowlands
801,Arica y Parinacota,Lluta,260.0,Lowland,Morro Negro,N30W20,Bag  2/3,UCIAMS-145254,Vegetal,"L. siceraria, pericarp",3980,15,-,García et al. 2020,X,,,,4520,4260,4390,Lowlands
802,Arica y Parinacota,Lluta,260.0,Lowland,Morro Negro,-,E-4a,UGAMS-2959,Vegetal,Charcoal,4000,40,-,Santoro et al. 2011 ,X,,,,4530,4250,4430,Lowlands
803,Arica y Parinacota,Lluta,260.0,Lowland,Morro Negro,N20W18,4a,﻿Beta-234465,Vegetal,Charcoal,4020,40,-,Gayo et al. 2015,X,,,,4580,4290,4460,Lowlands
804,Arica y Parinacota,Lluta,260.0,Lowland,Morro Negro,N0E0,4,UCIAMS-145252,Vegetal,"K. lappacea, fruit",4050,15,-,García et al. 2020,X,,,,4570,4420,4480,Lowlands
805,Arica y Parinacota,Lluta,260.0,Lowland,Morro Negro,N10E0,3,UCIAMS-145253,Coprolite,Human coprolite,4500,90,-,García et al. 2020,X,,,,5320,4850,5110,Lowlands
806,Arica y Parinacota,Lluta,260.0,Lowland,Morro Negro,N10E0,3,UGAMS-22087,Vegetal,"L. siceraria, pericarp",4500,25,-,García et al. 2020,X,,,,5290,4970,5140,Lowlands
807,Arica y Parinacota,Lluta,1220.0,Lowland,Sora Sur,E-I,-,Beta-336650,Vegetal,Semilla,290,30,-,Valenzuela 2013,X,,,,440,150,300,Lowlands
808,Arica y Parinacota,Lluta,1220.0,Lowland,Sora Sur,E-II,-,Beta-294873 ,Vegetal,Charcoal,640,30,-,Valenzuela 2013,X,,,,650,540,610,Lowlands
809,Arica y Parinacota,Lluta,1220.0,Lowland,Sora Sur,E-III/IV,-,Beta-294874 ,Vegetal,Charcoal,590,30,-,Valenzuela 2013,X,,,,630,510,550,Lowlands
810,Arica y Parinacota,Lluta,1220.0,Lowland,Sora Sur,E-III/IV,-,Beta-336649,Vegetal,Vegetal,590,30,-,Valenzuela 2013,X,,,,630,510,550,Lowlands
811,Arica y Parinacota,Lluta,1380.0,Lowland,"Millune, Poblado",R-11,5,Beta-180800,Vegetal,Charcoal,450,60,-,Williams et al. 2009,X,,,,530,320,460,Lowlands
812,Arica y Parinacota,Lluta,1380.0,Lowland,"Millune, Poblado",R-150,E-III,DAMS-030643,Vegetal,Maize ,404,26,-,Mendez-Quiros et al. 2022,X,,,,500,320,440,Lowlands
813,Arica y Parinacota,Lluta,1380.0,Lowland,"Millune, Poblado",R-150,Architecture,DAMS-030644,Vegetal,Maize ,559,23,-,Mendez-Quiros et al. 2022,X,,,,550,510,530,Lowlands
814,Arica y Parinacota,Lluta,1380.0,Lowland,"Millune, Poblado",R-153,E-II ,DAMS-030645,Vegetal,Maize ,521,30,-,Mendez-Quiros et al. 2022,X,,,,540,500,520,Lowlands
815,Arica y Parinacota,Lluta,1380.0,Lowland,"Millune, Poblado",R-52,Architecture,DAMS-030640,Vegetal,Maize ,384,33,-,Mendez-Quiros et al. 2022,X,,,,490,320,400,Lowlands
816,Arica y Parinacota,Lluta,1380.0,Lowland,"Millune, Poblado",R-94,E-III,DAMS-030642,Vegetal,Maize ,343,23,-,Mendez-Quiros et al. 2022,X,,,,450,300,390,Lowlands
817,Arica y Parinacota,Lluta,1380.0,Lowland,"Millune, Poblado",R-94,E-I,DAMS-030641,Vegetal,Maize ,549,26,-,Mendez-Quiros et al. 2022,X,,,,550,500,530,Lowlands
818,Arica y Parinacota,Lluta,1380.0,Lowland,"Millune, Poblado",URS2,E-I,Beta-336652,Vegetal,Semilla,390,30,-,Valenzuela 2013,X,,,,490,320,400,Lowlands
819,Arica y Parinacota,Lluta,1380.0,Lowland,"Millune, Poblado",URS2,I,Beta-294875 ,Vegetal,Charcoal,450,30,-,Valenzuela 2011 ,X,,,,520,330,480,Lowlands
820,Arica y Parinacota,Lluta,1380.0,Lowland,"Millune, Poblado",URS2,E-II,Beta-336651,Vegetal,Maize ,490,30,-,Valenzuela 2013,X,,,,540,460,510,Lowlands
821,Arica y Parinacota,Lluta,1380.0,Lowland,"Millune, Est. Oeste",URS1,E-II,Beta-336653,Vegetal,Charred material,440,30,-,Valenzuela 2013,X,,,,510,330,470,Lowlands
822,Arica y Parinacota,Lluta,380.0,Lowland,Rosario 2,R-58,-,Beta-101496,Vegetal,Charcoal,430,80,-,Romero 2005,X,,,,550,300,420,Lowlands
823,Arica y Parinacota,Lluta,1030.0,Lowland,Cruces de Molino,Bloque 12,-,Beta-298861,Animal,Camelid soft tissue,900,30,-,Valenzuela 2013,,,,X,900,680,760,Lowlands
824,Arica y Parinacota,Lluta,160.0,Lowland,Lluta 54 ,-,-,Beta-226820 ,Animal,Camelid fiber textile ,1076,30,-,Arriaza 2007; Gayó et al. 2015,,X,,,1050,820,940,Lowlands
825,Arica y Parinacota,Lluta,650.0,Lowland,KM 41 Sur,A21,T-2,UGAMS-15395,Animal,Camelid fiber textile ,390,20,-10.9 ,Mendez-Quiros 2015,,X,,,490,320,400,Lowlands
826,Arica y Parinacota,Lluta,650.0,Lowland,KM 41 Sur,A25,E-2,UGAMS-15396,Animal,Camelid fiber textile ,440,20,-18.6 ,Mendez-Quiros 2015,X,,,,500,340,470,Lowlands
827,Arica y Parinacota,Lluta,650.0,Lowland,KM 41 Sur,B44,E-1,UGAMS-15397,Vegetal,Maize ,540,20,-10.3 ,Mendez-Quiros 2015,X,,,,540,500,520,Lowlands
828,Arica y Parinacota,Lluta,650.0,Lowland,KM 41 Sur,B44,E-4,UGAMS-15398,Vegetal,Vegetal,700,20,-11.6 ,Mendez-Quiros 2015,X,,,,660,560,600,Lowlands
829,Arica y Parinacota,Lluta,650.0,Lowland,KM 41 Sur,D1,E-10,UGAMS-15399,Vegetal,Cattail,380,20,-27.3 ,Mendez-Quiros 2015,X,,,,490,320,390,Lowlands
830,Arica y Parinacota,Lluta,510.0,Lowland,Molle Pampa Este ,R-3,-,Beta-101497 ,Vegetal,Charcoal,340,80,-,Santoro et al. 2003 ,X,,,,510,140,370,Lowlands
831,Arica y Parinacota,Lluta,1500.0,Lowland,Vinto 1-2,E-II,-,Beta-336656,Vegetal,Maize ,360,30,-,Valenzuela 2013,X,,,,470,310,390,Lowlands
832,Arica y Parinacota,Lluta,1500.0,Lowland,Vinto 1-2,E-II,-,Beta-294877 ,Vegetal,Charcoal,370,30,-,Valenzuela 2011 ,X,,,,490,310,390,Lowlands
833,Arica y Parinacota,Lluta,1500.0,Lowland,Vinto 1-2,E-II,-,Beta-336657,Vegetal,Vegetal,390,30,-,Valenzuela 2013,X,,,,490,320,400,Lowlands
834,Arica y Parinacota,Lluta,1500.0,Lowland,Vinto 1-2,E-III/IV,-,Beta-336655,Vegetal,Semilla,620,30,-,Valenzuela 2013,X,,,,640,530,600,Lowlands
835,Arica y Parinacota,Lluta,1500.0,Lowland,Vinto 1-2,E-III/IV,-,Beta-336654,Vegetal,Maize ,630,30,-,Valenzuela 2013,X,,,,650,540,600,Lowlands
836,Arica y Parinacota,Lluta,1500.0,Lowland,Vinto 1-2,E-III/IV,-,Beta-294876 ,Vegetal,Charcoal,680,30,-,Valenzuela 2011 ,X,,,,660,560,600,Lowlands
837,Arica y Parinacota,Lluta,30.0,Coast,Mina Macarena,Cr-1,-,Beta-336496,Human,Human bone colagen,5550,40,-,Standen et al. 2014,,X,,,6400,6210,6310,Coast
838,Arica y Parinacota,Azapa,60.0,Coast,Morro 1,MNHN 11052,-,Beta-113382 ,Vegetal,Organic material ,3690,60,-,Llagostera 2003 ,,X,,,4220,3780,3980,Coast
839,Arica y Parinacota,Azapa,60.0,Coast,Morro 1,Momia 2280,-,GAK-9902,Vegetal,Wood,5240,230,-,Vera 1981,,X,,,6480,5480,5980,Coast
840,Arica y Parinacota,Azapa,60.0,Coast,Morro 1,Momia 2281,-,GAK-9903,Vegetal,Wood,5010,110,-,Vera 1981,,X,,,5990,5480,5720,Coast
841,Arica y Parinacota,Azapa,60.0,Coast,Morro 1,-,-,I-14336 ,Human,human soft tissue ,4360,110,-,Allison et al. 1984; Rivera and Rothhammer 1986,,X,,,5300,4580,4930,Coast
842,Arica y Parinacota,Azapa,60.0,Coast,Morro 1,-,C-4,-,Vegetal,Wood,5130,90,-,Standen 2003,,X,,,6160,5600,5830,Coast
843,Arica y Parinacota,Azapa,60.0,Coast,Morro 1,T-1,C-5,DRI-3453,Vegetal,Reed,3488,317,-27.97,Arriaza et al. 2005,,X,,,4790,2950,3760,Coast
844,Arica y Parinacota,Azapa,60.0,Coast,Morro 1,T-1,C-4,I-13539,Vegetal,Wood,5160,110,-,Allison et al. 1984; Rivera and Rothhammer 1986,,X,,,6180,5600,5870,Coast
845,Arica y Parinacota,Azapa,60.0,Coast,Morro 1,T-10B,-,DRI-3449,Vegetal,Vegetal matrix,5414,58,-19.79,Arriaza et al. 2005,,X,,,6290,6000,6170,Coast
846,Arica y Parinacota,Azapa,60.0,Coast,Morro 1,T-10B,-,DRI-3450,Human,Human bone colagen,5434,59,-18.88,Arriaza et al. 2005,,X,,,6300,6000,6200,Coast
847,Arica y Parinacota,Azapa,60.0,Coast,Morro 1,T-19,-,I-13650,Vegetal,Vegetal relleno momia,4350,280,-,Allison et al. 1984; Rivera and Rothhammer 1986,,X,,,5600,4150,4910,Coast
848,Arica y Parinacota,Azapa,60.0,Coast,Morro 1,T-21,C-1,I-13541,Human,Human soft tissue,4200,100,-,Allison et al. 1984; Rivera and Rothhammer 1986,,X,,,4960,4420,4680,Coast
849,Arica y Parinacota,Azapa,60.0,Coast,Morro 1,T-23,C-5,DRI-3390,Human,Human soft tissue,3818,60,-20.47,Arriaza et al. 2005,,X,,,4400,3980,4160,Coast
850,Arica y Parinacota,Azapa,60.0,Coast,Morro 1,T-23,Cjto 3. C-7,I-13543,Vegetal,Wood,4040,100,-,Allison et al. 1984; Rivera and Rothhammer 1986,,X,,,4820,4160,4490,Coast
851,Arica y Parinacota,Azapa,60.0,Coast,Morro 1,T-23,C-12,DRI-3448,Human,Human soft tissue,4633,55,-19.56,Arriaza et al. 2005,,X,,,5470,5050,5310,Coast
852,Arica y Parinacota,Azapa,60.0,Coast,Morro 1,T-25,C-25,ETH-18326,Mixed,Wood and hair,4260,74,-22.5,Arriaza et al. 2005,,X,,,4960,4530,4740,Coast
853,Arica y Parinacota,Azapa,60.0,Coast,Morro 1,T-25,C-5,-,Vegetal,Vegetal relleno momia,4260,75,-,Standen 2003,,X,,,4960,4530,4740,Coast
854,Arica y Parinacota,Azapa,60.0,Coast,Morro 1,T-25,Cjto 4. C-6,I-13542,Human,Human soft tissue,4570,100,-,Allison et al. 1984; Rivera and Rothhammer 1986,,X,,,5470,4880,5170,Coast
855,Arica y Parinacota,Azapa,60.0,Coast,Morro 1,T-27 ,-,Beta-189248 ,Human,Human bone colagen,3830,40,-,Santoro 2004; Gayó et al. 2015,,X,,,4400,3990,4180,Coast
856,Arica y Parinacota,Azapa,60.0,Coast,Morro 1,T-28,C-9,I-13651,Human,Human soft tissue,3670,100,-,Allison et al. 1984; Rivera and Rothhammer 1986,,X,,,4250,3650,3960,Coast
857,Arica y Parinacota,Azapa,60.0,Coast,Morro 1,T-28,C-8,I-13656,Human,Human soft tissue,3790,140,-,Allison et al. 1984; Rivera and Rothhammer 1986,,X,,,4520,3720,4130,Coast
858,Arica y Parinacota,Azapa,60.0,Coast,Morro 1,T-28,C-22,I-13652,Human,Human soft tissue,3830,100,-,Allison et al. 1984; Rivera and Rothhammer 1986,,X,,,4510,3890,4180,Coast
859,Arica y Parinacota,Azapa,60.0,Coast,Morro 1,T-7,C-6,DRI-3389,Mixed,"Wood, hair and soft human issue",4093,81,-20.57,Arriaza et al. 2005,,X,,,4830,4300,4570,Coast
860,Arica y Parinacota,Azapa,60.0,Coast,Morro 1,T-7,C-5,DRI-3451,Vegetal,Reed,4174,86,-25.71,Arriaza et al. 2005,,X,,,4850,4430,4660,Coast
861,Arica y Parinacota,Azapa,60.0,Coast,Morro 1,T-7,C-4,DRI-3388,Human,Human soft tissue,4394,54,-19.62,Arriaza et al. 2005,,X,,,5280,4830,4940,Coast
862,Arica y Parinacota,Azapa,60.0,Coast,Morro 1,T-7,C-1,Beta-40956,Vegetal,Wood,4520,90,-,Standen 1991,,X,,,5440,4860,5130,Coast
863,Arica y Parinacota,Azapa,60.0,Coast,Morro 1,T-7,C-1,I-13653,Vegetal,Vegetal relleno momia,7810,180,-,Allison et al. 1984; Rivera and Rothhammer 1986,,X,,,9090,8190,8620,Coast
864,Arica y Parinacota,Azapa,60.0,Coast,Morro 1/1,MNHN 10955,-,DRI-3447,Textile,String,3933,143,-25.37,Arriaza et al. 2005,,X,,,4820,3930,4320,Coast
865,Arica y Parinacota,Azapa,60.0,Coast,Morro 1/1,MNHN 10988,-,DRI-3446,Textile,String,3618,83,-23.69,Arriaza et al. 2005,,X,,,4150,3640,3890,Coast
866,Arica y Parinacota,Azapa,60.0,Coast,Morro 1/1,MNHN 11040,-,DRI-3454,Vegetal,Reed,3296,210,-27.62,Arriaza et al. 2005,,X,,,4080,2960,3500,Coast
867,Arica y Parinacota,Azapa,60.0,Coast,Morro 1/1,MNHN Caja 72,-,DRI-3455,Vegetal,Reed,4297,135,-26.48,Arriaza et al. 2005,,X,,,5290,4440,4820,Coast
868,Arica y Parinacota,Azapa,60.0,Coast,Morro 1/5,T-1,-,GX-17019,Human,Human soft tissue,4120,75,-,Guillen 1992,,X,,,4830,4420,4610,Coast
869,Arica y Parinacota,Azapa,80.0,Coast,Morro 1/6,T-1,-,I-14957 ,Human,Human soft tissue,3780,100,-,Focacci and Chacon 1989 ,,X,,,4410,3850,4110,Coast
870,Arica y Parinacota,Azapa,80.0,Coast,Morro 1/6,T-23,-,GX-18263,Human,Human soft tissue,4010,75,-,Focacci and Chacon 1989 ,,X,,,4800,4160,4440,Coast
871,Arica y Parinacota,Azapa,80.0,Coast,Morro 1/6,T-27,-,GX-18261,Human,Human soft tissue,3750,140,-,Focacci and Chacon 1989 ,,X,,,4510,3690,4080,Coast
872,Arica y Parinacota,Azapa,80.0,Coast,Morro 1/6,T-39,-,-,Human,Human soft tissue,3880,70,-,Focacci and Chacon 1989 ,,X,,,4510,3990,4260,Coast
873,Arica y Parinacota,Azapa,80.0,Coast,Morro 1/6,T-53,-,GX-18262,Human,Human soft tissue,3895,75,-,Focacci and Chacon 1989 ,,X,,,4520,4000,4270,Coast
874,Arica y Parinacota,Azapa,80.0,Coast,Morro 1/6,T-6,-,I-14958,Human,Human soft tissue,3560,100,-,Focacci and Chacon 1989 ,,X,,,4090,3490,3810,Coast
875,Arica y Parinacota,Azapa,80.0,Coast,Morro 1/6,T-9,-,GX-18260,Human,Human soft tissue,4310,145,-,Focacci and Chacon 1989 ,,X,,,5300,4440,4850,Coast
876,Arica y Parinacota,Azapa,70.0,Coast,Morro 2/2,T-4,-,Beta-23401,Human,Human soft tissue,2700,80,-,Focacci and Chacon 1989 ,,X,,,2990,2490,2790,Coast
877,Arica y Parinacota,Azapa,70.0,Coast,Morro 2/2,T-6,-,Beta-23402,Human,Human soft tissue,2770,80,-,Focacci and Chacon 1989 ,,X,,,3070,2730,2850,Coast
878,Arica y Parinacota,Azapa,70.0,Coast,Morro 2/2,T-8,-,Beta-23403,Human,Human soft tissue,2750,80,-,Focacci and Chacon 1989 ,,X,,,3070,2620,2830,Coast
879,Arica y Parinacota,Azapa,60.0,Coast,Morro C,T-0,-,-,-,-,3730,70,-,Standen et al. 2018,,X,,,4280,3830,4040,Coast
880,Arica y Parinacota,Azapa,70.0,Coast,Morro 2A ,T-0 ,-,Beta-189249 ,Human,human soft tissue ,3710,50,-,Santoro 2004; Gayó et al. 2015,,X,,,4150,3850,4010,Coast
881,Arica y Parinacota,Azapa,30.0,Coast,Maestranza Chinchorro 1,T-1,-,Beta-3452,Human,Human bone colagen,5170,70,-,Standen et al. 2014; Gayó et al. 2015,,X,,,6170,5660,5870,Coast
882,Arica y Parinacota,Azapa,30.0,Coast,Maestranza Chinchorro 1,T-4,-,Beta-18324,-,-,5453,170,-,Standen et al. 2014,,X,,,6620,5760,6190,Coast
883,Arica y Parinacota,Azapa,30.0,Coast,Maestranza Chinchorro 1,T-5,-,Beta-301707,-,-,5060,40,-,Standen et al. 2014,,X,,,5900,5610,5770,Coast
884,Arica y Parinacota,Azapa,30.0,Coast,Maestranza Chinchorro 1,T-8A,-,Beta-301706,-,-,5080,40,-,Standen et al. 2014,,X,,,5910,5660,5800,Coast
885,Arica y Parinacota,Azapa,30.0,Coast,Maestranza Chinchorro 1,T-9,-,Beta-202068,-,-,5100,100,-,Standen et al. 2014,,X,,,6110,5590,5800,Coast
886,Arica y Parinacota,Azapa,3280.0,Precordillera,Mullipungo 4,E-5,N-1 (30 cm),Beta-385126,Vegetal,Charcoal,2930,30,-,Sepúlveda et al. 2018,X,,,,3160,2880,3030,Precordillera
887,Arica y Parinacota,Azapa,30.0,Coast,Maestranza Chinchorro 1,T-4,-,DRI-3452,Vegetal,Wood,5438,170,-24.06,Arriaza et al. 2005,,X,,,6560,5750,6180,Coast
888,Arica y Parinacota,Camarones,3010.0,Precordillera,Nama 1 ,R-287,E-1,Beta-210436,Vegetal,Charcoal,970,60,-,Mendez-Quiros and Uribe 2010,X,,,,960,730,840,Precordillera
889,Arica y Parinacota,Camarones,3010.0,Precordillera,Nama 1 ,R-67,E-4,Beta-210437 ,Vegetal,Charcoal,770,70,-,Mendez-Quiros and Uribe 2010,X,,,,770,560,670,Precordillera
890,Arica y Parinacota,Lluta,3800.0,Precordillera,Patapatane 1,20,-,Beta-43019,Vegetal,Charcoal,7970,110,-,Santoro et al. 2005,X,,,,9090,8460,8790,Altiplano
891,Arica y Parinacota,Lluta,3800.0,Precordillera,Patapatane 1,J/Trin-1,Q-12 (112cm),I-12837 ,Vegetal,Charcoal,8160,340,-,Santoro and Chacama 1984 ,X,,,,10110,8220,9050,Altiplano
892,Arica y Parinacota,Azapa,3800.0,Precordillera,Patapatane 1,T-1,-,Beta-40958,Human,Human bone colagen,5910,90,-,Santoro and Chacama 1984 ,,X,,,6940,6450,6690,Altiplano
893,Arica y Parinacota,Azapa,3800.0,Precordillera,Patapatane 1,Trin-2,Q-2 (70-75cm),I-12838 ,Vegetal,Charcoal ,4890,130,-,Santoro and Chacama 1984 ,X,,,,5900,5320,5590,Altiplano
894,Arica y Parinacota,Lluta,3800.0,Precordillera,Patapatane 1,U-1,E-H,Beta-238850,Vegetal,Charcoal,6150,40,-,Santoro et al. 2011 ,X,,,,7160,6860,6990,Altiplano
895,Arica y Parinacota,Lluta,3800.0,Precordillera,Patapatane 1,U-1,E-I ,Beta-238851,Vegetal,Charcoal,6190,40,-,Santoro et al. 2011 ,X,,,,7170,6900,7050,Altiplano
896,Arica y Parinacota,Lluta,3800.0,Precordillera,Patapatane 1,U-1,E-J,Beta-238852,Vegetal,Charcoal,8440,80,-,Santoro et al. 2011 ,X,,,,9540,9140,9410,Altiplano
897,Arica y Parinacota,Lluta,3800.0,Precordillera,Patapatane 1,U-2,E-G,Beta-238853,Vegetal,Charcoal,7010,40,-,Santoro et al. 2011 ,X,,,,7930,7690,7800,Altiplano
898,Arica y Parinacota,Lluta,3800.0,Precordillera,Patapatane 1,U-3,E-5,Beta-238857 ,Vegetal,Charcoal,2560,50,-,Santoro et al. 2011; Sepulveda 2018,X,,,,2750,2370,2590,Altiplano
899,Arica y Parinacota,Lluta,3800.0,Precordillera,Patapatane 1,U-3,E-3,Beta-238856,Vegetal,Charcoal,2800,40,-,Santoro et al. 2011; Sepulveda 2018,X,,,,2960,2760,2860,Altiplano
900,Arica y Parinacota,Lluta,3800.0,Precordillera,Patapatane 1,U-3,E-C,Beta-238854,Vegetal,Charcoal,4120,50,-,Santoro et al. 2011 ,X,,,,4820,4430,4600,Altiplano
901,Arica y Parinacota,Lluta,3800.0,Precordillera,Patapatane 1,U-4,E-2B,Beta-238855,Vegetal,Charcoal,1890,50,-,Santoro et al. 2011; Sepulveda 2018,X,,,,1920,1620,1780,Altiplano
902,Arica y Parinacota,Arheic coast,10.0,Coast,Punta Baquedano ,-,E-2,-,Vegetal,Charcoal ,1686,73,-,Arriaza et al. 2001 ,X,,,,1710,1370,1540,Coast
903,Arica y Parinacota,Arheic coast,10.0,Coast,Punta Baquedano ,-,E-4,-,Vegetal,Charcoal ,1695,73,-,Arriaza et al. 2001 ,X,,,,1710,1370,1550,Coast
904,Arica y Parinacota,Arheic coast,10.0,Coast,Punta Baquedano ,-,E-9,-,Vegetal,Charcoal ,1719,69,-,Arriaza et al. 2001 ,X,,,,1740,1410,1580,Coast
905,Arica y Parinacota,Arheic coast,10.0,Coast,Punta Baquedano ,-,E-18,-,Vegetal,Charcoal ,2150,121,-,Arriaza et al. 2001 ,X,,,,2360,1750,2090,Coast
906,Arica y Parinacota,Arheic coast,10.0,Coast,Punta Baquedano ,-,E-17,-,Vegetal,Charcoal ,2379,57,-,Arriaza et al. 2001 ,X,,,,2700,2140,2360,Coast
907,Arica y Parinacota,Arheic coast,10.0,Coast,Punta Baquedano ,-,E-16,-,Vegetal,Charcoal ,2428,53,-,Arriaza et al. 2001 ,X,,,,2710,2180,2450,Coast
908,Arica y Parinacota,Arheic coast,10.0,Coast,Punta Baquedano ,-,E-21,-,Vegetal,Charcoal ,2510,176,-,Arriaza et al. 2001 ,X,,,,2950,2100,2530,Coast
909,Arica y Parinacota,Tana,35.0,Coast,Punta Pichalo,N-B,-,Gak-9537,Vegetal,Charcoal,2970,130,-,"Rivera 1984, in Aufderheide et al. 1994",X,,,,3380,2780,3090,Coast
910,Arica y Parinacota,Tana,35.0,Coast,Punta Pichalo,N-B2,-,Rl-1478,Vegetal,Charcoal,2990,250,-,"Rivera 1984, in Aufderheide et al. 1994",X,,,,3820,2490,3130,Coast
911,Arica y Parinacota,Lluta,3600.0,Precordillera,Piñuta,4,E-5,I-12834,Vegetal,Charcoal,2540,180,-,Santoro and Chacama 1982; Sepúlveda et al. 2018,X,,,,3000,2110,2560,Precordillera
912,Arica y Parinacota,Lluta,3600.0,Precordillera,Piñuta,-,-,I-12833,Vegetal,Charcoal,2520,90,-,Santoro and Núñez 1987; Sepúlveda et al. 2018,X,,,,2750,2350,2550,Precordillera
913,Arica y Parinacota,Lluta,3600.0,Precordillera,Piñuta,Trin-1,-,I-11832,Vegetal,Charcoal,3750,140,-,Santoro and Chacama 1982,X,,,,4510,3690,4080,Precordillera
914,Arica y Parinacota,Lluta,3600.0,Precordillera,Piñuta,U-F,E-8,﻿Beta-319883,Animal,Charred bone,4150,30,-19.1,Sepúlveda et al. 2019,X,,,,4820,4450,4640,Precordillera
915,Arica y Parinacota,Tana,60.0,Coast,Pisagua N,R-1,E-3A,Beta-210435,Vegetal,Charcoal,880,40,-12.0 ,Mendez-Quiros and Uribe 2010,X,,,,900,670,740,Coast
916,Arica y Parinacota,Azapa,20.0,Coast,Playa Miller 4 ,-,-,Beta-226823 ,Human,Human hair? ,1080,40,-,"Arriaza 2007, in Gayó et al. 2015",,X,,,1060,810,940,Coast
917,Arica y Parinacota,Azapa,20.0,Coast,Playa Miller 4 ,-,-,Beta-226825 ,Human,Human hair? ,1110,40,-,"Arriaza 2007, in Gayó et al. 2015",,X,,,1060,920,970,Coast
918,Arica y Parinacota,Azapa,30.0,Coast,Playa Miller 7,-,-,GAK-5812,Vegetal,"Gossypium sp., seed",2480,100,-,Rivera 1977; Rivera and Rothammer 1986,,X,,,2750,2160,2520,Coast
919,Arica y Parinacota,Azapa,30.0,Coast,Playa Miller 8,3524,-,DRI-3445,Human,Human bone colagen,5744,310,-22.06,Arriaza et al. 2005,,X,,,7280,5900,6540,Coast
920,Arica y Parinacota,Azapa,30.0,Coast,Playa Miller 8,8PEC1,-,Beta-286650,Vegetal,Reed,4170,40,-,Silva-Pinto et al. 2013,,X,,,4830,4530,4680,Coast
921,Arica y Parinacota,Azapa,30.0,Coast,Playa Miller 8,-,-,Beta-226827 ,Human,Human skin and hair?,1000,40,-,"Arriaza 2007, in Gayó et al. 2015",,X,,,960,770,860,Coast
922,Arica y Parinacota,Azapa,30.0,Coast,Playa Miller 8,-,-,GAK-5811,Vegetal,Wood,4090,105,-,Rivera 1984,,X,,,4840,4250,4560,Coast
923,Arica y Parinacota,Azapa,30.0,Coast,Playa Miller 8,-,-,-,-,-,4572,105,-,"Alvarez 1969, in Silva-Pinto et al. 2013",,X,,,5470,4870,5180,Coast
924,Arica y Parinacota,Azapa,20.0,Coast,Playa Miller 9,-,-,Beta-78637 ,Animal,Camelid fiber textile ,530,60,-,"Cassman 1997, in Gayó et al. 2015",,X,,,630,330,520,Coast
925,Arica y Parinacota,Azapa,20.0,Coast,Playa Miller 9,-,-,Beta-78638 ,Animal,Camelid fiber textile ,1530,60,-,"Cassman 1997, in Gayó et al. 2015",,X,,,1520,1300,1380,Coast
926,Arica y Parinacota,Azapa,20.0,Coast,Playa Miller 9,T-1,-,Beta-78634 ,Animal,Camelid fiber textile ,720,60,-,"Cassman and Arriaza 1997, in Sutter 2005 ",,X,,,720,550,630,Coast
927,Arica y Parinacota,Azapa,20.0,Coast,Playa Miller 9,T-14,-,I-10861 ,Vegetal,Tessaria absinthioides,750,80,-,Focacci 1982,,X,,,770,540,650,Coast
928,Arica y Parinacota,Azapa,20.0,Coast,Playa Miller 9,T-18,-,Beta-78635 ,Animal,Camelid fiber textile ,640,50,-,"Cassman and Arriaza 1997, in Sutter 2005 ",,X,,,660,530,600,Coast
929,Arica y Parinacota,Azapa,20.0,Coast,Playa Miller 9,T-21,-,Beta-78636 ,Animal,Camelid fiber textile ,920,50,-,"Cassman and Arriaza 1997, in Sutter 2005 ",,X,,,920,680,790,Coast
930,Arica y Parinacota,Azapa,20.0,Coast,Playa Miller 9,T-24,-,I-11624,Vegetal,Tessaria absinthioides,1055,80,-,Focacci 1982,,X,,,1070,740,910,Coast
931,Arica y Parinacota,Azapa,3270.0,Precordillera,Pampa El Muerto 11,SE/C-3,N-E,Beta-418825,Vegetal,Charcoal,4150,30,-,Sepúlveda et al. 2018,X,,,,4820,4450,4640,Precordillera
932,Arica y Parinacota,Azapa,3195.0,Precordillera,Pampa El Muerto 12,N-B,C-1,Beta-361537,Vegetal,Charcoal in sediment,4440,30,-,Guerrero and Sepúlveda 2018,X,,,,5270,4860,4980,Precordillera
933,Arica y Parinacota,Azapa,3174.0,Precordillera,Pampa El Muerto 15,N-13,-,Beta-319884,Animal,Charred bone,9510,95,-14.1,Osorio et al. 2016,X,,,,11150,10500,10760,Precordillera
934,Arica y Parinacota,Azapa,3174.0,Precordillera,Pampa El Muerto 15,N-4,-,Beta-335685,Animal,Animal bone ,1530,30,-14.9,Sepúlveda et al. 2013,X,,,,1420,1310,1360,Precordillera
935,Arica y Parinacota,Azapa,3174.0,Precordillera,Pampa El Muerto 15,N-9,-,Beta-335686,Animal,Charred bone,8190,30,-17,Osorio et al. 2016,X,,,,9270,9010,9090,Precordillera
936,Arica y Parinacota,Azapa,3174.0,Precordillera,Pampa El Muerto 15,U-1,-,-,Vegetal,Charcoal,2630,50,-,"Santoro, C.P., in Osorio et al. 2016",X,,,,2850,2490,2720,Precordillera
937,Arica y Parinacota,Azapa,3301.0,Precordillera,Pampa El Muerto 2,N-8,-,Beta-24356,Vegetal,Charcoal,2630,50,-,Guerrero and Sepúlveda 2018,X,,,,2850,2490,2720,Precordillera
938,Arica y Parinacota,Azapa,3269.0,Precordillera,Pampa El Muerto 3,C5/E-II,N-1/F-1,UGAMS-3041,Vegetal,Charcoal,430,25,-,Sepúlveda et al. 2013,X,,,,500,330,470,Precordillera
939,Arica y Parinacota,Azapa,3269.0,Precordillera,Pampa El Muerto 3,C5/E-II,N-3/R-2,UGAMS-3042,Vegetal,Charcoal,2180,30,-,Sepúlveda et al. 2013,X,,,,2300,2010,2110,Precordillera
940,Arica y Parinacota,Azapa,3269.0,Precordillera,Pampa El Muerto 3,C5/E-III,N-1/F-6,UGAMS-3043,Vegetal,Charcoal,2460,30,-,Sepúlveda et al. 2013,X,,,,2700,2350,2460,Precordillera
941,Arica y Parinacota,Azapa,3260.0,Precordillera,Pampa El Muerto 8,A3/ E-II,N-2,UGAMS-3039,Vegetal,Charcoal,5750,30,-11,Sepúlveda et al. 2013,X,,,,6630,6400,6500,Precordillera
942,Arica y Parinacota,Azapa,3260.0,Precordillera,Pampa El Muerto 8,B4/U1/E-II,N-1,UGAMS-3040,Vegetal,Charcoal,1680,25,-22.1,Sepúlveda et al. 2013,X,,,,1590,1430,1540,Precordillera
943,Arica y Parinacota,Azapa,3230.0,Precordillera,Alero Los Tres,E-5,N-B,Beta-441599,Vegetal,Charcoal,3710,30,-11.5,Sepúlveda et al. 2018,X,,,,4150,3890,4010,Precordillera
944,Arica y Parinacota,Azapa,3230.0,Precordillera,Alero Los Tres,E-6,N-A,Beta-441600,Vegetal,Charred sediment,4160,30,-15.6,Sepúlveda et al. 2018,X,,,,4820,4530,4670,Precordillera
945,Arica y Parinacota,Azapa,,Precordillera,El Mirador,U-1/E-3,N-A,Beta-441605,Vegetal,Charcoal,150,30,-,Guerrero and Sepúlveda 2020,X,,,,270,...,100,
946,Arica y Parinacota,Azapa,,Precordillera,El Mirador,U-1/E-5,N-A,Beta-441606,Vegetal,Charcoal,280,30,-,Guerrero and Sepúlveda 2020,X,,,,440,150,290,
947,Arica y Parinacota,Tana,60.0,Coast,Pisagua 7,T-23,-,Gx-16098,Human,Human skin,2695,85,-,Aufderheide et al. 1994,,X,,,3000,2490,2780,Coast
948,Arica y Parinacota,Tana,60.0,Coast,Pisagua 7,T-26B,-,Gx-16097,Human,Human soft tissue ,2955,155,-,Aufderheide et al. 1994,,X,,,3440,2750,3080,Coast
949,Arica y Parinacota,Tana,110.0,Coast,Pisagua Viejo 4,T-2,-,IVIC-170,Vegetal,Wood and vegetal fiber,5220,170,-,Núñez 1976,,X,,,6290,5600,5950,Coast
950,Arica y Parinacota,Tana,110.0,Coast,Pisagua Viejo 4,T-2 ,-,IVIC-170,Vegetal,Wood and vegetal fiber,4880,320,-,Núñez 1976,,X,,,6310,4730,5560,Coast
951,Arica y Parinacota,Azapa,,Precordillera,La Puerta,N-4D,-,Beta-428146,Vegetal,Charcoal,7950,30,-,Guerrero and Sepúlveda 2018,X,,,,8980,8600,8740,
952,Arica y Parinacota,Azapa,,Precordillera,La Puerta,N-B,E-3,Beta-361535,Vegetal,Charcoal,1040,30,-,Guerrero and Sepúlveda 2018,X,,,,960,800,900,
953,Arica y Parinacota,Azapa,,Precordillera,La Puerta,U-1(Ext-N)/E-2,N-B,Beta-441607,Vegetal,Charcoal,8260,30,-,Guerrero and Sepúlveda 2018,X,,,,9400,9030,9190,
954,Arica y Parinacota,Lluta,3600.0,Precordillera,Puxuma 1,-,-,﻿Beta-319886,Vegetal,Charcoal,4100,40,-23.4,Sepúlveda et al. 2019,X,,,,4810,4420,4560,Precordillera
955,Arica y Parinacota,Lluta,3600.0,Precordillera,Puxuma 1,-,-,﻿Beta-319887,Vegetal,Charcoal,4110,40,-22,Sepúlveda et al. 2019,X,,,,4810,4420,4570,Precordillera
956,Arica y Parinacota,Lluta,3600.0,Precordillera,Puxuma 1,-,-,Beta-335687,Vegetal,Charcoal,4170,30,-23.6,Sepúlveda et al. 2019,X,,,,4820,4530,4680,Precordillera
957,Arica y Parinacota,Lluta,3600.0,Precordillera,Puxuma 1,-,-,I-11872 ,Vegetal,Charcoal,4240,95,-,Santoro and Chacama 1982 ,X,,,,5030,4440,4720,Precordillera
958,Arica y Parinacota,Lluta,3600.0,Precordillera,Puxuma 1,Trin-1,-,I-11645 ,Vegetal,Charcoal ,4010,100,-,Santoro and Chacama 1982 ,X,,,,4820,4150,4440,Precordillera
959,Arica y Parinacota,Lluta,3600.0,Precordillera,Puxuma 2,-,-,﻿Beta-319887,Human,Human bone colagen,2690,30,-24.5,Sepúlveda et al. 2019,,X,,,2850,2730,2770,Precordillera
960,Arica y Parinacota,Lluta,3600.0,Precordillera,Puxuma 2,-,-,Beta-24357 ,Vegetal,Charcoal,3510,80,-,Nunez and Santoro 1988 ,X,,,,3970,3490,3740,Precordillera
961,Arica y Parinacota,Lluta,3600.0,Precordillera,Puxuma 2,-,-,Beta-335688,Animal,Charred bone,3540,30,-11.4,Sepúlveda et al. 2019,X,,,,3880,3650,3770,Precordillera
962,Arica y Parinacota,Azapa,40.0,Coast,Quiani Cr,-,-,Beta-336489,-,-,5850,30,-,Standen et al. 2014,,X,,,6730,6500,6620,Coast
963,Arica y Parinacota,Azapa,25.0,Coast,Quiani 1,E-inf.,-,I-1349,Marine,Charcoal and fish bones,5630,145,-,"Mostny 1964, in Nuñez 1976",X,,,,6740,6010,6400,Coast
964,Arica y Parinacota,Azapa,25.0,Coast,Quiani 1,E-inf.,-,I-1348,Vegetal,Charcoal,6170,220,-,"Mostny 1964, in Nuñez 1976",X,,,,7470,6490,7010,Coast
965,Arica y Parinacota,Azapa,40.0,Coast,Quiani 7,-,-,I-13655,Human,Human soft tissue,3240,90,-,Arriaza 1994,,X,,,3680,3180,3420,Coast
966,Arica y Parinacota,Azapa,40.0,Coast,Quiani 7,-,-,I-13654,Human,Human soft tissue,3280,90,-,Arriaza 1994,,X,,,3690,3240,3470,Coast
967,Arica y Parinacota,Azapa,40.0,Coast,Quiani 7,-,-,GAK-5814,Vegetal,Wood,3590,100,-,Rivera 1976,,X,,,4150,3570,3850,Coast
968,Arica y Parinacota,Azapa,40.0,Coast,Quiani 7B,-,-,-,Human,Human,3680,100,-,Standen et al. 2018,,X,,,4290,3650,3970,Coast
969,Arica y Parinacota,Azapa,60.0,Coast,Quiani 9,-,-,GAK-8781 ,Vegetal,Charcoal and organic material,5250,430,-,"Munoz and Chacama 1982, in Standen et al. 2014",X,,,,7150,4960,5990,Coast
970,Arica y Parinacota,Azapa,60.0,Coast,Quiani 9,-,-,I-11643 ,-,-,6115,280,-,"Munoz 1982, in Gayó et al. 2015",X,,,,7510,6320,6940,Coast
971,Arica y Parinacota,Azapa,60.0,Coast,Quiani 9,-,-,GAK-8782 ,Vegetal,Charcoal,6370,540,-,"Munoz 1982, in Gayó et al. 2015",X,,,,8350,6020,7190,Coast
972,Arica y Parinacota,Camarones,1290.0,Lowland,Sabaipugro,-,-,I-5612,Vegetal,Charcoal,525,90,-,"Niemeyer, Solimano and Schiapacasse C.P., in Rivera 1977",X,,,,650,320,510,Lowlands
973,Arica y Parinacota,Camarones,1290.0,Lowland,Sabaipugro,-,-,I-5611,Vegetal,Charcoal,715,90,-,"Niemeyer, Solimano and Schiapacasse C.P., in Rivera 1977",X,,,,770,520,630,Lowlands
974,Arica y Parinacota,Azapa,3100.0,Precordillera,Tangani 1,C4/E-II,N-2,Beta-259165,Vegetal,Charcoal,4170,40,-,Sepúlveda et al. 2013,X,,,,4830,4530,4680,Precordillera
975,Arica y Parinacota,Azapa,3100.0,Precordillera,Tangani 1,C4/E-III,N-1,Beta-259166,Vegetal,Charcoal,4400,40,-22.8,Sepúlveda et al. 2013,X,,,,5260,4840,4940,Precordillera
976,Arica y Parinacota,Azapa,3100.0,Precordillera,Tangani 1,D4/E-II,N-5 (80 cm),Beta-259168,Vegetal,Charcoal,790,40,-23.5,Sepúlveda et al. 2013,X,,,,740,570,690,Precordillera
977,Arica y Parinacota,Azapa,3100.0,Precordillera,Tangani 1,D4/E-II,N-5 (65 cm),Beta-259167,Vegetal,Charcoal,5160,60,-9.9,Sepúlveda et al. 2013,X,,,,6110,5660,5860,Precordillera
978,Arica y Parinacota,Tana,1010.0,Lowland,Tana Norte,S-2 ,U1,OxA 39455,Vegetal,Maize ,1030,17,-,Santana et al. 2021,X,,,,960,810,870,Lowlands
979,Arica y Parinacota,Tana,990.0,Lowland,Tana Sur,S-1,-,OxA 39456,Vegetal,Maize ,898,18,-,Santana et al. 2021,X,,,,790,730,760,Lowlands
980,Arica y Parinacota,Azapa,,Precordillera,Ticnamar ,-,-,-,Vegetal,Charcoal ,9090,75,-,"Rech 2001, in Gayó et al. 2015",X,,,,10490,9910,10220,
981,Arica y Parinacota,Tana,1010.0,Lowland,Tiliviche 1B ,-,-,UGAMS-24881,Vegetal,Prosopis fruit,860,25,-,McRostie et al. 2017,X,,,,770,680,720,Lowlands
982,Arica y Parinacota,Tana,1010.0,Lowland,Tiliviche 1B ,-,-,SI-3116,Vegetal,Charcoal,9760,365,-,Nuñez 1983; Nunez and Moragas 1977-1978 ,X,,,,12470,10240,11170,Lowlands
983,Arica y Parinacota,Tana,1010.0,Lowland,Tiliviche 1B ,U-1,-,SI-3114 ,Vegetal,Charcoal,6060,60,-,Nunez and Moragas 1977-1978 ,X,,,,7150,6680,6870,Lowlands
984,Arica y Parinacota,Tana,1010.0,Lowland,Tiliviche 1B ,U-2 ,-,SI-5054 ,Vegetal,Charcoal,6710,95,-,Nunez 1986 ,X,,,,7700,7340,7540,Lowlands
985,Arica y Parinacota,Tana,1010.0,Lowland,Tiliviche 1B ,U-1,-,N-2485 ,Vegetal,Charcoal,6800,90,-,Nunez and Moragas 1977-1978 ,X,,,,7790,7430,7620,Lowlands
986,Arica y Parinacota,Tana,1010.0,Lowland,Tiliviche 1B ,U-1,-,SI-3115 ,Vegetal,Charcoal,6905,65,-,Nunez and Moragas 1977-1978 ,X,,,,7910,7580,7710,Lowlands
987,Arica y Parinacota,Tana,1010.0,Lowland,Tiliviche 1B ,U-1,-,Gak-6052,Vegetal,Vegetal fiber,7850,280,-,Nuñez 1983; Nunez and Moragas 1977-1978 ,X,,,,9420,8040,8700,Lowlands
988,Arica y Parinacota,Tana,1010.0,Lowland,Tiliviche 1B ,U-2 ,-,SI-5057 ,Vegetal,Charcoal,2365,115,-,Nunez 1986 ,X,,,,2720,2100,2360,Lowlands
989,Arica y Parinacota,Tana,1010.0,Lowland,Tiliviche 1B ,U-2 ,-,SI-5056 ,Vegetal,Charcoal,4670,140,-,Nunez 1986 ,X,,,,5600,4880,5330,Lowlands
990,Arica y Parinacota,Tana,1010.0,Lowland,Tiliviche 1B ,U-2 ,-,SI-5053 ,Vegetal,Charcoal,5185,170,-,Nunez 1986 ,X,,,,6290,5590,5910,Lowlands
991,Arica y Parinacota,Tana,1010.0,Lowland,Tiliviche 1B ,U-2 ,-,SI-5055 ,Vegetal,Charcoal,7205,310,-,Nunez 1986 ,X,,,,8640,7430,8010,Lowlands
992,Arica y Parinacota,Tana,1010.0,Lowland,Tiliviche 1B ,U-2A,E-C/N-2,OxA 39457,Vegetal,Maize ,860,17,-,Santana et al. 2021,X,,,,770,680,720,Lowlands
993,Arica y Parinacota,Tana,1010.0,Lowland,Tiliviche 1B ,U-2A,E-C/N-3,OxA 39877,Vegetal,Maize cob,894,17,-,Santana et al. 2021,X,,,,790,730,750,Lowlands
994,Arica y Parinacota,Tana,1010.0,Lowland,Tiliviche 1B ,U-6D,N-IV,GX-30781 ,Vegetal,Maize ,850,30,-,Rivera 2006 ,X,,,,770,670,710,Lowlands
995,Arica y Parinacota,Tana,1010.0,Lowland,Tiliviche 1B ,U-2A,E-C/N-2,-,Vegetal,Maize ,925,18,-,Santana et al. 2021,X,,,,900,730,780,Lowlands
996,Arica y Parinacota,Tana,1010.0,Lowland,Tiliviche 1B ,U-6D,N-IV,AA-56416 ,Vegetal,Maize ,920,32,-,Rivera 2006 ,X,,,,910,690,780,Lowlands
997,Arica y Parinacota,Tana,1000.0,Lowland,Tiliviche 2 ,-,-,GaK-3772 ,Coprolite,Human intestinal content ,3780,100,-,Standen and Nunez 1984 in Gayó et al. 2015,,X,,,4410,3850,4110,Lowlands
998,Arica y Parinacota,Azapa,3600.0,Precordillera,Tojotojone ,-,-,Beta-24358,Vegetal,Charcoal,2590,80,-,Núñez and Santoro 1988,X,,,,2780,2360,2600,Precordillera
999,Arica y Parinacota,Azapa,3600.0,Precordillera,Tojotojone ,U-1,E-8,UGAMS-8340,Vegetal,Charcoal,2740,25,-,Santoro et al. 2011; Osorio et al. 2016,X,,,,2870,2750,2810,Precordillera
1000,Arica y Parinacota,Azapa,3600.0,Precordillera,Tojotojone ,-,-,GAK-7959 ,Vegetal,Charcoal,3740,130,-,Dauelsberg 1983; Gayó et al. 2015,X,,,,4420,3700,4060,Precordillera
1001,Arica y Parinacota,Azapa,3600.0,Precordillera,Tojotojone ,U-1,E-8,UGAMS-8341,Vegetal,Charcoal,5190,25,-21.9,Santoro et al. 2011; Osorio et al. 2016,X,,,,6000,5760,5920,Precordillera
1002,Arica y Parinacota,Azapa,3600.0,Precordillera,Tojotojone ,-,-,GAK-7958 ,Vegetal,Charcoal,9580,1950,-,Dauelsberg 1983 ,X,,,,18680,7160,11740,Precordillera
1003,Arica y Parinacota,Azapa,3300.0,Precordillera,Zapahuira Gentilar,T-cacique,Architecture,Beta-201823,Vegetal,Ichu fiber,400,60,-,Santoro et al. 2010,,X,,,510,310,410,Precordillera
