site_name,period_broad,period,lab_id,period_from,period_to,sample_id,lat,lon,altitude_masl,c14_method,c14_lab_code,c14_bp,c14_error,c14_cal_from,c14_cal_to,material_dated,sex,age_category,age_min,age_max,sample_type,tissue,element,tissue_age,tissue_age_min,tissue_age_max,yield_pct,wt_C,wt_N,CN_ratio,d13C,d15N,wt_S,d34S,tissue_carbonate,element_carbonate,tissue_age_carbonate,tissue_age_carbonate_min,tissue_age_carbonate_max,d13C_carbonate,d18O_carbonate,Sr87_Sr86,reference_short,doi,locality,admin_region,ecozone
Camarones 17,Archaic,Archaic,Camarones-17 Tomb-1 Body-4,-8000.0,-1500,Camarones-17 Tomb-1 Body-4,-19.194182,-70.264011,38,,,,,,,,und,Infant-1,0.0,0.5,Hair,Hair keratin,,Infant-1,0.0,0.5,,,,,,31.7,,17.7,,,,,,,,,Aufderheide et al. (1993),https://doi.org/10.1002/ajpa.1330910205,Lower Camarones Valley,Arica y Parinacota,Coast
Chinchorro 1,Archaic,Archaic,Chinchorro-1 Tomb-1 Body-2,-8000.0,-1500,Chinchorro-1 Tomb-1 Body-2,-18.4616376,-70.296254,30,,,,,,,,und,Infant-2,2.6,3.6,Hair,Hair keratin,,Infant-2,2.6,3.6,,,,,,,,15.4,,,,,,,,,Aufderheide et al. (1993),https://doi.org/10.1002/ajpa.1330910205,"Chinchorro beach, Arica",Arica y Parinacota,Coast
Maderas Enco 1,Archaic,Archaic,ME-C2,-8000.0,-2000,ME-C2,-18.4565,-70.2954,30,,,,,,,,,,,,Hair,Hair keratin,a,,,,,39.6,12.1,3.8,-13.0,23.3,3.2,16.7,,,,,,,,,Mora et al. (2017),http://dx.doi.org/10.1016/j.quaint.2016.10.018,Arica Coast,Arica y Parinacota,Coast
Maderas Enco 1,Archaic,Archaic,ME-C2,-8000.0,-2000,ME-C2,-18.4565,-70.2954,30,,,,,,,,,,,,Hair,Hair keratin,b,,,,,41.1,12.5,3.8,-12.9,23.2,3.8,19.0,,,,,,,,,Mora et al. (2017),http://dx.doi.org/10.1016/j.quaint.2016.10.018,Arica Coast,Arica y Parinacota,Coast
Morro 1,Archaic,Archaic,M1-T28-C8,-8000.0,-2000,M1-T28-C8,-18.481108,-70.321679,62,,,,,,,,,,,,Hair,Hair keratin,a,,,,,41.2,13.3,3.6,-12.7,22.0,2.6,15.1,,,,,,,,,Mora et al. (2017),http://dx.doi.org/10.1016/j.quaint.2016.10.018,Arica Coast,Arica y Parinacota,Coast
Morro 1,Archaic,Archaic,M1-T28-C8,-8000.0,-2000,M1-T28-C8,-18.481108,-70.321679,62,,,,,,,,,,,,Hair,Hair keratin,b,,,,,41.3,13.2,3.7,-12.9,22.0,,,,,,,,,,,Mora et al. (2017),http://dx.doi.org/10.1016/j.quaint.2016.10.018,Arica Coast,Arica y Parinacota,Coast
Acha 2,Archaic,Early Archaic,Acha-2 Tomb-1 Body-1,-6380.0,-6120,Acha-2 Tomb-1 Body-1,-18.34947,-70.343383,45,14C,GX15082,8970.0,255.0,-8749.0,-7511.0,Mummified tissue (muscle),M,Young Adult,25.0,30.0,Muscle,Muscle,,Young Adult,25.0,30.0,,,,,-18.25,27.2,,15.8,Muscle,,Adult,,,,,0.70857,Aufderheide et al. (1993),https://doi.org/10.1002/ajpa.1330910205,"Acha Ravine, Lower Azapa Valley",Arica y Parinacota,Coast
Acha 3,Archaic,Early Archaic,SrCHIL 45,-6380.0,-6120,Acha3C1,-18.5041,-70.2799,88,,,,,,,,M,Adult,,,Tooth,,,,,,,,,,,,,,Enamel,Mand LM3,Child-2/Adolescent-1,8.5,14.0,,,0.708703,Standen et al. (2017),https://doi.org/10.1002/gea.21594,Arica Coast,Arica y Parinacota,Coast
Acha 3,Archaic,Early Archaic,SrCHIL 46,-6380.0,-6120,Acha3C4,-18.5041,-70.2799,88,,,,,,,,M,Adult,,,Tooth,,,,,,,,,,,,,,Enamel,Max LM3,Child-2/Adolescent-1,8.5,14.0,,,0.708607,Standen et al. (2017),https://doi.org/10.1002/gea.21594,Arica Coast,Arica y Parinacota,Coast
Azapa 14,Formative,Early Formative,AZ14 T1,-1500.0,-500,AZ14 T1,-18.520743,-70.219859,234,,,,,,,,M,Adult,,,Tooth,,,,,,,,,,,,,,Enamel,Max RM3,Child-2/Adolescent-1,8.5,14.0,,,0.70736,Standen et al. (2021),https://doi.org/10.1016/j.jaa.2021.101324,"San Miguel de Azapa, Lower Azapa Valley",Arica y Parinacota,Lowlands
Azapa 14,Formative,Early Formative,AZ14 T10,-1500.0,-500,AZ14 T10,-18.520743,-70.219859,234,,,,,,,,M,Adult,,,Tooth,,,,,,,,,,,,,,Enamel,Max LM3,Child-2/Adolescent-1,8.5,14.0,,,0.708978,Standen et al. (2021),https://doi.org/10.1016/j.jaa.2021.101324,"San Miguel de Azapa, Lower Azapa Valley",Arica y Parinacota,Lowlands
Azapa 14,Formative,Early Formative,AZ14 T21,-1500.0,-500,AZ14 T21,-18.520743,-70.219859,234,,,,,,,,M,Adult,,,Tooth,,,,,,,,,,,,,,Enamel,Mand LM2,Infant-2/Child-1,2.5,8.0,,,0.706912,Standen et al. (2021),https://doi.org/10.1016/j.jaa.2021.101324,"San Miguel de Azapa, Lower Azapa Valley",Arica y Parinacota,Lowlands
Azapa 14,Formative,Early Formative,AZ14 T38,-1500.0,-500,AZ14 T38,-18.520743,-70.219859,234,,,,,,,,F,Adult,,,Tooth,,,,,,,,,,,,,,Enamel,,,,,,,0.708757,Standen et al. (2021),https://doi.org/10.1016/j.jaa.2021.101324,"San Miguel de Azapa, Lower Azapa Valley",Arica y Parinacota,Lowlands
Azapa 14,Formative,Early Formative,AZ14 T59,-1500.0,-500,AZ14 T59,-18.520743,-70.219859,234,,,,,,,,M,Adult,,,Tooth,,,,,,,,,,,,,,Enamel,Max RM3,Child-2/Adolescent-1,8.5,14.0,,,0.707186,Standen et al. (2021),https://doi.org/10.1016/j.jaa.2021.101324,"San Miguel de Azapa, Lower Azapa Valley",Arica y Parinacota,Lowlands
Azapa 14,Formative,Early Formative,AZ14 T65A,-1500.0,-500,AZ14 T65A,-18.520743,-70.219859,234,,,,,,,,M,Adult,,,Tooth,,,,,,,,,,,,,,Enamel,,,,,,,0.707925,Standen et al. (2021),https://doi.org/10.1016/j.jaa.2021.101324,"San Miguel de Azapa, Lower Azapa Valley",Arica y Parinacota,Lowlands
Azapa 14,Formative,Early Formative,AZ14 T69,-1500.0,-500,AZ14 T69,-18.520743,-70.219859,234,,,,,,,,M,Adult,,,Tooth,,,,,,,,,,,,,,Enamel,Mand RM2,Infant-2/Child-1,2.5,8.0,,,0.707838,Standen et al. (2021),https://doi.org/10.1016/j.jaa.2021.101324,"San Miguel de Azapa, Lower Azapa Valley",Arica y Parinacota,Lowlands
Azapa 14,Formative,Early Formative,AZ14 T76B,-1500.0,-500,AZ14 T76B,-18.520743,-70.219859,234,,,,,,,,M,Adult,,,Tooth,,,,,,,,,,,,,,Enamel,Max RM2,Infant-2/Child-1,2.5,8.0,,,0.707222,Standen et al. (2021),https://doi.org/10.1016/j.jaa.2021.101324,"San Miguel de Azapa, Lower Azapa Valley",Arica y Parinacota,Lowlands
Azapa 14,Formative,Early Formative,AZ14 T113,-1500.0,-500,AZ14 T113,-18.520743,-70.219859,234,,,,,,,,M,Adult,,,Tooth,,,,,,,,,,,,,,Enamel,LM3,,,,,,0.707893,Standen et al. (2021),https://doi.org/10.1016/j.jaa.2021.101324,"San Miguel de Azapa, Lower Azapa Valley",Arica y Parinacota,Lowlands
Azapa 14,Formative,Early Formative,AZ14 T3B,-1500.0,-500,AZ14 T3B,-18.520743,-70.219859,234,,,,,,,,M,Adult,,,Tooth,,,,,,,,,,,,,,Enamel,Mand LM3,Child-2/Adolescent-1,8.5,14.0,,,0.706752,Standen et al. (2021),https://doi.org/10.1016/j.jaa.2021.101324,"San Miguel de Azapa, Lower Azapa Valley",Arica y Parinacota,Lowlands
Azapa 14,Formative,Early Formative,AZ14 T8,-1500.0,-500,AZ14 T8,-18.520743,-70.219859,234,,,,,,,,M,Adult,,,Tooth,,,,,,,,,,,,,,Enamel,Mand RM2,Infant-2/Child-1,2.5,8.0,,,0.707478,Standen et al. (2021),https://doi.org/10.1016/j.jaa.2021.101324,"San Miguel de Azapa, Lower Azapa Valley",Arica y Parinacota,Lowlands
Azapa 14,Formative,Early Formative,AZ14 T10A,-1500.0,-500,AZ14 T10A,-18.520743,-70.219859,234,,,,,,,,M,Adult,,,Tooth,,,,,,,,,,,,,,Enamel,Mand LM2,Infant-2/Child-1,2.5,8.0,,,0.707976,Standen et al. (2021),https://doi.org/10.1016/j.jaa.2021.101324,"San Miguel de Azapa, Lower Azapa Valley",Arica y Parinacota,Lowlands
Azapa 14,Formative,Early Formative,AZ14 T14,-1500.0,-500,AZ14 T14,-18.520743,-70.219859,234,,,,,,,,F,Adult,,,Tooth,,,,,,,,,,,,,,Enamel,Max LM2,Infant-2/Child-1,2.5,8.0,,,0.707584,Standen et al. (2021),https://doi.org/10.1016/j.jaa.2021.101324,"San Miguel de Azapa, Lower Azapa Valley",Arica y Parinacota,Lowlands
Azapa 14,Formative,Early Formative,AZ14 T16,-1500.0,-500,AZ14 T16,-18.520743,-70.219859,234,,,,,,,,M,Adult,,,Bone,,,,,,,,,,,,,,Bone apatite,,,,,,,0.707725,Standen et al. (2021),https://doi.org/10.1016/j.jaa.2021.101324,"San Miguel de Azapa, Lower Azapa Valley",Arica y Parinacota,Lowlands
Azapa 14,Formative,Early Formative,AZ14 T64C,-1500.0,-500,AZ14 T64C,-18.520743,-70.219859,234,,,,,,,,M,Adult,,,Tooth,,,,,,,,,,,,,,Enamel,Mand Pm2,Infant-2/Child-1,3.5,6.5,,,0.707355,Standen et al. (2021),https://doi.org/10.1016/j.jaa.2021.101324,"San Miguel de Azapa, Lower Azapa Valley",Arica y Parinacota,Lowlands
Azapa 14,Formative,Early Formative,AZ14 T84A,-1500.0,-500,AZ14 T84A,-18.520743,-70.219859,234,,,,,,,,M,Adult,,,Tooth,,,,,,,,,,,,,,Enamel,Max LC,Infant-1/Infant-2,0.7,5.0,,,0.706693,Standen et al. (2021),https://doi.org/10.1016/j.jaa.2021.101324,"San Miguel de Azapa, Lower Azapa Valley",Arica y Parinacota,Lowlands
Azapa 14,Formative,Early Formative,AZ14 S/R1,-1500.0,-500,AZ14 S/R1,-18.520743,-70.219859,234,,,,,,,,M,Adult,,,Tooth,,,,,,,,,,,,,,Enamel,,,,,,,0.707533,Standen et al. (2021),https://doi.org/10.1016/j.jaa.2021.101324,"San Miguel de Azapa, Lower Azapa Valley",Arica y Parinacota,Lowlands
Azapa 14,Formative,Early Formative,AZ14 Desc2,-1500.0,-500,AZ14 Desc2,-18.520743,-70.219859,234,,,,,,,,F,Adult,,,Tooth,,,,,,,,,,,,,,Enamel,Mand RM2,Infant-2/Child-1,2.5,8.0,,,0.707359,Standen et al. (2021),https://doi.org/10.1016/j.jaa.2021.101324,"San Miguel de Azapa, Lower Azapa Valley",Arica y Parinacota,Lowlands
Azapa 146,Formative,Early Formative,AZ146 C1,-1500.0,-500,AZ146 C1,-18.545036,-70.149496,356,,,,,,,,M,Adult,,,Bone,,,,,,,,,,,,,,Bone apatite,,,,,,,0.707517,Standen et al. (2021),https://doi.org/10.1016/j.jaa.2021.101324,"San Miguel de Azapa, Lower Azapa Valley",Arica y Parinacota,Lowlands
Azapa 146,Formative,Early Formative,AZ146 C2,-1500.0,-500,AZ146 C2,-18.545036,-70.149496,356,,,,,,,,M,Adult,,,Tooth,,,,,,,,,,,,,,Enamel,Max LM1,Infant-1/Infant-2,0.4,3.5,,,0.707638,Standen et al. (2021),https://doi.org/10.1016/j.jaa.2021.101324,"San Miguel de Azapa, Lower Azapa Valley",Arica y Parinacota,Lowlands
Azapa 146,Formative,Early Formative,AZ146 C3,-1500.0,-500,AZ146 C3,-18.545036,-70.149496,356,,,,,,,,M,Adult,,,Bone,,,,,,,,,,,,,,Bone apatite,,,,,,,0.707626,Standen et al. (2021),https://doi.org/10.1016/j.jaa.2021.101324,"San Miguel de Azapa, Lower Azapa Valley",Arica y Parinacota,Lowlands
Azapa 70,Formative,Early Formative,AZ70 POZO E5,-1500.0,-500,AZ70 POZO E5,-18.517798,-70.174663,281,,,,,,,,M,Adult,,,Tooth,,,,,,,,,,,,,,Enamel,Max LM3,Child-2/Adolescent-1,8.5,14.0,,,0.706709,Standen et al. (2021),https://doi.org/10.1016/j.jaa.2021.101324,"San Miguel de Azapa, Lower Azapa Valley",Arica y Parinacota,Lowlands
Azapa 70,Formative,Early Formative,"AZ70 Tumulo 1
 CR2",-1500.0,-500,"AZ70 Tumulo 1
 CR2",-18.517798,-70.174663,281,,,,,,,,F,Adult,,,Tooth,,,,,,,,,,,,,,Enamel,Max LM3,Child-2/Adolescent-1,8.5,14.0,,,0.707601,Standen et al. (2021),https://doi.org/10.1016/j.jaa.2021.101324,"San Miguel de Azapa, Lower Azapa Valley",Arica y Parinacota,Lowlands
Azapa 70,Formative,Early Formative,"AZ70 Tumulo 1
 CR3",-1500.0,-500,"AZ70 Tumulo 1
 CR3",-18.517798,-70.174663,281,,,,,,,,M,Adult,,,Tooth,,,,,,,,,,,,,,Enamel,,,,,,,0.707204,Standen et al. (2021),https://doi.org/10.1016/j.jaa.2021.101324,"San Miguel de Azapa, Lower Azapa Valley",Arica y Parinacota,Lowlands
Azapa 70,Formative,Early Formative,"AZ70 Tumulo 2
 CR1",-1500.0,-500,"AZ70 Tumulo 2
 CR1",-18.517798,-70.174663,281,,,,,,,,M,Adult,,,Tooth,,,,,,,,,,,,,,Enamel,Max LM2,Infant-2/Child-1,2.5,8.0,,,0.70786,Standen et al. (2021),https://doi.org/10.1016/j.jaa.2021.101324,"San Miguel de Azapa, Lower Azapa Valley",Arica y Parinacota,Lowlands
Azapa 70,Formative,Early Formative,AZ70 Tumulo 2 CR5,-1500.0,-500,AZ70 Tumulo 2 CR5,-18.517798,-70.174663,281,,,,,,,,M,Adult,,,Tooth,,,,,,,,,,,,,,Enamel,Mand RM3,Child-2/Adolescent-1,8.5,14.0,,,0.708047,Standen et al. (2021),https://doi.org/10.1016/j.jaa.2021.101324,"San Miguel de Azapa, Lower Azapa Valley",Arica y Parinacota,Lowlands
Azapa 70,Formative,Early Formative,AZ70 Tumulo 3T1,-1500.0,-500,AZ70 Tumulo 3T1,-18.517798,-70.174663,281,,,,,,,,F,Adult,,,Tooth,,,,,,,,,,,,,,Enamel,Mand LM2,Infant-2/Child-1,2.5,8.0,,,0.707118,Standen et al. (2021),https://doi.org/10.1016/j.jaa.2021.101324,"San Miguel de Azapa, Lower Azapa Valley",Arica y Parinacota,Lowlands
Azapa 70,Formative,Early Formative,AZ70 Tumulo1-435,-1500.0,-500,AZ70 Tumulo1-435,-18.517798,-70.174663,281,,,,,,,,M,Adult,,,Tooth,,,,,,,,,,,,,,Enamel,Mand LM3,Child-2/Adolescent-1,8.5,14.0,,,0.707811,Standen et al. (2021),https://doi.org/10.1016/j.jaa.2021.101324,"San Miguel de Azapa, Lower Azapa Valley",Arica y Parinacota,Lowlands
Azapa 70,Formative,Early Formative,AZ70 Tumulo2-CR3,-1500.0,-500,AZ70 Tumulo2-CR3,-18.517798,-70.174663,281,,,,,,,,M,Adult,,,Bone,,,,,,,,,,,,,,Bone apatite,,,,,,,0.707404,Standen et al. (2021),https://doi.org/10.1016/j.jaa.2021.101324,"San Miguel de Azapa, Lower Azapa Valley",Arica y Parinacota,Lowlands
Azapa 70,Formative,Early Formative,AZ70 Tumulo2-CR7,-1500.0,-500,AZ70 Tumulo2-CR7,-18.517798,-70.174663,281,,,,,,,,M,Adult,,,Tooth,,,,,,,,,,,,,,Enamel,Max RM2,Infant-2/Child-1,2.5,8.0,,,0.70711,Standen et al. (2021),https://doi.org/10.1016/j.jaa.2021.101324,"San Miguel de Azapa, Lower Azapa Valley",Arica y Parinacota,Lowlands
Azapa 70,Formative,Early Formative,AZ70 Tumulo4-T15,-1500.0,-500,AZ70 Tumulo4-T15,-18.517798,-70.174663,281,,,,,,,,F,Adult,,,Bone,,,,,,,,,,,,,,Bone apatite,,,,,,,0.707929,Standen et al. (2021),https://doi.org/10.1016/j.jaa.2021.101324,"San Miguel de Azapa, Lower Azapa Valley",Arica y Parinacota,Lowlands
Azapa 70,Formative,Early Formative,AZ70 Tumulo4-T20,-1500.0,-500,AZ70 Tumulo4-T20,-18.517798,-70.174663,281,,,,,,,,M,Adult,,,Tooth,,,,,,,,,,,,,,Enamel,Mand RM3,Child-2/Adolescent-1,8.5,14.0,,,0.70688,Standen et al. (2021),https://doi.org/10.1016/j.jaa.2021.101324,"San Miguel de Azapa, Lower Azapa Valley",Arica y Parinacota,Lowlands
Azapa 70,Formative,Early Formative,AZ70 Tumulo Ent.1,-1500.0,-500,AZ70 Tumulo Ent.1,-18.517798,-70.174663,281,,,,,,,,M,Adult,,,Bone,,,,,,,,,,,,,,Bone apatite,,,,,,,0.707211,Standen et al. (2021),https://doi.org/10.1016/j.jaa.2021.101324,"San Miguel de Azapa, Lower Azapa Valley",Arica y Parinacota,Lowlands
Azapa 71,Formative,Early Formative,AZ71 T288,-1500.0,-500,AZ71 T288,-18.518711,-70.172905,296,,,,,,,,F,Adult,,,Tooth,,,,,,,,,,,,,,Enamel,Mand LM2,Infant-2/Child-1,2.5,8.0,,,0.707659,Standen et al. (2021),https://doi.org/10.1016/j.jaa.2021.101324,"San Miguel de Azapa, Lower Azapa Valley",Arica y Parinacota,Lowlands
Azapa 71,Formative,Early Formative,AZ71 T328,-1500.0,-500,AZ71 T328,-18.518711,-70.172905,296,,,,,,,,F,Adult,,,Tooth,,,,,,,,,,,,,,Enamel,Mand LM2,Infant-2/Child-1,2.5,8.0,,,0.707486,Standen et al. (2021),https://doi.org/10.1016/j.jaa.2021.101324,"San Miguel de Azapa, Lower Azapa Valley",Arica y Parinacota,Lowlands
Azapa 71,Formative,Early Formative,AZ71 T331,-1500.0,-500,AZ71 T331,-18.518711,-70.172905,296,,,,,,,,M,Adult,,,Tooth,,,,,,,,,,,,,,Enamel,Max LM3,Child-2/Adolescent-1,8.5,14.0,,,0.70763,Standen et al. (2021),https://doi.org/10.1016/j.jaa.2021.101324,"San Miguel de Azapa, Lower Azapa Valley",Arica y Parinacota,Lowlands
Azapa 71,Formative,Early Formative,AZ71 T603,-1500.0,-500,AZ71 T603,-18.518711,-70.172905,296,,,,,,,,F,Adult,,,Tooth,,,,,,,,,,,,,,Enamel,Max LM2,Infant-2/Child-1,2.5,8.0,,,0.707916,Standen et al. (2021),https://doi.org/10.1016/j.jaa.2021.101324,"San Miguel de Azapa, Lower Azapa Valley",Arica y Parinacota,Lowlands
Azapa 71,Formative,Early Formative,AZ71 T84A,-1500.0,-500,AZ71 T84A,-18.518711,-70.172905,296,,,,,,,,F,Adult,,,Tooth,,,,,,,,,,,,,,Enamel,Max RM2,Infant-2/Child-1,2.5,8.0,,,0.706841,Standen et al. (2021),https://doi.org/10.1016/j.jaa.2021.101324,"San Miguel de Azapa, Lower Azapa Valley",Arica y Parinacota,Lowlands
Azapa 71,Formative,Early Formative,AZ71 T255,-1500.0,-500,AZ71 T255,-18.518711,-70.172905,296,,,,,,,,M,Adult,,,Bone,,,,,,,,,,,,,,Bone apatite,,,,,,,0.70729,Standen et al. (2021),https://doi.org/10.1016/j.jaa.2021.101324,"San Miguel de Azapa, Lower Azapa Valley",Arica y Parinacota,Lowlands
Azapa 71,Formative,Early Formative,AZ71 T326,-1500.0,-500,AZ71 T326,-18.518711,-70.172905,296,,,,,,,,F,Adult,,,Tooth,,,,,,,,,,,,,,Enamel,Mand LM3,Child-2/Adolescent-1,8.5,14.0,,,0.708159,Standen et al. (2021),https://doi.org/10.1016/j.jaa.2021.101324,"San Miguel de Azapa, Lower Azapa Valley",Arica y Parinacota,Lowlands
Azapa 71,Formative,Early Formative,AZ71 T423,-1500.0,-500,AZ71 T423,-18.518711,-70.172905,296,,,,,,,,M,Adult,,,Tooth,,,,,,,,,,,,,,Enamel,Max RM1,Infant-1/Infant-2,0.4,3.5,,,0.707749,Standen et al. (2021),https://doi.org/10.1016/j.jaa.2021.101324,"San Miguel de Azapa, Lower Azapa Valley",Arica y Parinacota,Lowlands
Azapa 71,Formative,Early Formative,AZ71 T602,-1500.0,-500,AZ71 T602,-18.518711,-70.172905,296,,,,,,,,M,Adult,,,bone,,,,,,,,,,,,,,Bone apatite,,,,,,,0.707939,Standen et al. (2021),https://doi.org/10.1016/j.jaa.2021.101324,"San Miguel de Azapa, Lower Azapa Valley",Arica y Parinacota,Lowlands
Calate,Formative,Early Formative,CH18-1-1,-1500.0,-500,CH18-1-1,-21.279813,-69.922223,1030,,,,,,,,,,,,Bone,Bone collagen,,,,,,,,,-16.7,9.9,,,Bone apatite,,,,,-11.9,,,Pestle et al. (2015b),http://dx.doi.org/10.4067/S0717-73562015005000013,"Cordillera de la costa, north of Loa Valley",Tarapacá,Lowlands
Camarones 15,Formative,Early Formative,CAM15A-T14,-1800.0,-1500,CAM15A-T14,-19.198989,-70.266346,84,,,,,,,,,,,,Hair,Hair keratin,Hair 0-1,,,,,41.2,12.9,3.7,-15.2,23.3,3.7,18.2,,,,,,,,,Mora et al. (2017),http://dx.doi.org/10.1016/j.quaint.2016.10.018,Lower Camarones Valley,Arica y Parinacota,Coast
Camarones 15,Formative,Early Formative,CAM15A-T14,-1800.0,-1500,CAM15A-T14,-19.198989,-70.266346,84,,,,,,,,,,,,Hair,Hair keratin,Hair 1-2,,,,,40.8,12.7,3.7,-14.9,23.2,3.3,17.1,,,,,,,,,Mora et al. (2017),http://dx.doi.org/10.1016/j.quaint.2016.10.018,Lower Camarones Valley,Arica y Parinacota,Coast
Camarones 15,Formative,Early Formative,CAM15A-T14,-1800.0,-1500,CAM15A-T14,-19.198989,-70.266346,84,,,,,,,,,,,,Hair,Hair keratin,Hair 2-3,,,,,40.1,12.5,3.7,-14.9,23.3,3.2,17.8,,,,,,,,,Mora et al. (2017),http://dx.doi.org/10.1016/j.quaint.2016.10.018,Lower Camarones Valley,Arica y Parinacota,Coast
Camarones 15,Formative,Early Formative,CAM15A-T14,-1800.0,-1500,CAM15A-T14,-19.198989,-70.266346,84,,,,,,,,,,,,Hair,Hair keratin,Hair 3-4,,,,,40.9,12.8,3.7,-14.7,23.2,3.5,20.1,,,,,,,,,Mora et al. (2017),http://dx.doi.org/10.1016/j.quaint.2016.10.018,Lower Camarones Valley,Arica y Parinacota,Coast
Camarones 15,Formative,Early Formative,CAM15A-T14,-1800.0,-1500,CAM15A-T14,-19.198989,-70.266346,84,,,,,,,,,,,,Hair,Hair keratin,Hair 4-5,,,,,40.8,12.7,3.8,-14.9,23.2,,,,,,,,,,,Mora et al. (2017),http://dx.doi.org/10.1016/j.quaint.2016.10.018,Lower Camarones Valley,Arica y Parinacota,Coast
Camarones 15,Formative,Early Formative,CAM 15D_C19_2,-1700.0,-500,CAM 15D_C19_2,-19.196289,-70.265153,94,14C-AMS,SacA (number not reported),3423.0,22.0,-1496.0,-1185.0,Hair keratin,und,Adult,,,Hair,Hair keratin,,Adult,,,,44.2,12.9,4.0,-13.7,25.6,28.1,22.2,,,,,,,,,Bonilla et al. (2016),http://dx.doi.org/10.1016/j.jasrep.2016.01.026,Lower Camarones Valley,Arica y Parinacota,Coast
Camarones 15C,Formative,Early Formative,SrCHIL 48,-1500.0,-500,CAM15C-C3,-19.202842,-70.268303,31,,,,,,,,und,Adult,,,Tooth,,,,,,,,,,,,,,Enamel,Mand RM3,Child-2/Adolescent-1,8.5,14.0,,,0.708636,Standen et al. (2017),https://doi.org/10.1002/gea.21594,Lower Camarones Valley,Arica y Parinacota,Coast
Camarones-15,Formative,Early Formative,CAM15DT23,-1700.0,-500,CAM15DT23,-19.196289,-70.265153,94,,,,,,,,,,,,Hair,Hair keratin,,,,,,,,,,,,14.3,,,,,,,,,Macko et al. (1999),https://doi.org/10.1098/rstb.1999.0360,Lower Camarones Valley,Arica y Parinacota,Coast
Los Canastos,Formative,Early Formative,LC(6)-279-106,-1500.0,500,LC(6)-279-106,-23.5136,-70.5367,37,,,,,,,,,,,,Bone,Bone collagen,,,,,,,,,-12.8,20.1,,,Bone apatite,,,,,-9.4,,,Pestle et al. (2015b),http://dx.doi.org/10.4067/S0717-73562015005000013,"Parque Nacional Morro Moreno, Balneario Juan Lopez",Antofagasta,Coast
Playa Miller 7,Formative,Early Formative,PML 7_Cr3c_5,-1700.0,-500,PML 7_Cr3c_5,-18.491944,-70.324746,63,14C-AMS,SacA (number not reported),2648.0,22.0,-726.0,-258.0,Hair keratin,und,Adult,,,Hair,Hair keratin,,Adult,,,,46.9,13.8,4.0,-14.2,21.9,39.6,20.8,,,,,,,,,Bonilla et al. (2016),http://dx.doi.org/10.1016/j.jasrep.2016.01.026,Arica Coast,Arica y Parinacota,Coast
Punta Blanca,Formative,Early Formative,2224,-1500.0,-1000,2224,-22.174722,-70.225,16,14C-AMS,BETA320361,2600.0,30.0,,-747.0,Bone collagen,M,Adolescent,13.0,20.0,Bone,Bone collagen,,Adolescent,13.0,20.0,,,,,-12.3,25.2,,,Bone apatite,,Adolescent,13.0,20.0,-10.1,-1.9,,Ballester and Clarot (2014),https://www.researchgate.net/publication/342500271_La_Gente_de_los_Tumulos_de_Tierra,"Punta Blanca, Tocopilla coast",Antofagasta,Coast
Quiani 7,Formative,Early Formative,QUI7-T13,-1800.0,-1500,QUI7-T13,-18.528665,-70.321788,45,,,,,,,,,,,,Hair,Hair keratin,Hair 0-1,,,,,41.5,12.4,3.9,-13.8,22.7,2.9,17.0,,,,,,,,,Mora et al. (2017),http://dx.doi.org/10.1016/j.quaint.2016.10.018,Arica Coast,Arica y Parinacota,Coast
Quiani 7,Formative,Early Formative,QUI7-T13,-1800.0,-1500,QUI7-T13,-18.528665,-70.321788,45,,,,,,,,,,,,Hair,Hair keratin,Hair 1-2,,,,,40.6,12.1,3.9,-14.4,22.6,3.1,19.2,,,,,,,,,Mora et al. (2017),http://dx.doi.org/10.1016/j.quaint.2016.10.018,Arica Coast,Arica y Parinacota,Coast
Quiani 7,Formative,Early Formative,QUI7-T13,-1800.0,-1500,QUI7-T13,-18.528665,-70.321788,45,,,,,,,,,,,,Hair,Hair keratin,Hair 2-3,,,,,40.7,12.3,3.9,-14.8,22.3,2.7,16.6,,,,,,,,,Mora et al. (2017),http://dx.doi.org/10.1016/j.quaint.2016.10.018,Arica Coast,Arica y Parinacota,Coast
Quiani 7,Formative,Early Formative,QUI7-T13,-1800.0,-1500,QUI7-T13,-18.528665,-70.321788,45,,,,,,,,,,,,Hair,Hair keratin,Hair 3-4,,,,,40.2,12.0,3.9,-14.9,22.3,2.9,19.5,,,,,,,,,Mora et al. (2017),http://dx.doi.org/10.1016/j.quaint.2016.10.018,Arica Coast,Arica y Parinacota,Coast
Quiani 7,Formative,Early Formative,QUI7-T13,-1800.0,-1500,QUI7-T13,-18.528665,-70.321788,45,,,,,,,,,,,,Hair,Hair keratin,Hair 4-5,,,,,40.7,12.2,3.9,-15.2,22.1,2.4,16.2,,,,,,,,,Mora et al. (2017),http://dx.doi.org/10.1016/j.quaint.2016.10.018,Arica Coast,Arica y Parinacota,Coast
Quiani 7,Formative,Early Formative,QUI7-T13,-1800.0,-1500,QUI7-T13,-18.528665,-70.321788,45,,,,,,,,,,,,Hair,Hair keratin,Hair 5-6,,,,,41.4,12.5,3.9,-15.0,22.0,,,,,,,,,,,Mora et al. (2017),http://dx.doi.org/10.1016/j.quaint.2016.10.018,Arica Coast,Arica y Parinacota,Coast
Quiani 7,Formative,Early Formative,QUI7-T13,-1800.0,-1500,QUI7-T13,-18.528665,-70.321788,45,,,,,,,,,,,,Hair,Hair keratin,Hair 6-7,,,,,41.6,12.5,3.9,-15.0,22.0,,,,,,,,,,,Mora et al. (2017),http://dx.doi.org/10.1016/j.quaint.2016.10.018,Arica Coast,Arica y Parinacota,Coast
Quiani 7,Formative,Early Formative,SrCHIL 47,-1500.0,-500,Quiani7TA,-18.528665,-70.321788,45,,,,,,,,M,Adult,,,Tooth,,,,,,,,,,,,,,Enamel,Mand LM3,Child-2/Adolescent-1,8.5,14.0,,,0.708863,Standen et al. (2017),https://doi.org/10.1002/gea.21594,Arica Coast,Arica y Parinacota,Coast
Quiani 7,Formative,Early Formative,QUI 7_T13_1,-1700.0,-500,QUI 7_T13_1,-18.528665,-70.321788,45,14C-AMS,SacA (number not reported),3098.0,22.0,-1086.0,-806.0,Hair keratin,F,Young Adult,27.0,33.0,Hair,Hair keratin,,Young Adult,27.0,33.0,,47.3,13.3,4.1,-14.6,23.5,37.6,19.7,,,,,,,,,Bonilla et al. (2016),http://dx.doi.org/10.1016/j.jasrep.2016.01.026,Arica Coast,Arica y Parinacota,Coast
Alero Ampahuasi,Formative,Formative,,-1400.0,400,,-21.9114,-68.5922,3128,,,,,,,,,,,,Bone,,,,,,,,,3.3,-17.5,15.7,,,Bone apatite,,,,,-12.6,,,De Souza et al. (2019),doi:10.1017/laq.2019.68,"Upper Loa basin, Calama",Antofagasta,Precordillera
Ancachi,Formative,Formative,I-99,-1400.0,400,UR-3,-21.61,-69.57,800,,,,,,,,,,,,Bone,Bone collagen,,,,,18.4,39.6,13.6,3.4,-14.8,20.4,,,Bone apatite,,,,,-11.6,,,Pestle et al. (2019),https://doi.org/10.1016/j.quaint.2019.03.014,"North to Quillagua Oases, Loa basin",Antofagasta,Lowlands
Ancachi,Formative,Formative,I-100,-1400.0,400,UR-3,-21.61,-69.57,800,,,,,,,,,,,,Bone,Bone collagen,,,,,23.9,43.5,14.9,3.4,-15.1,17.9,,,Bone apatite,,,,,-11.4,,,Pestle et al. (2019),https://doi.org/10.1016/j.quaint.2019.03.014,"North to Quillagua Oases, Loa basin",Antofagasta,Lowlands
Ancachi,Formative,Formative,I-101,-1400.0,400,UR-1,-21.61,-69.57,800,,,,,,,,,,,,Bone,Bone collagen,,,,,14.6,38.6,12.0,3.7,-15.4,18.5,,,Bone apatite,,,,,-10.5,,,Pestle et al. (2019),https://doi.org/10.1016/j.quaint.2019.03.014,"North to Quillagua Oases, Loa basin",Antofagasta,Lowlands
Ancachi,Formative,Formative,I-102,-1400.0,400,UR-6,-21.61,-69.57,800,,,,,,,,,,,,Bone,Bone collagen,,,,,24.5,,,,-15.3,16.9,,,Bone apatite,,,,,-11.5,,,Pestle et al. (2019),https://doi.org/10.1016/j.quaint.2019.03.014,"North to Quillagua Oases, Loa basin",Antofagasta,Lowlands
Ancachi,Formative,Formative,I-103,-1400.0,400,UR-2,-21.61,-69.57,800,,,,,,,,,,,,Bone,Bone collagen,,,,,14.6,39.6,13.4,3.4,-15.4,16.7,,,Bone apatite,,,,,-11.8,,,Pestle et al. (2019),https://doi.org/10.1016/j.quaint.2019.03.014,"North to Quillagua Oases, Loa basin",Antofagasta,Lowlands
Ancachi,Formative,Formative,I-105,-1400.0,400,UR-4,-21.61,-69.57,800,,,,,,,,,,,,Bone,Bone collagen,,,,,20.2,39.8,14.0,3.3,-14.6,16.9,,,Bone apatite,,,,,-11.2,,,Pestle et al. (2019),https://doi.org/10.1016/j.quaint.2019.03.014,"North to Quillagua Oases, Loa basin",Antofagasta,Lowlands
Ancachi,Formative,Formative,L-133,-1400.0,400,"12,140,343,399",-21.61,-69.57,800,,,,,,,,,,,,Bone,Bone collagen,,,,,7.8,37.9,13.2,3.3,-16.4,16.8,,,Bone apatite,,,,,-11.9,,,Pinder et al. (2019),DOI: 10.1002/ajpa.23922,"North to Quillagua Oases, Loa basin",Antofagasta,Lowlands
Ancachi,Formative,Formative,L-134,-1400.0,400,"12,146,344,400",-21.61,-69.57,800,,,,,,,,,,,,Bone,Bone collagen,,,,,5.7,38.1,13.6,3.3,-15.1,17.5,,,Bone apatite,,,,,-10.6,,,Pinder et al. (2019),DOI: 10.1002/ajpa.23922,"North to Quillagua Oases, Loa basin",Antofagasta,Lowlands
Ancachi,Formative,Formative,L-135,-1400.0,400,"12,065,340,401",-21.61,-69.57,800,,,,,,,,,,,,Bone,Bone collagen,,,,,13.4,41.0,14.6,3.3,-14.7,17.7,,,Bone apatite,,,,,-10.7,,,Pinder et al. (2019),DOI: 10.1002/ajpa.23922,"North to Quillagua Oases, Loa basin",Antofagasta,Lowlands
Ancachi,Formative,Formative,L-136,-1400.0,400,"12,141,342,403",-21.61,-69.57,800,,,,,,,,,,,,Bone,Bone collagen,,,,,11.1,39.9,14.6,3.2,-17.1,16.0,,,Bone apatite,,,,,-13.0,,,Pinder et al. (2019),DOI: 10.1002/ajpa.23922,"North to Quillagua Oases, Loa basin",Antofagasta,Lowlands
Ancachi,Formative,Formative,L-137,-1400.0,400,"12,137,345,402",-21.61,-69.57,800,,,,,,,,,,,,Bone,Bone collagen,,,,,16.8,41.1,15.0,3.2,-14.8,20.2,,,Bone apatite,,,,,-10.9,,,Pinder et al. (2019),DOI: 10.1002/ajpa.23922,"North to Quillagua Oases, Loa basin",Antofagasta,Lowlands
Ancachi,Formative,Formative,L-138,-1400.0,400,"12,139,347,398",-21.61,-69.57,800,,,,,,,,,,,,Bone,Bone collagen,,,,,15.1,41.6,14.7,3.3,-16.0,15.3,,,Bone apatite,,,,,-11.4,,,Pinder et al. (2019),DOI: 10.1002/ajpa.23922,"North to Quillagua Oases, Loa basin",Antofagasta,Lowlands
Ancachi,Formative,Formative,L-139,-1400.0,400,"121,481,899,403",-21.61,-69.57,800,,,,,,,,,,,,Bone,Bone collagen,,,,,12.6,40.7,14.8,3.2,-14.6,12.3,,,Bone apatite,,,,,-10.1,,,Pinder et al. (2019),DOI: 10.1002/ajpa.23922,"North to Quillagua Oases, Loa basin",Antofagasta,Lowlands
Ancachi,Formative,Formative,L-140,-1400.0,400,"12,152,348,397",-21.61,-69.57,800,,,,,,,,,,,,Bone,Bone collagen,,,,,12.9,41.0,14.7,3.2,-15.8,16.7,,,Bone apatite,,,,,-12.1,,,Pinder et al. (2019),DOI: 10.1002/ajpa.23922,"North to Quillagua Oases, Loa basin",Antofagasta,Lowlands
Ancachi,Formative,Formative,L-141,-1400.0,400,ANC16,-21.61,-69.57,800,,,,,,,,,,,,Bone,Bone collagen,,,,,16.7,40.8,13.6,3.5,-16.0,19.0,,,Bone apatite,,,,,-11.7,,,Pinder et al. (2019),DOI: 10.1002/ajpa.23922,"North to Quillagua Oases, Loa basin",Antofagasta,Lowlands
Ancachi,Formative,Formative,L-144,-1400.0,400,ANC-30-I1,-21.61,-69.57,800,,,,,,,,,,,,Bone,Bone collagen,,,,,15.1,42.2,15.0,3.3,-15.5,16.4,,,Bone apatite,,,,,-11.7,,,Pinder et al. (2019),DOI: 10.1002/ajpa.23922,"North to Quillagua Oases, Loa basin",Antofagasta,Lowlands
Ancachi,Formative,Formative,L-148,-1400.0,400,ANC12,-21.61,-69.57,800,,,,,,,,,,,,Bone,Bone collagen,,,,,7.4,39.9,14.1,3.3,-16.0,16.5,,,Bone apatite,,,,,-11.2,,,Pinder et al. (2019),DOI: 10.1002/ajpa.23922,"North to Quillagua Oases, Loa basin",Antofagasta,Lowlands
Ancachi,Formative,Formative,L-149,-1400.0,400,ANC7,-21.61,-69.57,800,,,,,,,,,,,,Bone,Bone collagen,,,,,8.1,42.2,14.1,3.5,-16.9,16.7,,,Bone apatite,,,,,-12.5,,,Pinder et al. (2019),DOI: 10.1002/ajpa.23922,"North to Quillagua Oases, Loa basin",Antofagasta,Lowlands
Ancachi,Formative,Formative,L-150,-1400.0,400,ANC6-I1,-21.61,-69.57,800,,,,,,,,,,,,Bone,Bone collagen,,,,,12.9,41.4,14.3,3.4,-16.4,19.4,,,Bone apatite,,,,,-12.9,,,Pinder et al. (2019),DOI: 10.1002/ajpa.23922,"North to Quillagua Oases, Loa basin",Antofagasta,Lowlands
Ancachi,Formative,Formative,L-151,-1400.0,400,ANC13,-21.61,-69.57,800,,,,,,,,,,,,Bone,Bone collagen,,,,,10.8,37.3,12.7,3.4,-15.4,19.1,,,Bone apatite,,,,,-11.2,,,Pinder et al. (2019),DOI: 10.1002/ajpa.23922,"North to Quillagua Oases, Loa basin",Antofagasta,Lowlands
Ancachi,Formative,Formative,L-152,-1400.0,400,ANC-2-I1,-21.61,-69.57,800,,,,,,,,,,,,Bone,Bone collagen,,,,,16.4,42.2,15.1,3.3,-15.0,19.6,,,Bone apatite,,,,,-9.8,,,Pinder et al. (2019),DOI: 10.1002/ajpa.23922,"North to Quillagua Oases, Loa basin",Antofagasta,Lowlands
Azapa 115,Formative,Formative,AZ115-T9,-2000.0,500,AZ115-T9,-18.515454,-70.1180265,267,,,,,,,,,,,,Hair,Hair keratin,Hair 0-1,,,,,42.3,13.3,3.7,-15.4,13.1,2.4,8.8,,,,,,,,,Mora et al. (2017),http://dx.doi.org/10.1016/j.quaint.2016.10.018,"San Miguel de Azapa, Lower Azapa Valley",Arica y Parinacota,Lowlands
Azapa 115,Formative,Formative,AZ115-T9,-2000.0,500,AZ115-T9,-18.515454,-70.1180265,267,,,,,,,,,,,,Hair,Hair keratin,Hair 1-2,,,,,41.3,12.9,3.7,-15.7,13.9,2.2,8.3,,,,,,,,,Mora et al. (2017),http://dx.doi.org/10.1016/j.quaint.2016.10.018,"San Miguel de Azapa, Lower Azapa Valley",Arica y Parinacota,Lowlands
Azapa 115,Formative,Formative,AZ115-T9,-2000.0,500,AZ115-T9,-18.515454,-70.1180265,267,,,,,,,,,,,,Hair,Hair keratin,Hair 2-3,,,,,42.4,13.2,3.7,-16.9,14.1,1.9,8.1,,,,,,,,,Mora et al. (2017),http://dx.doi.org/10.1016/j.quaint.2016.10.018,"San Miguel de Azapa, Lower Azapa Valley",Arica y Parinacota,Lowlands
Azapa 115,Formative,Formative,AZ115-T9,-2000.0,500,AZ115-T9,-18.515454,-70.1180265,267,,,,,,,,,,,,Hair,Hair keratin,Hair 3-4,,,,,40.4,12.6,3.7,-16.8,14.2,1.9,8.6,,,,,,,,,Mora et al. (2017),http://dx.doi.org/10.1016/j.quaint.2016.10.018,"San Miguel de Azapa, Lower Azapa Valley",Arica y Parinacota,Lowlands
Azapa 115,Formative,Formative,AZ115-T9,-2000.0,500,AZ115-T9,-18.515454,-70.1180265,267,,,,,,,,,,,,Hair,Hair keratin,Hair 4-5,,,,,42.2,13.3,3.7,-16.6,13.9,1.8,8.3,,,,,,,,,Mora et al. (2017),http://dx.doi.org/10.1016/j.quaint.2016.10.018,"San Miguel de Azapa, Lower Azapa Valley",Arica y Parinacota,Lowlands
Azapa 115,Formative,Formative,AZ115-T9,-2000.0,500,AZ115-T9,-18.515454,-70.1180265,267,,,,,,,,,,,,Hair,Hair keratin,Hair 5-6,,,,,32.1,10.0,3.8,-16.4,14.0,2.0,6.8,,,,,,,,,Mora et al. (2017),http://dx.doi.org/10.1016/j.quaint.2016.10.018,"San Miguel de Azapa, Lower Azapa Valley",Arica y Parinacota,Lowlands
Azapa 115,Formative,Formative,AZ115-T9,-2000.0,500,AZ115-T9,-18.515454,-70.1180265,267,,,,,,,,,,,,Hair,Hair keratin,Hair 6-7,,,,,18.5,5.8,3.7,-15.1,14.0,2.3,10.3,,,,,,,,,Mora et al. (2017),http://dx.doi.org/10.1016/j.quaint.2016.10.018,"San Miguel de Azapa, Lower Azapa Valley",Arica y Parinacota,Lowlands
Azapa 115,Formative,Formative,AZ115-T9,-2000.0,500,AZ115-T9,-18.515454,-70.1180265,267,,,,,,,,,,,,Hair,Hair keratin,Hair 7-8,,,,,28.7,9.0,3.7,-14.6,14.2,2.3,9.5,,,,,,,,,Mora et al. (2017),http://dx.doi.org/10.1016/j.quaint.2016.10.018,"San Miguel de Azapa, Lower Azapa Valley",Arica y Parinacota,Lowlands
Azapa 115,Formative,Formative,AZ115-T9,-2000.0,500,AZ115-T9,-18.515454,-70.1180265,267,,,,,,,,,,,,Hair,Hair keratin,Hair 8-9,,,,,41.6,13.0,3.7,-16.7,14.2,2.2,7.2,,,,,,,,,Mora et al. (2017),http://dx.doi.org/10.1016/j.quaint.2016.10.018,"San Miguel de Azapa, Lower Azapa Valley",Arica y Parinacota,Lowlands
Azapa 115,Formative,Formative,AZ115-T9,-2000.0,500,AZ115-T9,-18.515454,-70.1180265,267,,,,,,,,,,,,Hair,Hair keratin,Hair 9-10,,,,,42.0,13.2,3.7,-14.7,13.9,,,,,,,,,,,Mora et al. (2017),http://dx.doi.org/10.1016/j.quaint.2016.10.018,"San Miguel de Azapa, Lower Azapa Valley",Arica y Parinacota,Lowlands
Azapa 115,Formative,Formative,AZ115-T9,-2000.0,500,AZ115-T9,-18.515454,-70.1180265,267,,,,,,,,,,,,Hair,Hair keratin,Hair 10-11,,,,,42.2,13.3,3.7,-15.7,13.9,,,,,,,,,,,Mora et al. (2017),http://dx.doi.org/10.1016/j.quaint.2016.10.018,"San Miguel de Azapa, Lower Azapa Valley",Arica y Parinacota,Lowlands
Azapa 115,Formative,Formative,AZ115-T9,-2000.0,500,AZ115-T9,-18.515454,-70.1180265,267,,,,,,,,,,,,Hair,Hair keratin,Hair 11-12,,,,,42.1,13.4,3.7,-15.8,13.7,,,,,,,,,,,Mora et al. (2017),http://dx.doi.org/10.1016/j.quaint.2016.10.018,"San Miguel de Azapa, Lower Azapa Valley",Arica y Parinacota,Lowlands
Azapa 115,Formative,Formative,AZ115-T9,-2000.0,500,AZ115-T9,-18.515454,-70.1180265,267,,,,,,,,,,,,Hair,Hair keratin,Hair 12-13,,,,,41.0,13.2,3.6,-16.1,13.1,,,,,,,,,,,Mora et al. (2017),http://dx.doi.org/10.1016/j.quaint.2016.10.018,"San Miguel de Azapa, Lower Azapa Valley",Arica y Parinacota,Lowlands
Azapa 115,Formative,Formative,AZ115-T9,-2000.0,500,AZ115-T9,-18.515454,-70.1180265,267,,,,,,,,,,,,Hair,Hair keratin,Hair 13-14,,,,,41.7,13.2,3.7,-15.9,13.4,,,,,,,,,,,Mora et al. (2017),http://dx.doi.org/10.1016/j.quaint.2016.10.018,"San Miguel de Azapa, Lower Azapa Valley",Arica y Parinacota,Lowlands
Azapa 115,Formative,Formative,Az115 Museo C7,-1500.0,500,Az115 Museo C7,-18.515454,-70.1180265,267,,,,,,,,und,und,,,Bone,Bone collagen,,und,,,,42.2,13.0,3.8,-16.3,16.0,,,,,,,,,,,King et al. (2018a),https://doi.org/10.1016/j.quascirev.2017.12.009,"San Miguel de Azapa, Lower Azapa Valley",Arica y Parinacota,Lowlands
Azapa 115,Formative,Formative,AZ115 S/R1,-1500.0,500,AZ115 S/R1,-18.515454,-70.1180265,267,,,,,,,,und,und,,,Bone,Bone collagen,,und,,,15.6,43.8,15.5,3.3,-15.1,15.3,,,,,,,,,,,King et al. (2018a),https://doi.org/10.1016/j.quascirev.2017.12.009,"San Miguel de Azapa, Lower Azapa Valley",Arica y Parinacota,Lowlands
Azapa 115,Formative,Formative,AZ115 T3b (BN294),-1500.0,500,AZ115 T3b (BN294),-18.515454,-70.1180265,267,,,,,,,,M,Middle Adult,36.0,50.0,Bone,Bone collagen,,Adult,,,20.7,40.4,14.3,3.3,-15.8,17.9,,,,,,,,,,,King et al. (2018a),https://doi.org/10.1016/j.quascirev.2017.12.009,"San Miguel de Azapa, Lower Azapa Valley",Arica y Parinacota,Lowlands
Azapa 115,Formative,Formative,Az115 T5,-1500.0,500,Az115 T5,-18.515454,-70.1180265,267,,,,,,,,M,Middle Adult,36.0,50.0,Bone,Bone collagen,,Adult,,,17.2,41.7,15.0,3.3,-14.8,16.8,,,,,,,,,,,King et al. (2018a),https://doi.org/10.1016/j.quascirev.2017.12.009,"San Miguel de Azapa, Lower Azapa Valley",Arica y Parinacota,Lowlands
Azapa 115,Formative,Formative,AZ115 T8,-1500.0,500,AZ115 T8,-18.515454,-70.1180265,267,,,,,,,,F,Middle Adult,36.0,50.0,Bone,Bone collagen,,Adult,,,12.5,44.3,14.9,3.5,-13.1,15.5,,,,,,,,,,,King et al. (2018a),https://doi.org/10.1016/j.quascirev.2017.12.009,"San Miguel de Azapa, Lower Azapa Valley",Arica y Parinacota,Lowlands
Azapa 115,Formative,Formative,AZ115 T9,-1500.0,500,AZ115 T9,-18.515454,-70.1180265,267,,,,,,,,F,Middle Adult,36.0,50.0,Bone,Bone collagen,,Adult,,,9.3,38.3,13.8,3.2,-15.1,15.4,,,,,,,,,,,King et al. (2018a),https://doi.org/10.1016/j.quascirev.2017.12.009,"San Miguel de Azapa, Lower Azapa Valley",Arica y Parinacota,Lowlands
Azapa 115,Formative,Formative,AZ115 T11,-1500.0,500,AZ115 T11,-18.515454,-70.1180265,267,,,,,,,,F,Middle Adult,36.0,50.0,Bone,Bone collagen,,Adult,,,15.8,47.0,15.3,3.6,-15.6,15.9,,,,,,,,,,,King et al. (2018a),https://doi.org/10.1016/j.quascirev.2017.12.009,"San Miguel de Azapa, Lower Azapa Valley",Arica y Parinacota,Lowlands
Azapa 115,Formative,Formative,Az115 T16a,-1500.0,500,Az115 T16a,-18.515454,-70.1180265,267,,,,,,,,M,Young Adult,21.0,35.0,Bone,Bone collagen,,Adult,,,22.4,41.3,14.7,3.3,-13.4,21.3,,,,,,,,,,,King et al. (2018a),https://doi.org/10.1016/j.quascirev.2017.12.009,"San Miguel de Azapa, Lower Azapa Valley",Arica y Parinacota,Lowlands
Azapa 115,Formative,Formative,AZ115 T17b,-1500.0,500,AZ115 T17b,-18.515454,-70.1180265,267,,,,,,,,F,Middle Adult,36.0,50.0,Bone,Bone collagen,,Adult,,,14.2,42.2,14.8,3.3,-14.9,17.1,,,,,,,,,,,King et al. (2018a),https://doi.org/10.1016/j.quascirev.2017.12.009,"San Miguel de Azapa, Lower Azapa Valley",Arica y Parinacota,Lowlands
Azapa 115,Formative,Formative,AZ115 T18,-1500.0,500,AZ115 T18,-18.515454,-70.1180265,267,,,,,,,,M,Middle Adult,36.0,50.0,Bone,Bone collagen,,Adult,,,12.5,44.4,15.5,3.4,-14.3,16.5,,,,,,,,,,,King et al. (2018a),https://doi.org/10.1016/j.quascirev.2017.12.009,"San Miguel de Azapa, Lower Azapa Valley",Arica y Parinacota,Lowlands
Azapa 115,Formative,Formative,AZ115 T19,-1500.0,500,AZ115 T19,-18.515454,-70.1180265,267,,,,,,,,M,Middle Adult,36.0,50.0,Bone,Bone collagen,,Adult,,,10.2,44.7,14.7,3.6,-15.2,17.3,,,,,,,,,,,King et al. (2018a),https://doi.org/10.1016/j.quascirev.2017.12.009,"San Miguel de Azapa, Lower Azapa Valley",Arica y Parinacota,Lowlands
Azapa 115,Formative,Formative,AZ115 T21,-1500.0,500,AZ115 T21,-18.515454,-70.1180265,267,,,,,,,,F,Middle Adult,36.0,50.0,Bone,Bone collagen,,Adult,,,20.5,45.7,15.6,3.4,-14.2,14.7,,,,,,,,,,,King et al. (2018a),https://doi.org/10.1016/j.quascirev.2017.12.009,"San Miguel de Azapa, Lower Azapa Valley",Arica y Parinacota,Lowlands
Azapa 115,Formative,Formative,AZ115 T22,-1500.0,500,AZ115 T22,-18.515454,-70.1180265,267,,,,,,,,M,Middle Adult,36.0,50.0,Bone,Bone collagen,,Adult,,,21.3,44.2,15.3,3.4,-11.9,20.0,,,,,,,,,,,King et al. (2018a),https://doi.org/10.1016/j.quascirev.2017.12.009,"San Miguel de Azapa, Lower Azapa Valley",Arica y Parinacota,Lowlands
Azapa 115,Formative,Formative,AZ115 T25,-1500.0,500,AZ115 T25,-18.515454,-70.1180265,267,,,,,,,,F,Middle Adult,36.0,50.0,Bone,Bone collagen,,Adult,,,10.7,41.7,14.7,3.3,-14.4,17.7,,,,,,,,,,,King et al. (2018a),https://doi.org/10.1016/j.quascirev.2017.12.009,"San Miguel de Azapa, Lower Azapa Valley",Arica y Parinacota,Lowlands
Azapa 115,Formative,Formative,AZ115 T26,-1500.0,500,AZ115 T26,-18.515454,-70.1180265,267,,,,,,,,M,Middle Adult,36.0,50.0,Bone,Bone collagen,,Adult,,,15.4,44.3,14.9,3.5,-13.1,15.5,,,,,,,,,,,King et al. (2018a),https://doi.org/10.1016/j.quascirev.2017.12.009,"San Miguel de Azapa, Lower Azapa Valley",Arica y Parinacota,Lowlands
Azapa 115,Formative,Formative,Az115 MusC2,-1500.0,500,Az115 MusC2,-18.515454,-70.1180265,267,,,,,,,,und,Infant-2,5.0,5.0,Tooth,Dentin collagen,dm1 (section 1),Fetus,,-0.2,,37.9,14.0,3.2,-15.2,24.0,,,,,,,,,,,King et al. (2018b),http://dx.doi.org/10.4067/S0717-73562018005000802,"San Miguel de Azapa, Lower Azapa Valley",Arica y Parinacota,Lowlands
Azapa 115,Formative,Formative,Az115 MusC2,-1500.0,500,Az115 MusC2,-18.515454,-70.1180265,267,,,,,,,,und,Infant-2,5.0,5.0,Tooth,Dentin collagen,dm1 (section 2),Fetus/Infant-1,-0.2,0.1,,42.3,15.6,3.2,-14.7,26.2,,,,,,,,,,,King et al. (2018b),http://dx.doi.org/10.4067/S0717-73562018005000802,"San Miguel de Azapa, Lower Azapa Valley",Arica y Parinacota,Lowlands
Azapa 115,Formative,Formative,Az115 MusC2,-1500.0,500,Az115 MusC2,-18.515454,-70.1180265,267,,,,,,,,und,Infant-2,5.0,5.0,Tooth,Dentin collagen,dm1 (section 3),Infant-1,0.1,0.5,,42.4,15.7,3.2,-14.5,26.6,,,,,,,,,,,King et al. (2018b),http://dx.doi.org/10.4067/S0717-73562018005000802,"San Miguel de Azapa, Lower Azapa Valley",Arica y Parinacota,Lowlands
Azapa 115,Formative,Formative,Az115 MusC2,-1500.0,500,Az115 MusC2,-18.515454,-70.1180265,267,,,,,,,,und,Infant-2,5.0,5.0,Tooth,Dentin collagen,dm1 (section 4),Infant-1,0.5,0.8,,42.5,15.8,3.1,-14.3,26.1,,,,,,,,,,,King et al. (2018b),http://dx.doi.org/10.4067/S0717-73562018005000802,"San Miguel de Azapa, Lower Azapa Valley",Arica y Parinacota,Lowlands
Azapa 115,Formative,Formative,Az115 MusC2,-1500.0,500,Az115 MusC2,-18.515454,-70.1180265,267,,,,,,,,und,Infant-2,5.0,5.0,Tooth,Dentin collagen,dm1 (section 5),Infant-1,0.8,1.1,,41.9,15.5,3.1,-13.6,24.6,,,,,,,,,,,King et al. (2018b),http://dx.doi.org/10.4067/S0717-73562018005000802,"San Miguel de Azapa, Lower Azapa Valley",Arica y Parinacota,Lowlands
Azapa 115,Formative,Formative,Az115 MusC2,-1500.0,500,Az115 MusC2,-18.515454,-70.1180265,267,,,,,,,,und,Infant-2,5.0,5.0,Tooth,Dentin collagen,dm1 (section 6),Infant-2,1.1,1.5,,42.4,15.6,3.2,-13.0,22.9,,,,,,,,,,,King et al. (2018b),http://dx.doi.org/10.4067/S0717-73562018005000802,"San Miguel de Azapa, Lower Azapa Valley",Arica y Parinacota,Lowlands
Azapa 115,Formative,Formative,Az115 MusC2,-1500.0,500,Az115 MusC2,-18.515454,-70.1180265,267,,,,,,,,und,Infant-2,5.0,5.0,Tooth,Dentin collagen,dm1 (section 7),Infant-2,1.5,1.8,,42.3,15.8,3.1,-12.0,22.1,,,,,,,,,,,King et al. (2018b),http://dx.doi.org/10.4067/S0717-73562018005000802,"San Miguel de Azapa, Lower Azapa Valley",Arica y Parinacota,Lowlands
Azapa 115,Formative,Formative,Az115 MusC2,-1500.0,500,Az115 MusC2,-18.515454,-70.1180265,267,,,,,,,,und,Infant-2,5.0,5.0,Tooth,Dentin collagen,dm1 (section 8),Infant-2,1.8,2.2,,42.3,15.7,3.1,-13.9,23.5,,,,,,,,,,,King et al. (2018b),http://dx.doi.org/10.4067/S0717-73562018005000802,"San Miguel de Azapa, Lower Azapa Valley",Arica y Parinacota,Lowlands
Azapa 115,Formative,Formative,Az115 MusC2,-1500.0,500,Az115 MusC2,-18.515454,-70.1180265,267,,,,,,,,und,Infant-2,5.0,5.0,Tooth,Dentin collagen,dm1 (section 9),Infant-2,2.2,2.5,,42.4,15.7,3.1,-14.8,23.7,,,,,,,,,,,King et al. (2018b),http://dx.doi.org/10.4067/S0717-73562018005000802,"San Miguel de Azapa, Lower Azapa Valley",Arica y Parinacota,Lowlands
Azapa 115,Formative,Formative,Az115 MusC2,-1500.0,500,Az115 MusC2,-18.515454,-70.1180265,267,,,,,,,,und,Infant-2,5.0,5.0,Tooth,Dentin collagen,dm1 (section 10),Infant-2,2.5,2.8,,42.4,15.6,3.2,-15.8,21.0,,,,,,,,,,,King et al. (2018b),http://dx.doi.org/10.4067/S0717-73562018005000802,"San Miguel de Azapa, Lower Azapa Valley",Arica y Parinacota,Lowlands
Azapa 115,Formative,Formative,Az115 MusC2,-1500.0,500,Az115 MusC2,-18.515454,-70.1180265,267,,,,,,,,und,Infant-2,5.0,5.0,Tooth,Dentin collagen,dm1 (section 12),Infant-2,2.8,3.5,,42.6,15.6,3.2,-17.5,14.9,,,,,,,,,,,King et al. (2018b),http://dx.doi.org/10.4067/S0717-73562018005000802,"San Miguel de Azapa, Lower Azapa Valley",Arica y Parinacota,Lowlands
Azapa 115,Formative,Formative,Az115 T2,-1500.0,500,Az115 T2,-18.515454,-70.1180265,267,,,,,,,,und,Infant-2,4.0,5.0,Tooth,Dentin collagen,dm1 (section 1),Fetus,,-0.2,,41.5,15.8,3.1,-13.7,15.5,,,,,,,,,,,King et al. (2018b),http://dx.doi.org/10.4067/S0717-73562018005000802,"San Miguel de Azapa, Lower Azapa Valley",Arica y Parinacota,Lowlands
Azapa 115,Formative,Formative,Az115 T2,-1500.0,500,Az115 T2,-18.515454,-70.1180265,267,,,,,,,,und,Infant-2,4.0,5.0,Tooth,Dentin collagen,dm1 (section 2),Fetus/Infant-1,-0.2,0.1,,42.5,15.8,3.1,-14.3,15.5,,,,,,,,,,,King et al. (2018b),http://dx.doi.org/10.4067/S0717-73562018005000802,"San Miguel de Azapa, Lower Azapa Valley",Arica y Parinacota,Lowlands
Azapa 115,Formative,Formative,Az115 T2,-1500.0,500,Az115 T2,-18.515454,-70.1180265,267,,,,,,,,und,Infant-2,4.0,5.0,Tooth,Dentin collagen,dm1 (section 3),Infant-1,0.1,0.3,,42.2,15.8,3.1,-15.0,15.9,,,,,,,,,,,King et al. (2018b),http://dx.doi.org/10.4067/S0717-73562018005000802,"San Miguel de Azapa, Lower Azapa Valley",Arica y Parinacota,Lowlands
Azapa 115,Formative,Formative,Az115 T2,-1500.0,500,Az115 T2,-18.515454,-70.1180265,267,,,,,,,,und,Infant-2,4.0,5.0,Tooth,Dentin collagen,dm1 (section 4),Infant-1,0.3,0.6,,41.3,15.7,3.1,-15.3,16.1,,,,,,,,,,,King et al. (2018b),http://dx.doi.org/10.4067/S0717-73562018005000802,"San Miguel de Azapa, Lower Azapa Valley",Arica y Parinacota,Lowlands
Azapa 115,Formative,Formative,Az115 T2,-1500.0,500,Az115 T2,-18.515454,-70.1180265,267,,,,,,,,und,Infant-2,4.0,5.0,Tooth,Dentin collagen,dm1 (section 5),Infant-1,0.6,0.9,,42.0,15.8,3.1,-15.4,16.2,,,,,,,,,,,King et al. (2018b),http://dx.doi.org/10.4067/S0717-73562018005000802,"San Miguel de Azapa, Lower Azapa Valley",Arica y Parinacota,Lowlands
Azapa 115,Formative,Formative,Az115 T2,-1500.0,500,Az115 T2,-18.515454,-70.1180265,267,,,,,,,,und,Infant-2,4.0,5.0,Tooth,Dentin collagen,dm1 (section 6),Infant-2,0.9,1.1,,42.0,16.2,3.0,-15.0,16.0,,,,,,,,,,,King et al. (2018b),http://dx.doi.org/10.4067/S0717-73562018005000802,"San Miguel de Azapa, Lower Azapa Valley",Arica y Parinacota,Lowlands
Azapa 115,Formative,Formative,Az115 T2,-1500.0,500,Az115 T2,-18.515454,-70.1180265,267,,,,,,,,und,Infant-2,4.0,5.0,Tooth,Dentin collagen,dm1 (section 7),Infant-2,1.1,1.4,,41.3,15.5,3.1,-15.0,16.2,,,,,,,,,,,King et al. (2018b),http://dx.doi.org/10.4067/S0717-73562018005000802,"San Miguel de Azapa, Lower Azapa Valley",Arica y Parinacota,Lowlands
Azapa 115,Formative,Formative,Az115 T2,-1500.0,500,Az115 T2,-18.515454,-70.1180265,267,,,,,,,,und,Infant-2,4.0,5.0,Tooth,Dentin collagen,dm1 (section 8),Infant-2,1.4,1.7,,42.8,15.8,3.2,-15.3,16.4,,,,,,,,,,,King et al. (2018b),http://dx.doi.org/10.4067/S0717-73562018005000802,"San Miguel de Azapa, Lower Azapa Valley",Arica y Parinacota,Lowlands
Azapa 115,Formative,Formative,Az115 T2,-1500.0,500,Az115 T2,-18.515454,-70.1180265,267,,,,,,,,und,Infant-2,4.0,5.0,Tooth,Dentin collagen,dm1 (section 9),Infant-2,1.7,1.9,,42.8,16.1,3.1,-15.9,16.6,,,,,,,,,,,King et al. (2018b),http://dx.doi.org/10.4067/S0717-73562018005000802,"San Miguel de Azapa, Lower Azapa Valley",Arica y Parinacota,Lowlands
Azapa 115,Formative,Formative,Az115 T2,-1500.0,500,Az115 T2,-18.515454,-70.1180265,267,,,,,,,,und,Infant-2,4.0,5.0,Tooth,Dentin collagen,dm1 (section 10),Infant-2,1.9,2.2,,41.9,15.6,3.1,-16.5,16.7,,,,,,,,,,,King et al. (2018b),http://dx.doi.org/10.4067/S0717-73562018005000802,"San Miguel de Azapa, Lower Azapa Valley",Arica y Parinacota,Lowlands
Azapa 115,Formative,Formative,Az115 T2,-1500.0,500,Az115 T2,-18.515454,-70.1180265,267,,,,,,,,und,Infant-2,4.0,5.0,Tooth,Dentin collagen,dm1 (section 11),Infant-2,2.2,2.4,,42.1,15.9,3.1,-16.1,16.3,,,,,,,,,,,King et al. (2018b),http://dx.doi.org/10.4067/S0717-73562018005000802,"San Miguel de Azapa, Lower Azapa Valley",Arica y Parinacota,Lowlands
Azapa 115,Formative,Formative,Az115 T2,-1500.0,500,Az115 T2,-18.515454,-70.1180265,267,,,,,,,,und,Infant-2,4.0,5.0,Tooth,Dentin collagen,dm1 (section 12),Infant-2,2.4,2.7,,42.3,16.1,3.1,-15.7,16.2,,,,,,,,,,,King et al. (2018b),http://dx.doi.org/10.4067/S0717-73562018005000802,"San Miguel de Azapa, Lower Azapa Valley",Arica y Parinacota,Lowlands
Azapa 115,Formative,Formative,Az115 T2,-1500.0,500,Az115 T2,-18.515454,-70.1180265,267,,,,,,,,und,Infant-2,4.0,5.0,Tooth,Dentin collagen,dm1 (section 13),Infant-2,2.7,3.0,,42.5,15.5,3.2,-16.6,17.4,,,,,,,,,,,King et al. (2018b),http://dx.doi.org/10.4067/S0717-73562018005000802,"San Miguel de Azapa, Lower Azapa Valley",Arica y Parinacota,Lowlands
Azapa 115,Formative,Formative,Az115 T2,-1500.0,500,Az115 T2,-18.515454,-70.1180265,267,,,,,,,,und,Infant-2,4.0,5.0,Tooth,Dentin collagen,dm1 (section 14),Infant-2,3.0,3.2,,40.0,15.4,3.0,-15.9,16.5,,,,,,,,,,,King et al. (2018b),http://dx.doi.org/10.4067/S0717-73562018005000802,"San Miguel de Azapa, Lower Azapa Valley",Arica y Parinacota,Lowlands
Azapa 115,Formative,Formative,Az115 T6,-1500.0,500,Az115 T6,-18.515454,-70.1180265,267,,,,,,,,und,Infant-2,3.0,3.0,Tooth,Dentin collagen,dm1 (section 1),Fetus,,-0.2,,41.9,14.5,3.4,-14.7,23.2,,,,,,,,,,,King et al. (2018b),http://dx.doi.org/10.4067/S0717-73562018005000802,"San Miguel de Azapa, Lower Azapa Valley",Arica y Parinacota,Lowlands
Azapa 115,Formative,Formative,Az115 T6,-1500.0,500,Az115 T6,-18.515454,-70.1180265,267,,,,,,,,und,Infant-2,3.0,3.0,Tooth,Dentin collagen,dm1 (section 2),Fetus/Infant-1,-0.2,0.1,,41.7,14.4,3.4,-14.3,23.4,,,,,,,,,,,King et al. (2018b),http://dx.doi.org/10.4067/S0717-73562018005000802,"San Miguel de Azapa, Lower Azapa Valley",Arica y Parinacota,Lowlands
Azapa 115,Formative,Formative,Az115 T6,-1500.0,500,Az115 T6,-18.515454,-70.1180265,267,,,,,,,,und,Infant-2,3.0,3.0,Tooth,Dentin collagen,dm1 (section 3),Infant-1,0.1,0.4,,39.4,13.8,3.3,-13.9,23.2,,,,,,,,,,,King et al. (2018b),http://dx.doi.org/10.4067/S0717-73562018005000802,"San Miguel de Azapa, Lower Azapa Valley",Arica y Parinacota,Lowlands
Azapa 115,Formative,Formative,Az115 T6,-1500.0,500,Az115 T6,-18.515454,-70.1180265,267,,,,,,,,und,Infant-2,3.0,3.0,Tooth,Dentin collagen,dm1 (section 4),Infant-1,0.4,0.7,,42.2,14.5,3.4,-13.9,23.2,,,,,,,,,,,King et al. (2018b),http://dx.doi.org/10.4067/S0717-73562018005000802,"San Miguel de Azapa, Lower Azapa Valley",Arica y Parinacota,Lowlands
Azapa 115,Formative,Formative,Az115 T6,-1500.0,500,Az115 T6,-18.515454,-70.1180265,267,,,,,,,,und,Infant-2,3.0,3.0,Tooth,Dentin collagen,dm1 (section 5),Infant-1,0.7,1.1,,41.8,14.4,3.4,-13.7,23.0,,,,,,,,,,,King et al. (2018b),http://dx.doi.org/10.4067/S0717-73562018005000802,"San Miguel de Azapa, Lower Azapa Valley",Arica y Parinacota,Lowlands
Azapa 115,Formative,Formative,Az115 T6,-1500.0,500,Az115 T6,-18.515454,-70.1180265,267,,,,,,,,und,Infant-2,3.0,3.0,Tooth,Dentin collagen,dm1 (section 6),Infant-2,1.1,1.4,,42.1,14.6,3.4,-13.2,23.2,,,,,,,,,,,King et al. (2018b),http://dx.doi.org/10.4067/S0717-73562018005000802,"San Miguel de Azapa, Lower Azapa Valley",Arica y Parinacota,Lowlands
Azapa 115,Formative,Formative,Az115 T6,-1500.0,500,Az115 T6,-18.515454,-70.1180265,267,,,,,,,,und,Infant-2,3.0,3.0,Tooth,Dentin collagen,dm1 (section 7),Infant-2,1.4,1.7,,42.2,14.9,3.3,-13.3,23.2,,,,,,,,,,,King et al. (2018b),http://dx.doi.org/10.4067/S0717-73562018005000802,"San Miguel de Azapa, Lower Azapa Valley",Arica y Parinacota,Lowlands
Azapa 115,Formative,Formative,Az115 T6,-1500.0,500,Az115 T6,-18.515454,-70.1180265,267,,,,,,,,und,Infant-2,3.0,3.0,Tooth,Dentin collagen,dm1 (section 8),Infant-2,1.7,2.0,,42.0,14.9,3.3,-12.9,23.0,,,,,,,,,,,King et al. (2018b),http://dx.doi.org/10.4067/S0717-73562018005000802,"San Miguel de Azapa, Lower Azapa Valley",Arica y Parinacota,Lowlands
Azapa 115,Formative,Formative,Az115 T6,-1500.0,500,Az115 T6,-18.515454,-70.1180265,267,,,,,,,,und,Infant-2,3.0,3.0,Tooth,Dentin collagen,dm1 (section 9),Infant-2,2.0,2.3,,31.1,11.0,3.3,-12.3,22.9,,,,,,,,,,,King et al. (2018b),http://dx.doi.org/10.4067/S0717-73562018005000802,"San Miguel de Azapa, Lower Azapa Valley",Arica y Parinacota,Lowlands
Azapa 115,Formative,Formative,Az115 T6,-1500.0,500,Az115 T6,-18.515454,-70.1180265,267,,,,,,,,und,Infant-2,3.0,3.0,Tooth,Dentin collagen,dm1 (section 11),Infant-2,2.3,2.9,,42.5,15.1,3.3,-12.7,23.8,,,,,,,,,,,King et al. (2018b),http://dx.doi.org/10.4067/S0717-73562018005000802,"San Miguel de Azapa, Lower Azapa Valley",Arica y Parinacota,Lowlands
Azapa 122,Formative,Formative,Az122 T9,-1500.0,500,Az122 T9,-18.514676,-70.227793,197,,,,,,,,und,Infant-2,5.0,5.0,Tooth,Dentin collagen,dm1 (section 1),Fetus,,-0.2,,41.2,14.5,3.3,-15.8,23.0,,,,,,,,,,,King et al. (2018b),http://dx.doi.org/10.4067/S0717-73562018005000802,"San Miguel de Azapa, Lower Azapa Valley",Arica y Parinacota,Lowlands
Azapa 122,Formative,Formative,Az122 T9,-1500.0,500,Az122 T9,-18.514676,-70.227793,197,,,,,,,,und,Infant-2,5.0,5.0,Tooth,Dentin collagen,dm1 (section 2),Fetus/Infant-1,-0.2,0.2,,42.4,14.6,3.4,-16.1,23.7,,,,,,,,,,,King et al. (2018b),http://dx.doi.org/10.4067/S0717-73562018005000802,"San Miguel de Azapa, Lower Azapa Valley",Arica y Parinacota,Lowlands
Azapa 122,Formative,Formative,Az122 T9,-1500.0,500,Az122 T9,-18.514676,-70.227793,197,,,,,,,,und,Infant-2,5.0,5.0,Tooth,Dentin collagen,dm1 (section 3),Infant-1,0.2,0.6,,42.3,15.0,3.3,-15.9,23.8,,,,,,,,,,,King et al. (2018b),http://dx.doi.org/10.4067/S0717-73562018005000802,"San Miguel de Azapa, Lower Azapa Valley",Arica y Parinacota,Lowlands
Azapa 122,Formative,Formative,Az122 T9,-1500.0,500,Az122 T9,-18.514676,-70.227793,197,,,,,,,,und,Infant-2,5.0,5.0,Tooth,Dentin collagen,dm1 (section 4),Infant-1,0.6,1.0,,41.7,14.8,3.3,-15.6,23.3,,,,,,,,,,,King et al. (2018b),http://dx.doi.org/10.4067/S0717-73562018005000802,"San Miguel de Azapa, Lower Azapa Valley",Arica y Parinacota,Lowlands
Azapa 122,Formative,Formative,Az122 T9,-1500.0,500,Az122 T9,-18.514676,-70.227793,197,,,,,,,,und,Infant-2,5.0,5.0,Tooth,Dentin collagen,dm1 (section 5),Infant-1,1.0,1.4,,42.3,15.0,3.3,-15.6,22.5,,,,,,,,,,,King et al. (2018b),http://dx.doi.org/10.4067/S0717-73562018005000802,"San Miguel de Azapa, Lower Azapa Valley",Arica y Parinacota,Lowlands
Azapa 122,Formative,Formative,Az122 T9,-1500.0,500,Az122 T9,-18.514676,-70.227793,197,,,,,,,,und,Infant-2,5.0,5.0,Tooth,Dentin collagen,dm1 (section 6),Infant-2,1.4,1.9,,42.1,14.9,3.3,-15.5,21.7,,,,,,,,,,,King et al. (2018b),http://dx.doi.org/10.4067/S0717-73562018005000802,"San Miguel de Azapa, Lower Azapa Valley",Arica y Parinacota,Lowlands
Azapa 122,Formative,Formative,Az122 T9,-1500.0,500,Az122 T9,-18.514676,-70.227793,197,,,,,,,,und,Infant-2,5.0,5.0,Tooth,Dentin collagen,dm1 (section 7),Infant-2,1.9,2.3,,41.9,14.9,3.3,-15.0,21.0,,,,,,,,,,,King et al. (2018b),http://dx.doi.org/10.4067/S0717-73562018005000802,"San Miguel de Azapa, Lower Azapa Valley",Arica y Parinacota,Lowlands
Azapa 122,Formative,Formative,Az122 T9,-1500.0,500,Az122 T9,-18.514676,-70.227793,197,,,,,,,,und,Infant-2,5.0,5.0,Tooth,Dentin collagen,dm1 (section 8),Infant-2,2.3,2.7,,41.7,14.7,3.3,-14.8,20.5,,,,,,,,,,,King et al. (2018b),http://dx.doi.org/10.4067/S0717-73562018005000802,"San Miguel de Azapa, Lower Azapa Valley",Arica y Parinacota,Lowlands
Azapa 122,Formative,Formative,Az122 T9,-1500.0,500,Az122 T9,-18.514676,-70.227793,197,,,,,,,,und,Infant-2,5.0,5.0,Tooth,Dentin collagen,dm1 (section 9),Infant-2,2.7,3.1,,39.3,14.9,3.1,-14.5,19.6,,,,,,,,,,,King et al. (2018b),http://dx.doi.org/10.4067/S0717-73562018005000802,"San Miguel de Azapa, Lower Azapa Valley",Arica y Parinacota,Lowlands
Azapa 122,Formative,Formative,Az122 T9,-1500.0,500,Az122 T9,-18.514676,-70.227793,197,,,,,,,,und,Infant-2,5.0,5.0,Tooth,Dentin collagen,dm1 (section 10),Infant-2,3.1,3.5,,42.7,14.6,3.4,-13.9,17.3,,,,,,,,,,,King et al. (2018b),http://dx.doi.org/10.4067/S0717-73562018005000802,"San Miguel de Azapa, Lower Azapa Valley",Arica y Parinacota,Lowlands
Azapa 14,Formative,Formative,AZ14-T31,-2000.0,-1,AZ14-T31,-18.520743,-70.219859,234,,,,,,,,,,,,Hair,Hair keratin,Hair 0-1,,,,,42.6,13.4,3.7,-19.5,11.0,3.4,8.1,,,,,,,,,Mora et al. (2017),http://dx.doi.org/10.1016/j.quaint.2016.10.018,"San Miguel de Azapa, Lower Azapa Valley",Arica y Parinacota,Lowlands
Azapa 14,Formative,Formative,AZ14-T31,-2000.0,-1,AZ14-T31,-18.520743,-70.219859,234,,,,,,,,,,,,Hair,Hair keratin,Hair 1-2,,,,,42.6,13.6,3.7,-19.4,10.3,3.1,7.6,,,,,,,,,Mora et al. (2017),http://dx.doi.org/10.1016/j.quaint.2016.10.018,"San Miguel de Azapa, Lower Azapa Valley",Arica y Parinacota,Lowlands
Azapa 14,Formative,Formative,AZ14-T31,-2000.0,-1,AZ14-T31,-18.520743,-70.219859,234,,,,,,,,,,,,Hair,Hair keratin,Hair 2-3,,,,,42.7,13.5,3.7,-18.6,9.5,3.1,8.0,,,,,,,,,Mora et al. (2017),http://dx.doi.org/10.1016/j.quaint.2016.10.018,"San Miguel de Azapa, Lower Azapa Valley",Arica y Parinacota,Lowlands
Azapa 14,Formative,Formative,AZ14-T31,-2000.0,-1,AZ14-T31,-18.520743,-70.219859,234,,,,,,,,,,,,Hair,Hair keratin,Hair 3-4,,,,,42.4,13.3,3.7,-18.0,10.0,3.1,7.9,,,,,,,,,Mora et al. (2017),http://dx.doi.org/10.1016/j.quaint.2016.10.018,"San Miguel de Azapa, Lower Azapa Valley",Arica y Parinacota,Lowlands
Azapa 14,Formative,Formative,AZ14-T31,-2000.0,-1,AZ14-T31,-18.520743,-70.219859,234,,,,,,,,,,,,Hair,Hair keratin,Hair 4-5,,,,,42.6,13.4,3.7,-17.9,10.4,3.1,9.1,,,,,,,,,Mora et al. (2017),http://dx.doi.org/10.1016/j.quaint.2016.10.018,"San Miguel de Azapa, Lower Azapa Valley",Arica y Parinacota,Lowlands
Azapa 14,Formative,Formative,AZ14-T31,-2000.0,-1,AZ14-T31,-18.520743,-70.219859,234,,,,,,,,,,,,Hair,Hair keratin,Hair 5-6,,,,,42.2,13.3,3.7,-18.8,9.5,3.4,10.8,,,,,,,,,Mora et al. (2017),http://dx.doi.org/10.1016/j.quaint.2016.10.018,"San Miguel de Azapa, Lower Azapa Valley",Arica y Parinacota,Lowlands
Azapa 14,Formative,Formative,AZ14-T31,-2000.0,-1,AZ14-T31,-18.520743,-70.219859,234,,,,,,,,,,,,Hair,Hair keratin,Hair 6-7,,,,,41.8,13.2,3.7,-19.4,9.5,,,,,,,,,,,Mora et al. (2017),http://dx.doi.org/10.1016/j.quaint.2016.10.018,"San Miguel de Azapa, Lower Azapa Valley",Arica y Parinacota,Lowlands
Azapa 14,Formative,Formative,AZ14-T31,-2000.0,-1,AZ14-T31,-18.520743,-70.219859,234,,,,,,,,,,,,Hair,Hair keratin,Hair 7-8,,,,,41.8,13.1,3.7,-20.3,11.6,,,,,,,,,,,Mora et al. (2017),http://dx.doi.org/10.1016/j.quaint.2016.10.018,"San Miguel de Azapa, Lower Azapa Valley",Arica y Parinacota,Lowlands
Azapa 14,Formative,Formative,AZ14 ent1,-1500.0,500,AZ14 ent1,-18.520743,-70.219859,234,,,,,,,,M,und,,,Bone,Bone collagen,,und,,,21.6,32.8,10.7,3.6,-12.7,25.0,,,,,,,,,,,King et al. (2018a),https://doi.org/10.1016/j.quascirev.2017.12.009,"San Miguel de Azapa, Lower Azapa Valley",Arica y Parinacota,Lowlands
Azapa 14,Formative,Formative,AZ14 TX,-1500.0,500,AZ14 TX,-18.520743,-70.219859,234,,,,,,,,F,Young Adult,21.0,35.0,Bone,Bone collagen,,Adult,,,3.5,38.3,12.7,3.5,-18.4,16.7,,,,,,,,,,,King et al. (2018a),https://doi.org/10.1016/j.quascirev.2017.12.009,"San Miguel de Azapa, Lower Azapa Valley",Arica y Parinacota,Lowlands
Azapa 14,Formative,Formative,AZ14 T1,-1500.0,500,AZ14 T1,-18.520743,-70.219859,234,,,,,,,,M,Middle Adult,36.0,50.0,Bone,Bone collagen,,Adult,,,7.5,39.8,14.1,3.3,-17.0,17.4,,,,,,,,,,,King et al. (2018a),https://doi.org/10.1016/j.quascirev.2017.12.009,"San Miguel de Azapa, Lower Azapa Valley",Arica y Parinacota,Lowlands
Azapa 14,Formative,Formative,AZ14 T1 F15,-1500.0,500,AZ14 T1 F15,-18.520743,-70.219859,234,,,,,,,,F,Young Adult,21.0,35.0,Bone,Bone collagen,,Adult,,,11.7,42.8,15.1,3.3,-17.0,17.6,,,,,,,,,,,King et al. (2018a),https://doi.org/10.1016/j.quascirev.2017.12.009,"San Miguel de Azapa, Lower Azapa Valley",Arica y Parinacota,Lowlands
Azapa 14,Formative,Formative,AZ14 T7,-1500.0,500,AZ14 T7,-18.520743,-70.219859,234,,,,,,,,F,Old Adult,50.0,,Bone,Bone collagen,,Adult,,,17.5,44.5,15.6,3.4,-18.3,13.6,,,,,,,,,,,King et al. (2018a),https://doi.org/10.1016/j.quascirev.2017.12.009,"San Miguel de Azapa, Lower Azapa Valley",Arica y Parinacota,Lowlands
Azapa 14,Formative,Formative,AZ14 T10,-1500.0,500,AZ14 T10,-18.520743,-70.219859,234,,,,,,,,M,Middle Adult,36.0,50.0,Bone,Bone collagen,,Adult,,,13.6,42.5,15.7,3.2,-11.8,25.5,,,,,,,,,,,King et al. (2018a),https://doi.org/10.1016/j.quascirev.2017.12.009,"San Miguel de Azapa, Lower Azapa Valley",Arica y Parinacota,Lowlands
Azapa 14,Formative,Formative,AZ14 T14,-1500.0,500,AZ14 T14,-18.520743,-70.219859,234,,,,,,,,F,Young Adult,21.0,35.0,Bone,Bone collagen,,Adult,,,9.1,42.2,13.8,3.6,-17.0,17.8,,,,,,,,,,,King et al. (2018a),https://doi.org/10.1016/j.quascirev.2017.12.009,"San Miguel de Azapa, Lower Azapa Valley",Arica y Parinacota,Lowlands
Azapa 14,Formative,Formative,AZ14 T76b,-1500.0,500,AZ14 T76b,-18.520743,-70.219859,234,,,,,,,,M,Young Adult,21.0,35.0,Bone,Bone collagen,,Adult,,,11.6,43.3,15.5,3.5,-18.2,13.7,,,,,,,,,,,King et al. (2018a),https://doi.org/10.1016/j.quascirev.2017.12.009,"San Miguel de Azapa, Lower Azapa Valley",Arica y Parinacota,Lowlands
Azapa 6,Formative,Formative,Az6 T36 J2/1,-1500.0,500,Az6 T36 J2/1,-18.5222,-70.1543,360,,,,,,,,und,und,,,Tooth,Dentin collagen,C (section 1),Infant-2,,1.3,,43.1,15.5,3.2,-17.9,13.6,,,,,,,,,,,King et al. (2018b),http://dx.doi.org/10.4067/S0717-73562018005000802,"San Miguel de Azapa, Lower Azapa Valley",Arica y Parinacota,Lowlands
Azapa 6,Formative,Formative,Az6 T36 J2/1,-1500.0,500,Az6 T36 J2/1,-18.5222,-70.1543,360,,,,,,,,und,und,,,Tooth,Dentin collagen,C (section 2),Infant-2,1.3,2.2,,41.3,14.8,3.2,-17.3,13.1,,,,,,,,,,,King et al. (2018b),http://dx.doi.org/10.4067/S0717-73562018005000802,"San Miguel de Azapa, Lower Azapa Valley",Arica y Parinacota,Lowlands
Azapa 6,Formative,Formative,Az6 T36 J2/1,-1500.0,500,Az6 T36 J2/1,-18.5222,-70.1543,360,,,,,,,,und,und,,,Tooth,Dentin collagen,C (section 3),Infant-2,2.2,3.1,,42.0,15.1,3.3,-17.3,13.4,,,,,,,,,,,King et al. (2018b),http://dx.doi.org/10.4067/S0717-73562018005000802,"San Miguel de Azapa, Lower Azapa Valley",Arica y Parinacota,Lowlands
Azapa 6,Formative,Formative,Az6 T36 J2/1,-1500.0,500,Az6 T36 J2/1,-18.5222,-70.1543,360,,,,,,,,und,und,,,Tooth,Dentin collagen,C (section 4),Infant-2,3.1,4.1,,41.9,15.0,3.3,-16.9,12.8,,,,,,,,,,,King et al. (2018b),http://dx.doi.org/10.4067/S0717-73562018005000802,"San Miguel de Azapa, Lower Azapa Valley",Arica y Parinacota,Lowlands
Azapa 6,Formative,Formative,Az6 T36 J2/1,-1500.0,500,Az6 T36 J2/1,-18.5222,-70.1543,360,,,,,,,,und,und,,,Tooth,Dentin collagen,C (section 5),Infant-2,4.1,5.0,,41.8,14.9,3.3,-16.5,13.1,,,,,,,,,,,King et al. (2018b),http://dx.doi.org/10.4067/S0717-73562018005000802,"San Miguel de Azapa, Lower Azapa Valley",Arica y Parinacota,Lowlands
Azapa 6,Formative,Formative,Az6 T36 J2/1,-1500.0,500,Az6 T36 J2/1,-18.5222,-70.1543,360,,,,,,,,und,und,,,Tooth,Dentin collagen,C (section 6),Child-1,5.0,6.0,,43.0,15.1,3.3,-16.3,13.5,,,,,,,,,,,King et al. (2018b),http://dx.doi.org/10.4067/S0717-73562018005000802,"San Miguel de Azapa, Lower Azapa Valley",Arica y Parinacota,Lowlands
Azapa 6,Formative,Formative,Az6 T36 J2/1,-1500.0,500,Az6 T36 J2/1,-18.5222,-70.1543,360,,,,,,,,und,und,,,Tooth,Dentin collagen,C (section 7),Child-1,6.0,6.9,,41.4,14.9,3.2,-16.5,13.7,,,,,,,,,,,King et al. (2018b),http://dx.doi.org/10.4067/S0717-73562018005000802,"San Miguel de Azapa, Lower Azapa Valley",Arica y Parinacota,Lowlands
Azapa 6,Formative,Formative,Az6 T36 J2/1,-1500.0,500,Az6 T36 J2/1,-18.5222,-70.1543,360,,,,,,,,und,und,,,Tooth,Dentin collagen,C (section 8),Child-1,6.9,7.9,,41.1,14.8,3.2,-17.1,13.1,,,,,,,,,,,King et al. (2018b),http://dx.doi.org/10.4067/S0717-73562018005000802,"San Miguel de Azapa, Lower Azapa Valley",Arica y Parinacota,Lowlands
Azapa 6,Formative,Formative,Az6 T36 J2/1,-1500.0,500,Az6 T36 J2/1,-18.5222,-70.1543,360,,,,,,,,und,und,,,Tooth,Dentin collagen,C (section 9),Child-2,7.9,8.8,,42.5,15.2,3.3,-17.8,12.9,,,,,,,,,,,King et al. (2018b),http://dx.doi.org/10.4067/S0717-73562018005000802,"San Miguel de Azapa, Lower Azapa Valley",Arica y Parinacota,Lowlands
Azapa 6,Formative,Formative,Az6 T36 J2/1,-1500.0,500,Az6 T36 J2/1,-18.5222,-70.1543,360,,,,,,,,und,und,,,Tooth,Dentin collagen,C (section 10),Child-2,8.8,9.8,,41.5,14.9,3.3,-18.3,13.1,,,,,,,,,,,King et al. (2018b),http://dx.doi.org/10.4067/S0717-73562018005000802,"San Miguel de Azapa, Lower Azapa Valley",Arica y Parinacota,Lowlands
Azapa 6,Formative,Formative,Az6 T36 J2/1,-1500.0,500,Az6 T36 J2/1,-18.5222,-70.1543,360,,,,,,,,und,und,,,Tooth,Dentin collagen,C (section 11),Child-2,9.8,10.7,,41.9,15.0,3.3,-18.1,13.0,,,,,,,,,,,King et al. (2018b),http://dx.doi.org/10.4067/S0717-73562018005000802,"San Miguel de Azapa, Lower Azapa Valley",Arica y Parinacota,Lowlands
Azapa 6,Formative,Formative,Az6 T36 J2/1,-1500.0,500,Az6 T36 J2/1,-18.5222,-70.1543,360,,,,,,,,und,und,,,Tooth,Dentin collagen,C (section 13),Child-2,10.7,12.6,,42.6,15.0,3.3,-17.5,13.7,,,,,,,,,,,King et al. (2018b),http://dx.doi.org/10.4067/S0717-73562018005000802,"San Miguel de Azapa, Lower Azapa Valley",Arica y Parinacota,Lowlands
Azapa 6,Formative,Formative,Az6 T105 3/3,-1500.0,500,Az6 T105 3/3,-18.5222,-70.1543,360,,,,,,,,und,Subadult,,,Tooth,Dentin collagen,dm1 (section 1),Fetus,,-0.2,,41.4,15.1,3.2,-10.6,24.9,,,,,,,,,,,King et al. (2018b),http://dx.doi.org/10.4067/S0717-73562018005000802,"San Miguel de Azapa, Lower Azapa Valley",Arica y Parinacota,Lowlands
Azapa 6,Formative,Formative,Az6 T105 3/3,-1500.0,500,Az6 T105 3/3,-18.5222,-70.1543,360,,,,,,,,und,Subadult,,,Tooth,Dentin collagen,dm1 (section 2),Fetus/Infant-1,-0.2,0.2,,41.6,15.2,3.2,-9.5,25.5,,,,,,,,,,,King et al. (2018b),http://dx.doi.org/10.4067/S0717-73562018005000802,"San Miguel de Azapa, Lower Azapa Valley",Arica y Parinacota,Lowlands
Azapa 6,Formative,Formative,Az6 T105 3/3,-1500.0,500,Az6 T105 3/3,-18.5222,-70.1543,360,,,,,,,,und,Subadult,,,Tooth,Dentin collagen,dm1 (section 3),Infant-1,0.2,0.5,,40.3,14.6,3.2,-9.8,24.6,,,,,,,,,,,King et al. (2018b),http://dx.doi.org/10.4067/S0717-73562018005000802,"San Miguel de Azapa, Lower Azapa Valley",Arica y Parinacota,Lowlands
Azapa 6,Formative,Formative,Az6 T105 3/3,-1500.0,500,Az6 T105 3/3,-18.5222,-70.1543,360,,,,,,,,und,Subadult,,,Tooth,Dentin collagen,dm1 (section 4),Infant-1,0.5,0.9,,41.2,15.0,3.2,-9.4,24.8,,,,,,,,,,,King et al. (2018b),http://dx.doi.org/10.4067/S0717-73562018005000802,"San Miguel de Azapa, Lower Azapa Valley",Arica y Parinacota,Lowlands
Azapa 6,Formative,Formative,Az6 T105 3/3,-1500.0,500,Az6 T105 3/3,-18.5222,-70.1543,360,,,,,,,,und,Subadult,,,Tooth,Dentin collagen,dm1 (section 5),Infant-1/Infant-2,0.9,1.3,,39.3,14.3,3.2,-9.2,25.0,,,,,,,,,,,King et al. (2018b),http://dx.doi.org/10.4067/S0717-73562018005000802,"San Miguel de Azapa, Lower Azapa Valley",Arica y Parinacota,Lowlands
Azapa 6,Formative,Formative,Az6 T105 3/3,-1500.0,500,Az6 T105 3/3,-18.5222,-70.1543,360,,,,,,,,und,Subadult,,,Tooth,Dentin collagen,dm1 (section 6),Infant-2,1.3,1.7,,41.9,15.2,3.2,-9.8,23.7,,,,,,,,,,,King et al. (2018b),http://dx.doi.org/10.4067/S0717-73562018005000802,"San Miguel de Azapa, Lower Azapa Valley",Arica y Parinacota,Lowlands
Azapa 6,Formative,Formative,Az6 T105 3/3,-1500.0,500,Az6 T105 3/3,-18.5222,-70.1543,360,,,,,,,,und,Subadult,,,Tooth,Dentin collagen,dm1 (section 7),Infant-2,1.7,2.0,,42.1,15.3,3.2,-10.4,21.8,,,,,,,,,,,King et al. (2018b),http://dx.doi.org/10.4067/S0717-73562018005000802,"San Miguel de Azapa, Lower Azapa Valley",Arica y Parinacota,Lowlands
Azapa 6,Formative,Formative,Az6 T105 3/3,-1500.0,500,Az6 T105 3/3,-18.5222,-70.1543,360,,,,,,,,und,Subadult,,,Tooth,Dentin collagen,dm1 (section 8),Infant-2,2.0,2.4,,41.9,15.3,3.2,-10.5,21.2,,,,,,,,,,,King et al. (2018b),http://dx.doi.org/10.4067/S0717-73562018005000802,"San Miguel de Azapa, Lower Azapa Valley",Arica y Parinacota,Lowlands
Azapa 6,Formative,Formative,Az6 T105 3/3,-1500.0,500,Az6 T105 3/3,-18.5222,-70.1543,360,,,,,,,,und,Subadult,,,Tooth,Dentin collagen,dm1 (section 9),Infant-2,2.4,2.8,,41.7,15.2,3.2,-10.8,21.3,,,,,,,,,,,King et al. (2018b),http://dx.doi.org/10.4067/S0717-73562018005000802,"San Miguel de Azapa, Lower Azapa Valley",Arica y Parinacota,Lowlands
Azapa 6,Formative,Formative,Az6 T105 3/3,-1500.0,500,Az6 T105 3/3,-18.5222,-70.1543,360,,,,,,,,und,Subadult,,,Tooth,Dentin collagen,dm1 (section 10),Infant-2,2.8,3.1,,42.3,15.4,3.2,-11.3,20.5,,,,,,,,,,,King et al. (2018b),http://dx.doi.org/10.4067/S0717-73562018005000802,"San Miguel de Azapa, Lower Azapa Valley",Arica y Parinacota,Lowlands
Azapa 6,Formative,Formative,Az6 T105 3/3,-1500.0,500,Az6 T105 3/3,-18.5222,-70.1543,360,,,,,,,,und,Subadult,,,Tooth,Dentin collagen,dm1 (section 11),Infant-2,3.1,35.0,,41.7,15.1,3.2,-11.4,20.5,,,,,,,,,,,King et al. (2018b),http://dx.doi.org/10.4067/S0717-73562018005000802,"San Miguel de Azapa, Lower Azapa Valley",Arica y Parinacota,Lowlands
Azapa 70,Formative,Formative,Az70 Tum2cr2,-1500.0,500,Az70 Tum2cr2,-18.517798,-70.174663,281,,,,,,,,und,Child-1,8.0,9.0,Tooth,Dentin collagen,dm2 (section 1),Fetus,,-0.2,,40.3,14.5,3.2,-12.2,11.9,,,,,,,,,,,King et al. (2018b),http://dx.doi.org/10.4067/S0717-73562018005000802,"San Miguel de Azapa, Lower Azapa Valley",Arica y Parinacota,Lowlands
Azapa 70,Formative,Formative,Az70 Tum2cr2,-1500.0,500,Az70 Tum2cr2,-18.517798,-70.174663,281,,,,,,,,und,Child-1,8.0,9.0,Tooth,Dentin collagen,dm2 (section 2),Fetus/Infant-1,-0.2,0.1,,41.3,14.6,3.3,-11.8,11.8,,,,,,,,,,,King et al. (2018b),http://dx.doi.org/10.4067/S0717-73562018005000802,"San Miguel de Azapa, Lower Azapa Valley",Arica y Parinacota,Lowlands
Azapa 70,Formative,Formative,Az70 Tum2cr2,-1500.0,500,Az70 Tum2cr2,-18.517798,-70.174663,281,,,,,,,,und,Child-1,8.0,9.0,Tooth,Dentin collagen,dm2 (section 3),Infant-1,0.1,0.4,,40.7,14.5,3.3,-12.5,12.1,,,,,,,,,,,King et al. (2018b),http://dx.doi.org/10.4067/S0717-73562018005000802,"San Miguel de Azapa, Lower Azapa Valley",Arica y Parinacota,Lowlands
Azapa 70,Formative,Formative,Az70 Tum2cr2,-1500.0,500,Az70 Tum2cr2,-18.517798,-70.174663,281,,,,,,,,und,Child-1,8.0,9.0,Tooth,Dentin collagen,dm2 (section 4),Infant-1,0.4,0.7,,40.9,14.6,3.3,-12.7,12.2,,,,,,,,,,,King et al. (2018b),http://dx.doi.org/10.4067/S0717-73562018005000802,"San Miguel de Azapa, Lower Azapa Valley",Arica y Parinacota,Lowlands
Azapa 70,Formative,Formative,Az70 Tum2cr2,-1500.0,500,Az70 Tum2cr2,-18.517798,-70.174663,281,,,,,,,,und,Child-1,8.0,9.0,Tooth,Dentin collagen,dm2 (section 5),Infant-1,0.7,1.0,,41.1,14.7,3.3,-12.5,12.8,,,,,,,,,,,King et al. (2018b),http://dx.doi.org/10.4067/S0717-73562018005000802,"San Miguel de Azapa, Lower Azapa Valley",Arica y Parinacota,Lowlands
Azapa 70,Formative,Formative,Az70 Tum2cr2,-1500.0,500,Az70 Tum2cr2,-18.517798,-70.174663,281,,,,,,,,und,Child-1,8.0,9.0,Tooth,Dentin collagen,dm2 (section 6),Infant-2,1.0,1.3,,41.8,14.9,3.3,-12.2,12.6,,,,,,,,,,,King et al. (2018b),http://dx.doi.org/10.4067/S0717-73562018005000802,"San Miguel de Azapa, Lower Azapa Valley",Arica y Parinacota,Lowlands
Azapa 70,Formative,Formative,Az70 Tum2cr2,-1500.0,500,Az70 Tum2cr2,-18.517798,-70.174663,281,,,,,,,,und,Child-1,8.0,9.0,Tooth,Dentin collagen,dm2 (section 7),Infant-2,1.3,1.7,,41.1,14.6,3.3,-12.1,12.5,,,,,,,,,,,King et al. (2018b),http://dx.doi.org/10.4067/S0717-73562018005000802,"San Miguel de Azapa, Lower Azapa Valley",Arica y Parinacota,Lowlands
Azapa 70,Formative,Formative,Az70 Tum2cr2,-1500.0,500,Az70 Tum2cr2,-18.517798,-70.174663,281,,,,,,,,und,Child-1,8.0,9.0,Tooth,Dentin collagen,dm2 (section 8),Infant-2,1.7,2.0,,40.8,14.6,3.3,-12.1,12.4,,,,,,,,,,,King et al. (2018b),http://dx.doi.org/10.4067/S0717-73562018005000802,"San Miguel de Azapa, Lower Azapa Valley",Arica y Parinacota,Lowlands
Azapa 70,Formative,Formative,Az70 Tum2cr2,-1500.0,500,Az70 Tum2cr2,-18.517798,-70.174663,281,,,,,,,,und,Child-1,8.0,9.0,Tooth,Dentin collagen,dm2 (section 9),Infant-2,2.0,2.3,,41.1,14.7,3.3,-12.5,12.4,,,,,,,,,,,King et al. (2018b),http://dx.doi.org/10.4067/S0717-73562018005000802,"San Miguel de Azapa, Lower Azapa Valley",Arica y Parinacota,Lowlands
Azapa 70,Formative,Formative,Az70 Tum2cr2,-1500.0,500,Az70 Tum2cr2,-18.517798,-70.174663,281,,,,,,,,und,Child-1,8.0,9.0,Tooth,Dentin collagen,dm2 (section 10),Infant-2,2.3,2.6,,41.9,14.9,3.3,-12.3,11.6,,,,,,,,,,,King et al. (2018b),http://dx.doi.org/10.4067/S0717-73562018005000802,"San Miguel de Azapa, Lower Azapa Valley",Arica y Parinacota,Lowlands
Azapa 70,Formative,Formative,Az70 Tum2cr2,-1500.0,500,Az70 Tum2cr2,-18.517798,-70.174663,281,,,,,,,,und,Child-1,8.0,9.0,Tooth,Dentin collagen,dm2 (section 11),Infant-2,2.6,2.9,,40.6,14.5,3.3,-11.2,11.6,,,,,,,,,,,King et al. (2018b),http://dx.doi.org/10.4067/S0717-73562018005000802,"San Miguel de Azapa, Lower Azapa Valley",Arica y Parinacota,Lowlands
Azapa 70,Formative,Formative,Az70 Tum2cr2,-1500.0,500,Az70 Tum2cr2,-18.517798,-70.174663,281,,,,,,,,und,Child-1,8.0,9.0,Tooth,Dentin collagen,dm2 (section 12),Infant-2,2.9,3.2,,41.6,14.8,3.3,-13.0,10.7,,,,,,,,,,,King et al. (2018b),http://dx.doi.org/10.4067/S0717-73562018005000802,"San Miguel de Azapa, Lower Azapa Valley",Arica y Parinacota,Lowlands
Azapa 70,Formative,Formative,22449,-500.0,100,Az-70 TLO7 C-4,-18.517798,-70.174663,281,,,,,,,,F,Adult,,,Bone,Bone collagen,Rib,Adult,,,1.1,45.0,10.8,4.9,,,,,,,,,,,,,Silva-Pinto et al. (2014),https://roderic.uv.es/bitstream/handle/10550/42550/Silva-Pinto%20et%20al%202014.pdf?sequence=1,"San Miguel de Azapa, Lower Azapa Valley",Arica y Parinacota,Lowlands
Azapa 70,Formative,Formative,22450,-500.0,100,Az-67 TLO2 C-1,-18.517798,-70.174663,281,,,,,,,,,,,,Bone,Bone collagen,Rib,,,,1.2,47.7,10.5,5.3,,,,,,,,,,,,,Silva-Pinto et al. (2014),https://roderic.uv.es/bitstream/handle/10550/42550/Silva-Pinto%20et%20al%202014.pdf?sequence=1,"San Miguel de Azapa, Lower Azapa Valley",Arica y Parinacota,Lowlands
Azapa 70,Formative,Formative,22451,-500.0,100,Az-70 TLO7 C-5,-18.517798,-70.174663,281,,,,,,,,und,Infant-2,3.0,5.0,Bone,Bone collagen,Rib,Infant-2,3.0,5.0,3.3,45.0,13.9,3.5,-18.4,12.1,,,,,,,,,,,Silva-Pinto et al. (2014),https://roderic.uv.es/bitstream/handle/10550/42550/Silva-Pinto%20et%20al%202014.pdf?sequence=1,"San Miguel de Azapa, Lower Azapa Valley",Arica y Parinacota,Lowlands
Azapa 70,Formative,Formative,22452,-500.0,100,Az-70 TLO7 C-8,-18.517798,-70.174663,281,,,,,,,,F,Middle Adult,47.0,53.0,Bone,Bone collagen,Rib,Middle Adult,47.0,53.0,4.0,28.0,10.0,3.3,-15.9,12.0,,,,,,,,,,,Silva-Pinto et al. (2014),https://roderic.uv.es/bitstream/handle/10550/42550/Silva-Pinto%20et%20al%202014.pdf?sequence=1,"San Miguel de Azapa, Lower Azapa Valley",Arica y Parinacota,Lowlands
Azapa 70,Formative,Formative,22454,-500.0,100,Az-70 TLO7 C-2,-18.517798,-70.174663,281,,,,,,,,F,Middle Adult,43.0,47.0,Bone,Bone collagen,Rib,Middle Adult,43.0,47.0,2.8,35.0,12.3,3.3,-16.0,16.8,,,,,,,,,,,Silva-Pinto et al. (2014),https://roderic.uv.es/bitstream/handle/10550/42550/Silva-Pinto%20et%20al%202014.pdf?sequence=1,"San Miguel de Azapa, Lower Azapa Valley",Arica y Parinacota,Lowlands
Azapa 70,Formative,Formative,22455,-500.0,100,Az-67 TLO2 C-2,-18.517798,-70.174663,281,14C-AMS,Not reported,2220.0,40.0,-382.0,-108.0,Hair keratin,F,Young Adult,25.0,30.0,Bone,Bone collagen,Rib,Young Adult,25.0,30.0,4.3,40.9,13.3,3.5,-18.4,12.2,,,,,,,,,,,Silva-Pinto et al. (2014),https://roderic.uv.es/bitstream/handle/10550/42550/Silva-Pinto%20et%20al%202014.pdf?sequence=1,"San Miguel de Azapa, Lower Azapa Valley",Arica y Parinacota,Lowlands
Azapa 70,Formative,Formative,22456,-500.0,100,Az-70 TLO7 C-3,-18.517798,-70.174663,281,,,,,,,,,,,,Bone,Bone collagen,Rib,,,,4.1,47.0,10.6,5.2,,,,,,,,,,,,,Silva-Pinto et al. (2014),https://roderic.uv.es/bitstream/handle/10550/42550/Silva-Pinto%20et%20al%202014.pdf?sequence=1,"San Miguel de Azapa, Lower Azapa Valley",Arica y Parinacota,Lowlands
Azapa 70,Formative,Formative,22453.C.I,-500.0,100,Az-70 TLO7 C-4 Pelo 1,-18.517798,-70.174663,281,,,,,,,,F,Adult,,,Hair,Hair keratin,Hair C 0-2,Adult,,,,42.7,14.2,3.5,-19.7,9.7,,,,,,,,,,,Silva-Pinto et al. (2014),https://roderic.uv.es/bitstream/handle/10550/42550/Silva-Pinto%20et%20al%202014.pdf?sequence=1,"San Miguel de Azapa, Lower Azapa Valley",Arica y Parinacota,Lowlands
Azapa 70,Formative,Formative,22453.C.II,-500.0,100,Az-70 TLO7 C-4 Pelo 1,-18.517798,-70.174663,281,,,,,,,,F,Adult,,,Hair,Hair keratin,Hair C 2-4,Adult,,,,42.5,14.5,3.4,-19.7,10.8,,,,,,,,,,,Silva-Pinto et al. (2014),https://roderic.uv.es/bitstream/handle/10550/42550/Silva-Pinto%20et%20al%202014.pdf?sequence=1,"San Miguel de Azapa, Lower Azapa Valley",Arica y Parinacota,Lowlands
Azapa 70,Formative,Formative,22453.C.III,-500.0,100,Az-70 TLO7 C-4 Pelo 1,-18.517798,-70.174663,281,,,,,,,,F,Adult,,,Hair,Hair keratin,Hair C 4-6,Adult,,,,47.9,16.2,3.5,-19.0,10.6,,,,,,,,,,,Silva-Pinto et al. (2014),https://roderic.uv.es/bitstream/handle/10550/42550/Silva-Pinto%20et%20al%202014.pdf?sequence=1,"San Miguel de Azapa, Lower Azapa Valley",Arica y Parinacota,Lowlands
Azapa 70,Formative,Formative,22453.D.I,-500.0,100,Az-70 TLO7 C-4 Pelo 2,-18.517798,-70.174663,281,,,,,,,,F,Adult,,,Hair,Hair keratin,Hair D 0-2,Adult,,,,44.1,14.7,3.5,-19.0,10.4,,,,,,,,,,,Silva-Pinto et al. (2014),https://roderic.uv.es/bitstream/handle/10550/42550/Silva-Pinto%20et%20al%202014.pdf?sequence=1,"San Miguel de Azapa, Lower Azapa Valley",Arica y Parinacota,Lowlands
Azapa 70,Formative,Formative,22453.D.II,-500.0,100,Az-70 TLO7 C-4 Pelo 2,-18.517798,-70.174663,281,,,,,,,,F,Adult,,,Hair,Hair keratin,Hair D 2-4,Adult,,,,48.0,15.8,3.5,-19.3,10.4,,,,,,,,,,,Silva-Pinto et al. (2014),https://roderic.uv.es/bitstream/handle/10550/42550/Silva-Pinto%20et%20al%202014.pdf?sequence=1,"San Miguel de Azapa, Lower Azapa Valley",Arica y Parinacota,Lowlands
Azapa 70,Formative,Formative,22453.D.III,-500.0,100,Az-70 TLO7 C-4 Pelo 2,-18.517798,-70.174663,281,,,,,,,,F,Adult,,,Hair,Hair keratin,Hair D 4-6,Adult,,,,45.9,15.4,3.5,-18.7,11.3,,,,,,,,,,,Silva-Pinto et al. (2014),https://roderic.uv.es/bitstream/handle/10550/42550/Silva-Pinto%20et%20al%202014.pdf?sequence=1,"San Miguel de Azapa, Lower Azapa Valley",Arica y Parinacota,Lowlands
Azapa 70,Formative,Formative,22453.D.IV,-500.0,100,Az-70 TLO7 C-4 Pelo 2,-18.517798,-70.174663,281,,,,,,,,F,Adult,,,Hair,Hair keratin,Hair D 6-8,Adult,,,,46.8,15.9,3.4,-15.8,11.2,,,,,,,,,,,Silva-Pinto et al. (2014),https://roderic.uv.es/bitstream/handle/10550/42550/Silva-Pinto%20et%20al%202014.pdf?sequence=1,"San Miguel de Azapa, Lower Azapa Valley",Arica y Parinacota,Lowlands
Azapa 70,Formative,Formative,22453.E.I,-500.0,100,Az-70 TLO7 C-4 Pelo 3,-18.517798,-70.174663,281,,,,,,,,F,Adult,,,Hair,Hair keratin,Hair E 0-2,Adult,,,,43.5,14.6,3.5,-19.8,9.7,,,,,,,,,,,Silva-Pinto et al. (2014),https://roderic.uv.es/bitstream/handle/10550/42550/Silva-Pinto%20et%20al%202014.pdf?sequence=1,"San Miguel de Azapa, Lower Azapa Valley",Arica y Parinacota,Lowlands
Azapa 70,Formative,Formative,22453.E.II,-500.0,100,Az-70 TLO7 C-4 Pelo 3,-18.517798,-70.174663,281,,,,,,,,F,Adult,,,Hair,Hair keratin,Hair E 2-4,Adult,,,,44.6,15.1,3.5,-19.7,11.1,,,,,,,,,,,Silva-Pinto et al. (2014),https://roderic.uv.es/bitstream/handle/10550/42550/Silva-Pinto%20et%20al%202014.pdf?sequence=1,"San Miguel de Azapa, Lower Azapa Valley",Arica y Parinacota,Lowlands
Azapa 70,Formative,Formative,22453.E.III,-500.0,100,Az-70 TLO7 C-4 Pelo 3,-18.517798,-70.174663,281,,,,,,,,F,Adult,,,Hair,Hair keratin,Hair E 4-6,Adult,,,,49.8,17.0,3.4,-16.6,11.3,,,,,,,,,,,Silva-Pinto et al. (2014),https://roderic.uv.es/bitstream/handle/10550/42550/Silva-Pinto%20et%20al%202014.pdf?sequence=1,"San Miguel de Azapa, Lower Azapa Valley",Arica y Parinacota,Lowlands
Azapa 70,Formative,Formative,22453.B.I,-500.0,100,Az-70 TLO7 C-4 Pelo 4,-18.517798,-70.174663,281,,,,,,,,F,Adult,,,Hair,Hair keratin,Hair B 0-1,Adult,,,,42.0,15.2,3.2,-17.3,9.8,,,,,,,,,,,Silva-Pinto et al. (2014),https://roderic.uv.es/bitstream/handle/10550/42550/Silva-Pinto%20et%20al%202014.pdf?sequence=1,"San Miguel de Azapa, Lower Azapa Valley",Arica y Parinacota,Lowlands
Azapa 70,Formative,Formative,22453.B.II,-500.0,100,Az-70 TLO7 C-4 Pelo 4,-18.517798,-70.174663,281,,,,,,,,F,Adult,,,Hair,Hair keratin,Hair B 1-2,Adult,,,,47.6,16.5,3.4,-17.1,10.1,,,,,,,,,,,Silva-Pinto et al. (2014),https://roderic.uv.es/bitstream/handle/10550/42550/Silva-Pinto%20et%20al%202014.pdf?sequence=1,"San Miguel de Azapa, Lower Azapa Valley",Arica y Parinacota,Lowlands
Azapa 70,Formative,Formative,22453.B.III,-500.0,100,Az-70 TLO7 C-4 Pelo 4,-18.517798,-70.174663,281,,,,,,,,F,Adult,,,Hair,Hair keratin,Hair B 3-4,Adult,,,,43.0,15.1,3.3,-19.9,8.1,,,,,,,,,,,Silva-Pinto et al. (2014),https://roderic.uv.es/bitstream/handle/10550/42550/Silva-Pinto%20et%20al%202014.pdf?sequence=1,"San Miguel de Azapa, Lower Azapa Valley",Arica y Parinacota,Lowlands
Azapa 70,Formative,Formative,22453.B.IV,-500.0,100,Az-70 TLO7 C-4 Pelo 4,-18.517798,-70.174663,281,,,,,,,,F,Adult,,,Hair,Hair keratin,Hair B 5-6,Adult,,,,42.9,14.5,3.5,-19.5,8.4,,,,,,,,,,,Silva-Pinto et al. (2014),https://roderic.uv.es/bitstream/handle/10550/42550/Silva-Pinto%20et%20al%202014.pdf?sequence=1,"San Miguel de Azapa, Lower Azapa Valley",Arica y Parinacota,Lowlands
Azapa 70,Formative,Formative,22453.B.V,-500.0,100,Az-70 TLO7 C-4 Pelo 4,-18.517798,-70.174663,281,,,,,,,,F,Adult,,,Hair,Hair keratin,Hair B 7-8,Adult,,,,42.9,14.5,3.5,-19.4,9.2,,,,,,,,,,,Silva-Pinto et al. (2014),https://roderic.uv.es/bitstream/handle/10550/42550/Silva-Pinto%20et%20al%202014.pdf?sequence=1,"San Miguel de Azapa, Lower Azapa Valley",Arica y Parinacota,Lowlands
Azapa 70,Formative,Formative,22453.B.VI,-500.0,100,Az-70 TLO7 C-4 Pelo 4,-18.517798,-70.174663,281,,,,,,,,F,Adult,,,Hair,Hair keratin,Hair B 9-10,Adult,,,,45.2,15.8,3.3,-19.7,8.5,,,,,,,,,,,Silva-Pinto et al. (2014),https://roderic.uv.es/bitstream/handle/10550/42550/Silva-Pinto%20et%20al%202014.pdf?sequence=1,"San Miguel de Azapa, Lower Azapa Valley",Arica y Parinacota,Lowlands
Azapa 70,Formative,Formative,22453.B.VII,-500.0,100,Az-70 TLO7 C-4 Pelo 4,-18.517798,-70.174663,281,,,,,,,,F,Adult,,,Hair,Hair keratin,Hair B 11-12,Adult,,,,41.1,13.7,3.5,-19.7,10.3,,,,,,,,,,,Silva-Pinto et al. (2014),https://roderic.uv.es/bitstream/handle/10550/42550/Silva-Pinto%20et%20al%202014.pdf?sequence=1,"San Miguel de Azapa, Lower Azapa Valley",Arica y Parinacota,Lowlands
Azapa 70,Formative,Formative,22453.B.VIII,-500.0,100,Az-70 TLO7 C-4 Pelo 4,-18.517798,-70.174663,281,,,,,,,,F,Adult,,,Hair,Hair keratin,Hair B 13-14,Adult,,,,42.5,14.4,3.5,-18.2,10.3,,,,,,,,,,,Silva-Pinto et al. (2014),https://roderic.uv.es/bitstream/handle/10550/42550/Silva-Pinto%20et%20al%202014.pdf?sequence=1,"San Miguel de Azapa, Lower Azapa Valley",Arica y Parinacota,Lowlands
Azapa 71,Formative,Formative,Az71-267,-1500.0,400,Az71-267,-18.518711,-70.172905,296,,,,,,,,und,Adult,,,Bone,Bone collagen,Metacarpal,Adult,,,22.7,43.2,15.3,2.8,-12.5,23.4,,,,,,,,,,,Petruzzelli et al. (2012),https://www.researchgate.net/publication/267827070_Stable_carbon_and_nitrogen_isotopic_analysis_of_skeletal_remains_from_Azapa_71_and_Pica-8_Northern_Chile_an_assessment_of_humand_diet_and_landscape_use_in_the_Late_Holocene,"San Miguel de Azapa, Lower Azapa Valley",Arica y Parinacota,Lowlands
Azapa 71,Formative,Formative,Az71-288b,-1500.0,400,Az71-288b,-18.518711,-70.172905,296,,,,,,,,F,Subadult,,,Bone,Bone collagen,Rib,Subadult,,,7.6,43.4,15.0,2.9,-18.2,16.6,,,,,,,,,,,Petruzzelli et al. (2012),https://www.researchgate.net/publication/267827070_Stable_carbon_and_nitrogen_isotopic_analysis_of_skeletal_remains_from_Azapa_71_and_Pica-8_Northern_Chile_an_assessment_of_humand_diet_and_landscape_use_in_the_Late_Holocene,"San Miguel de Azapa, Lower Azapa Valley",Arica y Parinacota,Lowlands
Azapa 75,Formative,Formative,Az75 T4a,-1500.0,500,Az75 T4a,-18.5242323,-70.187611,280,,,,,,,,und,Infant-2,2.0,2.0,Tooth,Dentin collagen,dm1 (section 1),Fetus,,-0.2,,44.9,14.1,3.7,-16.0,22.1,,,,,,,,,,,King et al. (2018b),http://dx.doi.org/10.4067/S0717-73562018005000802,"San Miguel de Azapa, Lower Azapa Valley",Arica y Parinacota,Lowlands
Azapa 75,Formative,Formative,Az75 T4a,-1500.0,500,Az75 T4a,-18.5242323,-70.187611,280,,,,,,,,und,Infant-2,2.0,2.0,Tooth,Dentin collagen,dm1 (section 2),Fetus/Infant-1,-0.2,0.1,,43.3,14.3,3.5,-16.1,23.7,,,,,,,,,,,King et al. (2018b),http://dx.doi.org/10.4067/S0717-73562018005000802,"San Miguel de Azapa, Lower Azapa Valley",Arica y Parinacota,Lowlands
Azapa 75,Formative,Formative,Az75 T4a,-1500.0,500,Az75 T4a,-18.5242323,-70.187611,280,,,,,,,,und,Infant-2,2.0,2.0,Tooth,Dentin collagen,dm1 (section 3),Infant-1,0.1,0.4,,43.6,14.0,3.6,-16.0,24.3,,,,,,,,,,,King et al. (2018b),http://dx.doi.org/10.4067/S0717-73562018005000802,"San Miguel de Azapa, Lower Azapa Valley",Arica y Parinacota,Lowlands
Azapa 75,Formative,Formative,Az75 T4a,-1500.0,500,Az75 T4a,-18.5242323,-70.187611,280,,,,,,,,und,Infant-2,2.0,2.0,Tooth,Dentin collagen,dm1 (section 4),Infant-1,0.4,0.7,,45.4,14.6,3.6,-15.7,24.2,,,,,,,,,,,King et al. (2018b),http://dx.doi.org/10.4067/S0717-73562018005000802,"San Miguel de Azapa, Lower Azapa Valley",Arica y Parinacota,Lowlands
Azapa 75,Formative,Formative,Az75 T4a,-1500.0,500,Az75 T4a,-18.5242323,-70.187611,280,,,,,,,,und,Infant-2,2.0,2.0,Tooth,Dentin collagen,dm1 (section 5),Infant-1,0.7,1.0,,44.3,14.4,3.6,-15.4,23.4,,,,,,,,,,,King et al. (2018b),http://dx.doi.org/10.4067/S0717-73562018005000802,"San Miguel de Azapa, Lower Azapa Valley",Arica y Parinacota,Lowlands
Azapa 75,Formative,Formative,Az75 T4a,-1500.0,500,Az75 T4a,-18.5242323,-70.187611,280,,,,,,,,und,Infant-2,2.0,2.0,Tooth,Dentin collagen,dm1 (section 6),Infant-2,1.0,1.3,,43.9,14.7,3.5,-15.1,22.6,,,,,,,,,,,King et al. (2018b),http://dx.doi.org/10.4067/S0717-73562018005000802,"San Miguel de Azapa, Lower Azapa Valley",Arica y Parinacota,Lowlands
Azapa 75,Formative,Formative,Az75 T4a,-1500.0,500,Az75 T4a,-18.5242323,-70.187611,280,,,,,,,,und,Infant-2,2.0,2.0,Tooth,Dentin collagen,dm1 (section 7),Infant-2,1.3,1.6,,42.4,14.3,3.5,-15.5,21.9,,,,,,,,,,,King et al. (2018b),http://dx.doi.org/10.4067/S0717-73562018005000802,"San Miguel de Azapa, Lower Azapa Valley",Arica y Parinacota,Lowlands
Azapa 75,Formative,Formative,Az75 T4a,-1500.0,500,Az75 T4a,-18.5242323,-70.187611,280,,,,,,,,und,Infant-2,2.0,2.0,Tooth,Dentin collagen,dm1 (section 8),Infant-2,1.6,1.9,,42.3,14.3,3.4,-15.9,21.3,,,,,,,,,,,King et al. (2018b),http://dx.doi.org/10.4067/S0717-73562018005000802,"San Miguel de Azapa, Lower Azapa Valley",Arica y Parinacota,Lowlands
Azapa 75,Formative,Formative,Az75 T4a,-1500.0,500,Az75 T4a,-18.5242323,-70.187611,280,,,,,,,,und,Infant-2,2.0,2.0,Tooth,Dentin collagen,dm1 (section 9),Infant-2,1.9,2.2,,42.6,14.2,3.5,-15.5,20.7,,,,,,,,,,,King et al. (2018b),http://dx.doi.org/10.4067/S0717-73562018005000802,"San Miguel de Azapa, Lower Azapa Valley",Arica y Parinacota,Lowlands
Azapa 75,Formative,Formative,Az75 T56,-1500.0,500,Az75 T56,-18.5242323,-70.187611,280,,,,,,,,und,Infant-2,2.0,3.0,Tooth,Dentin collagen,dm1 (section 1),Fetus,,-0.2,,42.4,14.4,3.4,-13.6,16.4,,,,,,,,,,,King et al. (2018b),http://dx.doi.org/10.4067/S0717-73562018005000802,"San Miguel de Azapa, Lower Azapa Valley",Arica y Parinacota,Lowlands
Azapa 75,Formative,Formative,Az75 T56,-1500.0,500,Az75 T56,-18.5242323,-70.187611,280,,,,,,,,und,Infant-2,2.0,3.0,Tooth,Dentin collagen,dm1 (section 2),Fetus/Infant-1,-0.2,0.2,,43.6,14.5,3.5,-13.7,18.3,,,,,,,,,,,King et al. (2018b),http://dx.doi.org/10.4067/S0717-73562018005000802,"San Miguel de Azapa, Lower Azapa Valley",Arica y Parinacota,Lowlands
Azapa 75,Formative,Formative,Az75 T56,-1500.0,500,Az75 T56,-18.5242323,-70.187611,280,,,,,,,,und,Infant-2,2.0,3.0,Tooth,Dentin collagen,dm1 (section 3),Infant-1,0.2,0.6,,44.2,14.8,3.5,-14.9,18.4,,,,,,,,,,,King et al. (2018b),http://dx.doi.org/10.4067/S0717-73562018005000802,"San Miguel de Azapa, Lower Azapa Valley",Arica y Parinacota,Lowlands
Azapa 75,Formative,Formative,Az75 T56,-1500.0,500,Az75 T56,-18.5242323,-70.187611,280,,,,,,,,und,Infant-2,2.0,3.0,Tooth,Dentin collagen,dm1 (section 4),Infant-1,0.6,1.0,,43.2,14.2,3.6,-15.2,18.0,,,,,,,,,,,King et al. (2018b),http://dx.doi.org/10.4067/S0717-73562018005000802,"San Miguel de Azapa, Lower Azapa Valley",Arica y Parinacota,Lowlands
Azapa 75,Formative,Formative,Az75 T56,-1500.0,500,Az75 T56,-18.5242323,-70.187611,280,,,,,,,,und,Infant-2,2.0,3.0,Tooth,Dentin collagen,dm1 (section 5),Infant-1,1.0,1.4,,42.9,14.2,3.5,-15.5,17.7,,,,,,,,,,,King et al. (2018b),http://dx.doi.org/10.4067/S0717-73562018005000802,"San Miguel de Azapa, Lower Azapa Valley",Arica y Parinacota,Lowlands
Azapa 75,Formative,Formative,Az75 T56,-1500.0,500,Az75 T56,-18.5242323,-70.187611,280,,,,,,,,und,Infant-2,2.0,3.0,Tooth,Dentin collagen,dm1 (section 6),Infant-2,1.4,1.9,,42.5,14.2,3.5,-14.5,17.5,,,,,,,,,,,King et al. (2018b),http://dx.doi.org/10.4067/S0717-73562018005000802,"San Miguel de Azapa, Lower Azapa Valley",Arica y Parinacota,Lowlands
Azapa 75,Formative,Formative,Az75 T56,-1500.0,500,Az75 T56,-18.5242323,-70.187611,280,,,,,,,,und,Infant-2,2.0,3.0,Tooth,Dentin collagen,dm1 (section 7),Infant-2,1.9,2.3,,41.7,13.7,3.6,-14.2,17.6,,,,,,,,,,,King et al. (2018b),http://dx.doi.org/10.4067/S0717-73562018005000802,"San Miguel de Azapa, Lower Azapa Valley",Arica y Parinacota,Lowlands
Azapa 75,Formative,Formative,Az75 T56,-1500.0,500,Az75 T56,-18.5242323,-70.187611,280,,,,,,,,und,Infant-2,2.0,3.0,Tooth,Dentin collagen,dm1 (section 8),Infant-2,2.3,2.7,,43.0,14.1,3.6,-15.7,18.0,,,,,,,,,,,King et al. (2018b),http://dx.doi.org/10.4067/S0717-73562018005000802,"San Miguel de Azapa, Lower Azapa Valley",Arica y Parinacota,Lowlands
Azapa 75,Formative,Formative,Az75 T56,-1500.0,500,Az75 T56,-18.5242323,-70.187611,280,,,,,,,,und,Infant-2,2.0,3.0,Tooth,Dentin collagen,dm1 (section 9),Infant-2,2.7,3.1,,43.4,13.6,3.7,-17.0,17.2,,,,,,,,,,,King et al. (2018b),http://dx.doi.org/10.4067/S0717-73562018005000802,"San Miguel de Azapa, Lower Azapa Valley",Arica y Parinacota,Lowlands
Azapa 75,Formative,Formative,Az75 T56,-1500.0,500,Az75 T56,-18.5242323,-70.187611,280,,,,,,,,und,Infant-2,2.0,3.0,Tooth,Dentin collagen,dm1 (section 10),Infant-2,3.1,3.5,,43.5,13.5,3.7,-15.9,16.9,,,,,,,,,,,King et al. (2018b),http://dx.doi.org/10.4067/S0717-73562018005000802,"San Miguel de Azapa, Lower Azapa Valley",Arica y Parinacota,Lowlands
Azapa 75,Formative,Formative,T-43,-1000.0,100,T-43,-18.5242323,-70.187611,280,,,,,,,,F,Middle Adult,35.0,40.0,Bone,Bone collagen,,Adult,,,28.5,22.3,7.7,2.9,-13.2,20.0,,,,,,,,,,,Aufderheide et al. (2002),http://dx.doi.org/10.4067/S0717-73562002000200007,"Alto de Ramirez, Lower Azapa Valley",Arica y Parinacota,Lowlands
Azapa 75,Formative,Formative,T-46,-1000.0,100,T-46,-18.5242323,-70.187611,280,14C,GX18253,2290.0,240.0,-733.0,-40.0,Mummified tissue (liver),M,Child-1,6.0,8.0,Bone,Bone collagen,,Child-1,6.0,8.0,32.2,32.1,10.3,3.1,-14.4,14.4,,,Bone apatite,,Child-1,6.0,8.0,-10.6,,,Aufderheide et al. (2002),http://dx.doi.org/10.4067/S0717-73562002000200007,"Alto de Ramirez, Lower Azapa Valley",Arica y Parinacota,Lowlands
Azapa 75,Formative,Formative,T-57,-1000.0,100,T-57,-18.5242323,-70.187611,280,,,,,,,,M,Middle Adult,35.0,40.0,Bone,Bone collagen,,Adult,,,38.7,27.2,9.5,2.9,-14.5,17.2,,,Bone apatite,,Adult,,,-11.8,,,Aufderheide et al. (2002),http://dx.doi.org/10.4067/S0717-73562002000200007,"Alto de Ramirez, Lower Azapa Valley",Arica y Parinacota,Lowlands
Azapa 75,Formative,Formative,T-57,-1000.0,100,T-57,-18.5242323,-70.187611,280,,,,,,,,M,Middle Adult,35.0,40.0,Bone,Bone collagen,,Adult,,,35.5,31.4,11.2,2.8,-14.5,19.1,,,Bone apatite,,Adult,,,-12.1,,,Aufderheide et al. (2002),http://dx.doi.org/10.4067/S0717-73562002000200007,"Alto de Ramirez, Lower Azapa Valley",Arica y Parinacota,Lowlands
Azapa 75,Formative,Formative,T-85. C–1,-1000.0,100,T-85. C–1,-18.5242323,-70.187611,280,,,,,,,,F,Infant-2,3.0,4.0,Bone,Bone collagen,,Infant-2,3.0,4.0,23.2,24.6,7.7,3.2,-13.7,18.5,,,,,,,,,,,Aufderheide et al. (2002),http://dx.doi.org/10.4067/S0717-73562002000200007,"Alto de Ramirez, Lower Azapa Valley",Arica y Parinacota,Lowlands
Azapa 75,Formative,Formative,T-85. C–2,-1000.0,100,T-85. C–2,-18.5242323,-70.187611,280,,,,,,,,F,Infant-2,1.0,3.0,Bone,Bone collagen,,Infant-2,1.0,3.0,28.7,16.5,5.7,2.9,-14.9,19.2,,,Bone apatite,,Infant-2,1.0,3.0,-10.7,,,Aufderheide et al. (2002),http://dx.doi.org/10.4067/S0717-73562002000200007,"Alto de Ramirez, Lower Azapa Valley",Arica y Parinacota,Lowlands
Azapa 75,Formative,Formative,T-131,-1000.0,100,T-131,-18.5242323,-70.187611,280,,,,,,,,F,Young Adult,30.0,35.0,Bone,Bone collagen,,Adult,,,47.2,21.0,7.4,2.8,-14.2,13.6,,,,,,,,,,,Aufderheide et al. (2002),http://dx.doi.org/10.4067/S0717-73562002000200007,"Alto de Ramirez, Lower Azapa Valley",Arica y Parinacota,Lowlands
Azapa 75,Formative,Formative,T-133,-1000.0,500,T-133,-18.5242323,-70.187611,280,14C,GX18254,2005.0,220.0,-284.0,254.0,Mummified tissue (muscle),M,Old Adult,45.0,55.0,Bone,Bone collagen,,Adult,,,37.7,28.1,9.8,2.9,-13.3,19.1,,,,,,,,,,,Aufderheide et al. (2002),http://dx.doi.org/10.4067/S0717-73562002000200007,"Alto de Ramirez, Lower Azapa Valley",Arica y Parinacota,Lowlands
Azapa 75,Formative,Formative,T-133,-1000.0,500,T-133,-18.5242323,-70.187611,280,14C,GX18255,2005.0,220.0,-284.0,254.0,Mummified tissue (muscle),M,Old Adult,45.0,55.0,Bone,Bone collagen,,Adult,,,36.8,32.2,10.7,3.0,-13.6,19.8,,,,,,,,,,,Aufderheide et al. (2002),http://dx.doi.org/10.4067/S0717-73562002000200007,"Alto de Ramirez, Lower Azapa Valley",Arica y Parinacota,Lowlands
Calar,Formative,Formative,H-17,-200.0,-200,3055,-22.8244,-68.0076,3398,,,,,,,,und,und,,,Bone,Bone collagen,,,,,,,,3.2,-15.7,10.7,,,Bone apatite,,,,,-11.0,,,Pestle et al. (2015a),DOI: 10.1086/679594,Northeast of San Pedro de Atacama Oasis,Antofagasta,Precordillera
Calar,Formative,Formative,H-18,-200.0,-200,3056,-22.8244,-68.0076,3398,,,,,,,,und,und,,,Bone,Bone collagen,,,,,,,,3.2,-16.9,10.8,,,Bone apatite,,,,,-11.2,,,Pestle et al. (2015a),DOI: 10.1086/679594,Northeast of San Pedro de Atacama Oasis,Antofagasta,Precordillera
Calar,Formative,Formative,H-16,-200.0,-200,3483,-22.8244,-68.0076,3398,,,,,,,,und,und,,,Bone,Bone collagen,,,,,,,,3.3,-15.7,10.1,,,Bone apatite,,,,,-10.0,,,Pestle et al. (2015a),DOI: 10.1086/679594,Northeast of San Pedro de Atacama Oasis,Antofagasta,Precordillera
Calar,Formative,Formative,H-14,-200.0,-200,3041. #213,-22.8244,-68.0076,3398,,,,,,,,und,und,,,Bone,Bone collagen,,,,,,,,3.2,-15.7,9.9,,,Bone apatite,,,,,-11.0,,,Pestle et al. (2015a),DOI: 10.1086/679594,Northeast of San Pedro de Atacama Oasis,Antofagasta,Precordillera
Calar,Formative,Formative,H-15,-200.0,-200,3048. #214,-22.8244,-68.0076,3398,,,,,,,,und,und,,,Bone,Bone collagen,,,,,,,,3.4,-15.5,9.9,,,Bone apatite,,,,,-8.9,,,Pestle et al. (2015a),DOI: 10.1086/679594,Northeast of San Pedro de Atacama Oasis,Antofagasta,Precordillera
Calar,Formative,Formative,3038,-200.0,-200,3038,-22.8244,-68.0076,3398,,,,,,,,und,und,,,Bone,,,,,,,,,,,,,,Bone apatite,,,,,-11.1,-5.0,,McRostie (2014),http://dx.doi.org/10.4067/S0717-73562014000400002,Northeast of San Pedro de Atacama Oasis,Antofagasta,Precordillera
Calar,Formative,Formative,3485,-200.0,-200,3485,-22.8244,-68.0076,3398,,,,,,,,und,Infant,,,Bone,Bone collagen,,,,,,,,3.4,-16.1,9.7,,,Bone apatite,,,,,-8.6,-3.0,,McRostie (2014),http://dx.doi.org/10.4067/S0717-73562014000400002,Northeast of San Pedro de Atacama Oasis,Antofagasta,Precordillera
Calar,Formative,Formative,3050,-200.0,-200,3050,-22.8244,-68.0076,3398,,,,,,,,und,und,,,Bone,Bone collagen,,,,,,,,,,,,,,,,,,-11.7,-5.0,,McRostie (2014),http://dx.doi.org/10.4067/S0717-73562014000400002,Northeast of San Pedro de Atacama Oasis,Antofagasta,Precordillera
Calar,Formative,Formative,3048,-200.0,-200,3048,-22.8244,-68.0076,3398,,,,,,,,und,und,,,Bone,Bone collagen,,,,,,,,3.4,-15.3,10.0,,,Bone apatite,,,,,-9.1,-6.0,,McRostie (2014),http://dx.doi.org/10.4067/S0717-73562014000400002,Northeast of San Pedro de Atacama Oasis,Antofagasta,Precordillera
Caleta Huelén 2,Formative,Formative,Tumba 5,-1000.0,500,Tumba 5,-21.4319,-70.0487,20,,,,,,,,und,Adult,,,Tooth,Dentin collagen,Max RPm1,Infant-2/Adolescent-1,2.5,12.5,,,,3.2,-12.9,25.7,,,Enamel,Max RPm1,Infant-2/Child 1,2.5,6.0,-9.3,,,Santana-Sagredo et al. (2012),https://www.researchgate.net/publication/261835249_Acercamiento_a_la_pale-odieta_en_la_costa_y_quebradas_tarapaquenas_durante_el_periodo_Formativo_Analisis_de_isotopos_estables_a_partir_de_tres_casos_de_estudio,Lower Loa Valley,Tarapacá,Coast
Caleta Huelén 20,Formative,Formative,K-19,-1000.0,500,D-2,-21.4319,-70.0487,20,,,,,,,,und,Infant-1,0.0,,Bone,Bone collagen,,,,,20.1,41.0,14.6,3.3,-13.4,26.0,,,,,,,,,,,Smith et al. (2016),DOI: 10.1080/15564894.2016.1253047,Lower Loa Valley,Tarapacá,Coast
Caleta Huelén 20,Formative,Formative,K-20,-1000.0,500,C-6,-21.4319,-70.0487,20,,,,,,,,und,Infant-1,0.75,,Bone,Bone collagen,,,,,19.7,42.4,15.1,3.3,-12.2,28.9,,,,,,,,,,,Smith et al. (2016),DOI: 10.1080/15564894.2016.1253047,Lower Loa Valley,Tarapacá,Coast
Caleta Huelén 20,Formative,Formative,K-21,-1000.0,500,T79,-21.4319,-70.0487,20,,,,,,,,und,Infant-2,2.5,,Bone,Bone collagen,,,,,2.2,33.5,9.4,4.2,-14.5,29.5,,,,,,,,,,,Smith et al. (2016),DOI: 10.1080/15564894.2016.1253047,Lower Loa Valley,Tarapacá,Coast
Caleta Huelén 20,Formative,Formative,K-26,-1000.0,500,E-4,-21.4319,-70.0487,20,,,,,,,,und,Infant-2,7.5,,Bone,Bone collagen,,,,,19.9,44.0,15.8,3.3,-13.1,26.6,,,,,,,,,,,Smith et al. (2016),DOI: 10.1080/15564894.2016.1253047,Lower Loa Valley,Tarapacá,Coast
Caleta Huelén 20,Formative,Formative,K-28,-1000.0,500,E-5,-21.4319,-70.0487,20,,,,,,,,und,Infant-1,0.0,,Bone,Bone collagen,,,,,14.2,37.2,13.3,3.3,-13.8,27.6,,,,,,,,,,,Smith et al. (2016),DOI: 10.1080/15564894.2016.1253047,Lower Loa Valley,Tarapacá,Coast
Caleta Huelén 20,Formative,Formative,K-33,-1000.0,500,D-3,-21.4319,-70.0487,20,,,,,,,,und,Infant-2,5.5,,Bone,Bone collagen,,,,,21.8,41.4,14.9,3.2,-12.5,27.1,,,,,,,,,,,Smith et al. (2016),DOI: 10.1080/15564894.2016.1253047,Lower Loa Valley,Tarapacá,Coast
Caleta Huelén 20,Formative,Formative,K-34,-1000.0,500,F-2,-21.4319,-70.0487,20,,,,,,,,und,Infant-2,6.0,,Bone,Bone collagen,,,,,17.4,40.2,14.2,3.3,-13.1,23.4,,,,,,,,,,,Smith et al. (2016),DOI: 10.1080/15564894.2016.1253047,Lower Loa Valley,Tarapacá,Coast
Caleta Huelén 20,Formative,Formative,K-36,-1000.0,500,H-6,-21.4319,-70.0487,20,,,,,,,,und,Infant-1,0.17,,Bone,Bone collagen,,,,,18.0,41.1,14.8,3.2,-12.7,28.2,,,,,,,,,,,Smith et al. (2016),DOI: 10.1080/15564894.2016.1253047,Lower Loa Valley,Tarapacá,Coast
Caleta Huelén 20,Formative,Formative,K-38,-1000.0,500,B-3,-21.4319,-70.0487,20,,,,,,,,und,Infant-2,6.5,,Bone,Bone collagen,,,,,12.9,38.1,13.7,3.3,-14.6,25.4,,,,,,,,,,,Smith et al. (2016),DOI: 10.1080/15564894.2016.1253047,Lower Loa Valley,Tarapacá,Coast
Caleta Huelén 20,Formative,Formative,J-16,-1000.0,500,L-1,-21.4319,-70.0487,20,,,,,,,,F,Young Adult,18.0,35.0,Bone,Bone collagen,,,,,19.2,41.6,15.3,3.2,-13.5,24.8,,,,,,,,,,,Smith et al. (2016),DOI: 10.1080/15564894.2016.1253047,Lower Loa Valley,Tarapacá,Coast
Caleta Huelén 20,Formative,Formative,J-19,-1000.0,500,H-03,-21.4319,-70.0487,20,,,,,,,,F,Old Adult,50.0,,Bone,Bone collagen,,,,,17.9,43.7,15.8,3.2,-13.6,25.0,,,,,,,,,,,Smith et al. (2016),DOI: 10.1080/15564894.2016.1253047,Lower Loa Valley,Tarapacá,Coast
Caleta Huelén 7,Formative,Formative,K-22,-1000.0,500,B-10,-21.4319,-70.0487,20,,,,,,,,und,Infant-2,7.0,,Bone,Bone collagen,,,,,21.0,41.5,15.1,3.2,-12.5,26.7,,,,,,,,,,,Smith et al. (2016),DOI: 10.1080/15564894.2016.1253047,Lower Loa Valley,Tarapacá,Coast
Caleta Huelén 7,Formative,Formative,K-23,-1000.0,500,A-4,-21.4319,-70.0487,20,,,,,,,,und,Infant-2,1.5,,Bone,Bone collagen,,,,,10.4,40.3,14.6,3.2,-12.8,27.2,,,,,,,,,,,Smith et al. (2016),DOI: 10.1080/15564894.2016.1253047,Lower Loa Valley,Tarapacá,Coast
Caleta Huelén 7,Formative,Formative,K-24,-1000.0,500,B-3,-21.4319,-70.0487,20,,,,,,,,und,Infant-1,0.75,,Bone,Bone collagen,,,,,9.2,41.6,14.7,3.3,-12.6,29.9,,,,,,,,,,,Smith et al. (2016),DOI: 10.1080/15564894.2016.1253047,Lower Loa Valley,Tarapacá,Coast
Caleta Huelén 7,Formative,Formative,K-25,-1000.0,500,B-7,-21.4319,-70.0487,20,,,,,,,,und,Infant-2,2.5,,Bone,Bone collagen,,,,,17.4,42.9,15.2,3.3,-13.1,27.1,,,,,,,,,,,Smith et al. (2016),DOI: 10.1080/15564894.2016.1253047,Lower Loa Valley,Tarapacá,Coast
Caleta Huelén 7,Formative,Formative,K-27,-1000.0,500,B-6,-21.4319,-70.0487,20,,,,,,,,und,Infant-1,0.0,,Bone,Bone collagen,,,,,13.9,41.9,15.2,3.2,-13.2,29.3,,,,,,,,,,,Smith et al. (2016),DOI: 10.1080/15564894.2016.1253047,Lower Loa Valley,Tarapacá,Coast
Caleta Huelén 7,Formative,Formative,K-29,-1000.0,500,B-7,-21.4319,-70.0487,20,,,,,,,,und,Infant-2,2.5,,Bone,Bone collagen,,,,,14.8,40.1,14.6,3.2,-12.9,28.0,,,,,,,,,,,Smith et al. (2016),DOI: 10.1080/15564894.2016.1253047,Lower Loa Valley,Tarapacá,Coast
Caleta Huelén 7,Formative,Formative,K-30,-1000.0,500,C-9,-21.4319,-70.0487,20,,,,,,,,und,Infant-1,0.75,,Bone,Bone collagen,,,,,17.4,42.6,15.6,3.2,-13.0,30.3,,,,,,,,,,,Smith et al. (2016),DOI: 10.1080/15564894.2016.1253047,Lower Loa Valley,Tarapacá,Coast
Caleta Huelén 7,Formative,Formative,K-31,-1000.0,500,C-12,-21.4319,-70.0487,20,,,,,,,,und,Infant-2,1.5,,Bone,Bone collagen,,,,,18.0,40.5,14.8,3.2,-13.1,30.3,,,,,,,,,,,Smith et al. (2016),DOI: 10.1080/15564894.2016.1253047,Lower Loa Valley,Tarapacá,Coast
Caleta Huelén 7,Formative,Formative,K-32,-1000.0,500,B-8,-21.4319,-70.0487,20,,,,,,,,und,Infant-2,13.0,,Bone,Bone collagen,,,,,20.7,40.9,15.0,3.2,-15.3,23.3,,,,,,,,,,,Smith et al. (2016),DOI: 10.1080/15564894.2016.1253047,Lower Loa Valley,Tarapacá,Coast
Caleta Huelén 7,Formative,Formative,K-35,-1000.0,500,B-4,-21.4319,-70.0487,20,,,,,,,,und,Infant-2,1.5,,Bone,Bone collagen,,,,,18.9,41.2,14.9,3.2,-12.5,28.3,,,,,,,,,,,Smith et al. (2016),DOI: 10.1080/15564894.2016.1253047,Lower Loa Valley,Tarapacá,Coast
Caleta Huelén 7,Formative,Formative,K-37,-1000.0,500,C-1,-21.4319,-70.0487,20,,,,,,,,und,Infant-2,3.5,,Bone,Bone collagen,,,,,22.3,42.6,15.6,3.2,-13.0,26.0,,,,,,,,,,,Smith et al. (2016),DOI: 10.1080/15564894.2016.1253047,Lower Loa Valley,Tarapacá,Coast
Caleta Huelén 7,Formative,Formative,K-39,-1000.0,500,C-11,-21.4319,-70.0487,20,,,,,,,,und,Infant-1,0.08,,Bone,Bone collagen,,,,,19.6,41.7,15.0,3.3,-12.9,30.5,,,,,,,,,,,Smith et al. (2016),DOI: 10.1080/15564894.2016.1253047,Lower Loa Valley,Tarapacá,Coast
Caleta Huelén 7,Formative,Formative,K-40,-1000.0,500,C-8,-21.4319,-70.0487,20,,,,,,,,und,Infant-2,5.5,,Bone,Bone collagen,,,,,16.9,40.1,14.8,3.2,-12.2,25.5,,,,,,,,,,,Smith et al. (2016),DOI: 10.1080/15564894.2016.1253047,Lower Loa Valley,Tarapacá,Coast
Caleta Huelén 7,Formative,Formative,K-41,-1000.0,500,B-12,-21.4319,-70.0487,20,,,,,,,,und,Infant-2,3.5,,Bone,Bone collagen,,,,,15.5,41.2,15.1,3.2,-13.2,25.4,,,,,,,,,,,Smith et al. (2016),DOI: 10.1080/15564894.2016.1253047,Lower Loa Valley,Tarapacá,Coast
Caleta Huelén 7,Formative,Formative,J-6,-1000.0,500,B-24,-21.4319,-70.0487,20,,,,,,,,F,Young Adult,18.0,35.0,Bone,Bone collagen,,,,,15.1,40.3,15.4,3.0,-14.2,25.8,,,,,,,,,,,Smith et al. (2016),DOI: 10.1080/15564894.2016.1253047,Lower Loa Valley,Tarapacá,Coast
Caleta Huelén 7,Formative,Formative,I-113,-1000.0,500,C-2,-21.4319,-70.0487,20,,,,,,,,F,Young Adult,18.0,35.0,Bone,Bone collagen,,,,,20.2,43.2,15.5,3.2,-12.5,26.6,,,,,,,,,,,Smith et al. (2016),DOI: 10.1080/15564894.2016.1253047,Lower Loa Valley,Tarapacá,Coast
Caleta Huelén 7,Formative,Formative,I-115,-1000.0,500,D-3,-21.4319,-70.0487,20,,,,,,,,F,Middle Adult,35.0,50.0,Bone,Bone collagen,,,,,20.7,40.6,14.8,3.2,-12.3,26.7,,,,,,,,,,,Smith et al. (2016),DOI: 10.1080/15564894.2016.1253047,Lower Loa Valley,Tarapacá,Coast
Caleta Huelén 7,Formative,Formative,J-7,-1000.0,500,F-1,-21.4319,-70.0487,20,,,,,,,,F,Young Adult,18.0,35.0,Bone,Bone collagen,,,,,20.9,42.7,15.8,3.2,-12.8,27.0,,,,,,,,,,,Smith et al. (2016),DOI: 10.1080/15564894.2016.1253047,Lower Loa Valley,Tarapacá,Coast
Caleta Vitor,Formative,Formative,CV1 B1 S2,-2050.0,450,CV1 B1 S2,-18.757965,-70.333852,5,14C-AMS,OZN921,3710.0,35.0,3803.0,3400.0,Bone collagen,M,Adult,,,Bone,Bone collagen,Malar bone,Adult,,,18.8,14.5,4.7,3.1,-10.9,22.5,,,,,,,,,,,Roberts et al. (2013),http://dx.doi.org/10.1016/j.jas.2013.01.009,"Quebrada Chaca mouth, 25 km south of Arica",Arica y Parinacota,Coast
Caleta Vitor,Formative,Formative,CV3 B2 S3,-304.0,-137,CV3 B2 S3,-18.757965,-70.333852,5,14C-AMS,OZN919,2420.0,35.0,2254.0,1813.0,Bone collagen,und,Middle Adult,30.0,40.0,Bone,Bone collagen,Humerus,Adult,,,5.0,41.6,14.6,2.8,-12.2,25.0,,,,,,,,,,,Roberts et al. (2013),http://dx.doi.org/10.1016/j.jas.2013.01.009,"Quebrada Chaca mouth, 25 km south of Arica",Arica y Parinacota,Coast
Caleta Vitor,Formative,Formative,CV3 B3 S1,-2050.0,450,CV3 B3 S1,-18.757965,-70.333852,5,,,,,,,,M,Young Adult,17.0,24.0,Bone,Bone collagen,Phalange,Subadult,,,16.2,43.8,15.8,2.8,-13.4,23.6,,,,,,,,,,,Roberts et al. (2013),http://dx.doi.org/10.1016/j.jas.2013.01.009,"Quebrada Chaca mouth, 25 km south of Arica",Arica y Parinacota,Coast
Cáñamo 3,Formative,Formative,BO694 Tumba 1,-1000.0,500,BO694 Tumba 1,-20.7728,-70.1864,59,,,,,,,,F,Middle Adult,36.0,40.0,Tooth,Dentin collagen,Max LPm1,Infant-2/Adolescent-1,2.5,12.5,,,,3.2,-12.3,25.2,,,Enamel,Max LPm1,Infant-2/Child 1,2.5,6.0,-9.7,,,Santana-Sagredo et al. (2012),https://www.researchgate.net/publication/261835249_Acercamiento_a_la_pale-odieta_en_la_costa_y_quebradas_tarapaquenas_durante_el_periodo_Formativo_Analisis_de_isotopos_estables_a_partir_de_tres_casos_de_estudio,"Iquique coast, between Iquique and Loa River",Tarapacá,Coast
Cáñamo 3,Formative,Formative,BO694 Tumba 1,-1000.0,500,BO694 Tumba 1,-20.7728,-70.1864,59,,,,,,,,F,Middle Adult,36.0,40.0,Bone,Bone collagen,Clavicle,Adult,,,,,,3.3,-11.9,26.4,,,Bone apatite,Clavicle,Adult,,,-10.1,,,Santana-Sagredo et al. (2012),https://www.researchgate.net/publication/261835249_Acercamiento_a_la_pale-odieta_en_la_costa_y_quebradas_tarapaquenas_durante_el_periodo_Formativo_Analisis_de_isotopos_estables_a_partir_de_tres_casos_de_estudio,"Iquique coast, between Iquique and Loa River",Tarapacá,Coast
Cáñamo 3,Formative,Formative,Cañamo 3-1,-1000.0,500,Cañamo 3-1,-20.7728,-70.1864,59,,,,,,,,M,Adult,,,Bone,Bone collagen,Rib,Adult,,,,,,3.3,-11.4,27.7,,,,,,,,,,,Uribe et al. (2020),doi:10.1017/laq.2019.92,"Iquique coast, between Iquique and Loa River",Tarapacá,Coast
Cáñamo 3,Formative,Formative,Cañamo 3-2,-1000.0,500,Cañamo 3-2,-20.7728,-70.1864,59,,,,,,,,M,Adult,,,Bone,Bone collagen,Rib,Adult,,,,,,3.2,-12.5,24.0,,,,,,,,,,,Uribe et al. (2020),doi:10.1017/laq.2019.92,"Iquique coast, between Iquique and Loa River",Tarapacá,Coast
Cáñamo 3,Formative,Formative,Cañamo 3-3,-1000.0,500,Cañamo 3-3,-20.7728,-70.1864,59,,,,,,,,M,Adult,,,Bone,Bone collagen,Rib,Adult,,,,,,3.3,-10.9,27.5,,,,,,,,,,,Uribe et al. (2020),doi:10.1017/laq.2019.92,"Iquique coast, between Iquique and Loa River",Tarapacá,Coast
Cáñamo 3,Formative,Formative,Cañamo 3-5,-1000.0,500,Cañamo 3-5,-20.7728,-70.1864,59,,,,,,,,F,Adult,,,Bone,Bone collagen,Rib,Adult,,,,,,3.4,-11.4,25.7,,,,,,,,,,,Uribe et al. (2020),doi:10.1017/laq.2019.92,"Iquique coast, between Iquique and Loa River",Tarapacá,Coast
Cáñamo 3,Formative,Formative,Cañamo 3-7,-1000.0,500,Cañamo 3-7,-20.7728,-70.1864,59,,,,,,,,und,und,,,Bone,Bone collagen,Rib,und,,,,,,3.3,-12.6,24.5,,,,,,,,,,,Uribe et al. (2020),doi:10.1017/laq.2019.92,"Iquique coast, between Iquique and Loa River",Tarapacá,Coast
Cáñamo 3,Formative,Formative,Cañamo 3-8,-1000.0,500,Cañamo 3-8,-20.7728,-70.1864,59,,,,,,,,und,und,,,Bone,Bone collagen,Rib,und,,,,,,3.7,-11.9,24.6,,,,,,,,,,,Uribe et al. (2020),doi:10.1017/laq.2019.92,"Iquique coast, between Iquique and Loa River",Tarapacá,Coast
Chorillos,Formative,Formative,C14,-820.0,-770,C14,-22.4532,-68.9124,2296,14C-AMS,BETA205812,2590.0,40.0,,-674.0,Bone collagen,,,,,Bone,Bone collagen,,,,,,,,,-20.4,10.7,,,Bone apatite,,,,,,,,Pestle et al. (2015a),DOI: 10.1086/679594,"Upper Loa basin, Calama",Antofagasta,Precordillera
Chorillos,Formative,Formative,H-16,-820.0,-770,H-16,-22.4532,-68.9124,2296,14C-AMS,BETA205813,2550.0,40.0,,-638.0,Bone collagen,,,,,Bone,Bone collagen,,,,,,,,,-18.6,14.7,,,Bone apatite,,,,,,,,Pestle et al. (2015a),DOI: 10.1086/679594,"Upper Loa basin, Calama",Antofagasta,Precordillera
Chorrillos,Formative,Formative,C14 F3 E1,-820.0,-770,C14 F3 E1,-22.4532,-68.9124,2296,,,,,,,,M,Young Adult,25.0,,Bone,Bone collagen,,,,,,,,3.5,-19.5,13.1,,,Bone apatite,,,,,-10.9,-7.0,,McRostie (2014),http://dx.doi.org/10.4067/S0717-73562014000400002,"Upper Loa basin, Calama",Antofagasta,Precordillera
Chorrillos,Formative,Formative,M9 F2 E1,-850.0,-190,M9 F2 E1,-22.4532,-68.9124,2296,,,,,,,,M,Middle Adult,35.0,40.0,Bone,Bone collagen,,,,,,,,3.2,-19.2,12.4,,,Bone apatite,,,,,-15.5,-5.0,,McRostie (2014),http://dx.doi.org/10.4067/S0717-73562014000400002,"Upper Loa basin, Calama",Antofagasta,Precordillera
Chorrillos,Formative,Formative,M6 F3 E1,-850.0,-190,M6 F3 E1,-22.4532,-68.9124,2296,,,,,,,,F,Adult,,,Bone,Bone collagen,,,,,,,,3.3,-18.2,11.3,,,Bone apatite,,,,,-13.1,-5.0,,McRostie (2014),http://dx.doi.org/10.4067/S0717-73562014000400002,"Upper Loa basin, Calama",Antofagasta,Precordillera
Chorrillos,Formative,Formative,L9F2E1,-850.0,-190,L9F2E1,-22.4532,-68.9124,2296,,,,,,,,M,Young Adult,25.0,30.0,Bone,,,,,,,,,,,,,,,,,,,,,0.707,McRostie (2014),http://dx.doi.org/10.4067/S0717-73562014000400002,"Upper Loa basin, Calama",Antofagasta,Precordillera
Chorrillos,Formative,Formative,L9F2E1,-850.0,-190,L9F2E1,-22.4532,-68.9124,2296,,,,,,,,M,Young Adult,25.0,30.0,Bone,,,,,,,,,,,,,,,,,,,,,0.707,McRostie (2014),http://dx.doi.org/10.4067/S0717-73562014000400002,"Upper Loa basin, Calama",Antofagasta,Precordillera
Chorrillos,Formative,Formative,C14F2E1,-850.0,-190,C14F2E1,-22.4532,-68.9124,2296,,,,,,,,F,Young Adult,23.0,33.0,Bone,,,,,,,,,,,,,,,,,,,,,0.707,McRostie (2014),http://dx.doi.org/10.4067/S0717-73562014000400002,"Upper Loa basin, Calama",Antofagasta,Precordillera
Chorrillos,Formative,Formative,H15F1E1,-850.0,-190,H15F1E1,-22.4532,-68.9124,2296,,,,,,,,F,Young Adult,20.0,25.0,Bone,,,,,,,,,,,,,,,,,,,,,0.708,McRostie (2014),http://dx.doi.org/10.4067/S0717-73562014000400002,"Upper Loa basin, Calama",Antofagasta,Precordillera
Chorrillos,Formative,Formative,L12F2E1,-850.0,-190,L12F2E1,-22.4532,-68.9124,2296,,,,,,,,und,und,,,Bone,,,,,,,,,,,,,,,,,,,,,0.708,McRostie (2014),http://dx.doi.org/10.4067/S0717-73562014000400002,"Upper Loa basin, Calama",Antofagasta,Precordillera
Chorrillos,Formative,Formative,C18F1E1,-400.0,-200,C18F1E1,-22.4532,-68.9124,2296,,,,,,,,und,und,,,Bone,,,,,,,,,,,,,,,,,,,,,0.707,McRostie (2014),http://dx.doi.org/10.4067/S0717-73562014000400002,"Upper Loa basin, Calama",Antofagasta,Precordillera
Chorrilos,Formative,Formative,D11 F2 E1 SW,-820.0,-770,D11 F2 E1 SW,-22.4532,-68.9124,2296,,,,,,,,M,Young Adult,25.0,,Bone,Bone collagen,,,,,,,,3.2,-19.5,11.7,,,Bone apatite,,,,,-15.4,-8.0,,McRostie (2014),http://dx.doi.org/10.4067/S0717-73562014000400002,"Upper Loa basin, Calama",Antofagasta,Precordillera
El Vertedero,Formative,Formative,EV-1,-500.0,-500,EV-1,-23.473323,-70.389404,362,,,,,,,,M,Young Adult,21.0,25.0,Bone,Bone collagen,,Adult,,,,,,,-13.0,25.0,,,Bone apatite,,Adult,,,-8.5,-1.6,,Ballester and Clarot (2014),https://www.researchgate.net/publication/342500271_La_Gente_de_los_Tumulos_de_Tierra,"La Chimba, Jorge Bay",Antofagasta,Lowlands
El Vertedero,Formative,Formative,EV-4,-500.0,-500,EV-4,-23.473323,-70.389404,362,,,,,,,,F,Young Adult,21.0,25.0,Bone,Bone collagen,,Adult,,,,,,,-12.6,23.6,,,Bone apatite,,Adult,,,-9.5,-1.7,,Ballester and Clarot (2014),https://www.researchgate.net/publication/342500271_La_Gente_de_los_Tumulos_de_Tierra,"La Chimba, Jorge Bay",Antofagasta,Lowlands
El Vertedero,Formative,Formative,EV-6,-500.0,-500,EV-6,-23.473323,-70.389404,362,,,,,,,,M,Child-2,8.0,12.0,Bone,Bone collagen,,Child-2,8.0,12.0,,,,,-12.9,23.6,,,Bone apatite,,Child-2,8.0,12.0,-9.5,-0.9,,Ballester and Clarot (2014),https://www.researchgate.net/publication/342500271_La_Gente_de_los_Tumulos_de_Tierra,"La Chimba, Jorge Bay",Antofagasta,Lowlands
Enaex,Formative,Formative,EX-5,-500.0,-500,EX-5,-23.095388,-70.433325,6,14C-AMS,BETA335826,2480.0,30.0,,-540.0,Bone collagen,M,Young Adult,21.0,25.0,Bone,Bone collagen,,Adult,,,,,,,-12.8,25.0,,,Bone apatite,,Adult,,,-10.6,-2.5,,Ballester and Clarot (2014),https://www.researchgate.net/publication/342500271_La_Gente_de_los_Tumulos_de_Tierra,"Mejillones Bay, Mejillones Port",Antofagasta,Coast
Enaex,Formative,Formative,EX-F,-500.0,-500,EX-F,-23.095388,-70.433325,6,14C-AMS,BETA335825,2060.0,30.0,,-18.0,Bone collagen,M,Infant-2,2.0,7.0,Bone,Bone collagen,,Infant-2,2.0,7.0,,,,,-13.3,27.9,,,Bone apatite,,Infant-2,2.0,7.0,-9.9,-1.4,,Ballester and Clarot (2014),https://www.researchgate.net/publication/342500271_La_Gente_de_los_Tumulos_de_Tierra,"Mejillones Bay, Mejillones Port",Antofagasta,Coast
Enaex,Formative,Formative,EX-1,-500.0,-500,EX-1,-23.095388,-70.433325,6,,,,,,,,und,Middle Adult,46.0,50.0,Bone,Bone collagen,,Adult,,,,,,,-14.4,27.2,,,Bone apatite,,Adult,,,-9.3,-2.9,,Ballester and Clarot (2014),https://www.researchgate.net/publication/342500271_La_Gente_de_los_Tumulos_de_Tierra,"Mejillones Bay, Mejillones Port",Antofagasta,Coast
Enaex,Formative,Formative,EX-12,-500.0,-500,EX-12,-23.095388,-70.433325,6,,,,,,,,F,Adult,20.0,,Bone,Bone collagen,,Adult,,,,,,,-12.2,26.3,,,Bone apatite,,Adult,,,-9.0,-2.5,,Ballester and Clarot (2014),https://www.researchgate.net/publication/342500271_La_Gente_de_los_Tumulos_de_Tierra,"Mejillones Bay, Mejillones Port",Antofagasta,Coast
Enaex,Formative,Formative,EX-7,-500.0,-500,EX-7,-23.095388,-70.433325,6,,,,,,,,M,Adult,20.0,,Bone,Bone collagen,,Adult,,,,,,,-11.3,25.5,,,Bone apatite,,Adult,,,-8.6,-1.1,,Ballester and Clarot (2014),https://www.researchgate.net/publication/342500271_La_Gente_de_los_Tumulos_de_Tierra,"Mejillones Bay, Mejillones Port",Antofagasta,Coast
Gualaguala 01,Formative,Formative,G-17,-1500.0,400,2024-01-06 00:00:00,-22.801,-70.313333,8,,,,,,,,,,,,Bone,Bone collagen,,,,,,,,3.2,-11.8,24.4,,,Bone apatite,,,,,-9.3,,,Pestle et al. (2015a),DOI: 10.1086/679594,Tocopilla coast,Antofagasta,Coast
Gualaguala 01,Formative,Formative,G-23,-1500.0,400,2024-01-09 00:00:00,-22.801,-70.313333,8,,,,,,,,,,,,Bone,Bone collagen,,,,,,,,3.2,-10.9,27.1,,,Bone apatite,,,,,-7.0,,,Pestle et al. (2015a),DOI: 10.1086/679594,Tocopilla coast,Antofagasta,Coast
Gualaguala 01,Formative,Formative,G-18,-1500.0,400,2024-01-11 00:00:00,-22.801,-70.313333,8,,,,,,,,,,,,Bone,Bone collagen,,,,,,,,3.1,-12.0,24.6,,,Bone apatite,,,,,-9.0,,,Pestle et al. (2015a),DOI: 10.1086/679594,Tocopilla coast,Antofagasta,Coast
Gualaguala 01,Formative,Formative,G-14,-1500.0,400,2024-01-14 00:00:00,-22.801,-70.313333,8,,,,,,,,,,,,Bone,Bone collagen,,,,,,,,3.1,-11.9,23.7,,,Bone apatite,,,,,-8.7,,,Pestle et al. (2015a),DOI: 10.1086/679594,Tocopilla coast,Antofagasta,Coast
Gualaguala 01,Formative,Formative,G-15,-1500.0,400,2024-01-16 00:00:00,-22.801,-70.313333,8,,,,,,,,,,,,Bone,Bone collagen,,,,,,,,3.2,-11.6,24.1,,,Bone apatite,,,,,-6.1,,,Pestle et al. (2015a),DOI: 10.1086/679594,Tocopilla coast,Antofagasta,Coast
Gualaguala 01,Formative,Formative,G-16,-1500.0,400,2024-01-17 00:00:00,-22.801,-70.313333,8,,,,,,,,,,,,Bone,Bone collagen,,,,,,,,3.2,-12.0,25.7,,,Bone apatite,,,,,-9.3,,,Pestle et al. (2015a),DOI: 10.1086/679594,Tocopilla coast,Antofagasta,Coast
Gualaguala 01,Formative,Formative,G-19,-1500.0,400,C5-01,-22.801,-70.313333,8,,,,,,,,,,,,Bone,Bone collagen,,,,,,,,3.3,-11.3,24.9,,,Bone apatite,,,,,-5.3,,,Pestle et al. (2015a),DOI: 10.1086/679594,Tocopilla coast,Antofagasta,Coast
Gualaguala 01,Formative,Formative,G-20,-1500.0,400,F2-01,-22.801,-70.313333,8,,,,,,,,,,,,Bone,Bone collagen,,,,,,,,3.2,-12.9,22.0,,,Bone apatite,,,,,-11.0,,,Pestle et al. (2015a),DOI: 10.1086/679594,Tocopilla coast,Antofagasta,Coast
Gualaguala 01,Formative,Formative,G-22,-1500.0,400,H1-01,-22.801,-70.313333,8,,,,,,,,,,,,Bone,Bone collagen,,,,,,,,3.2,-10.8,22.8,,,Bone apatite,,,,,-7.8,,,Pestle et al. (2015a),DOI: 10.1086/679594,Tocopilla coast,Antofagasta,Coast
Gualaguala 01,Formative,Formative,G-21,-1500.0,400,H6-01,-22.801,-70.313333,8,,,,,,,,,,,,Bone,Bone collagen,,,,,,,,3.2,-11.3,23.7,,,Bone apatite,,,,,-8.8,,,Pestle et al. (2015a),DOI: 10.1086/679594,Tocopilla coast,Antofagasta,Coast
Gualaguala 04,Formative,Formative,F-116,-1500.0,400,2024-01-03 00:00:00,-22.801,-70.313333,8,,,,,,,,,,,,Bone,Bone collagen,,,,,,,,3.1,-11.3,23.2,,,Bone apatite,,,,,-7.7,,,Pestle et al. (2015a),DOI: 10.1086/679594,Tocopilla coast,Antofagasta,Coast
Gualaguala 04,Formative,Formative,F-115,-1500.0,400,D3-01,-22.801,-70.313333,8,,,,,,,,,,,,Bone,Bone collagen,,,,,,,,3.2,-11.3,24.7,,,Bone apatite,,,,,-8.5,,,Pestle et al. (2015a),DOI: 10.1086/679594,Tocopilla coast,Antofagasta,Coast
Gualaguala 04,Formative,Formative,G-1,-1500.0,400,D5-01,-22.801,-70.313333,8,,,,,,,,,,,,Bone,Bone collagen,,,,,,,,3.2,-11.2,21.6,,,Bone apatite,,,,,-8.5,,,Pestle et al. (2015a),DOI: 10.1086/679594,Tocopilla coast,Antofagasta,Coast
Gualaguala 04,Formative,Formative,G-3,-1500.0,400,E5-01,-22.801,-70.313333,8,,,,,,,,,,,,Bone,Bone collagen,,,,,,,,3.2,-11.0,24.3,,,Bone apatite,,,,,-8.1,,,Pestle et al. (2015a),DOI: 10.1086/679594,Tocopilla coast,Antofagasta,Coast
Gualaguala 04,Formative,Formative,G-8,-1500.0,400,E5-03,-22.801,-70.313333,8,,,,,,,,,,,,Bone,Bone collagen,,,,,,,,3.2,-12.3,24.0,,,Bone apatite,,,,,-9.4,,,Pestle et al. (2015a),DOI: 10.1086/679594,Tocopilla coast,Antofagasta,Coast
Gualaguala 04,Formative,Formative,G-7,-1500.0,400,E5-04,-22.801,-70.313333,8,,,,,,,,,,,,Bone,Bone collagen,,,,,,,,3.1,-12.6,24.7,,,Bone apatite,,,,,-10.5,,,Pestle et al. (2015a),DOI: 10.1086/679594,Tocopilla coast,Antofagasta,Coast
Gualaguala 04,Formative,Formative,F-113,-1500.0,400,F5-01,-22.801,-70.313333,8,,,,,,,,,,,,Bone,Bone collagen,,,,,,,,3.2,-10.7,23.8,,,Bone apatite,,,,,-7.8,,,Pestle et al. (2015a),DOI: 10.1086/679594,Tocopilla coast,Antofagasta,Coast
Gualaguala 04,Formative,Formative,F-114,-1500.0,400,F5-03,-22.801,-70.313333,8,,,,,,,,,,,,Bone,Bone collagen,,,,,,,,3.2,-12.2,23.9,,,Bone apatite,,,,,-10.0,,,Pestle et al. (2015a),DOI: 10.1086/679594,Tocopilla coast,Antofagasta,Coast
Gualaguala 04,Formative,Formative,F-112,-1500.0,400,F6-02,-22.801,-70.313333,8,,,,,,,,,,,,Bone,Bone collagen,,,,,,,,3.2,-13.2,23.9,,,Bone apatite,,,,,-9.7,,,Pestle et al. (2015a),DOI: 10.1086/679594,Tocopilla coast,Antofagasta,Coast
Gualaguala 04,Formative,Formative,G-5,-1500.0,400,G3-01,-22.801,-70.313333,8,,,,,,,,,,,,Bone,Bone collagen,,,,,,,,3.2,-11.0,22.6,,,Bone apatite,,,,,-8.1,,,Pestle et al. (2015a),DOI: 10.1086/679594,Tocopilla coast,Antofagasta,Coast
Michilla 02,Formative,Formative,F-104,-1500.0,400,MCHN-02-01-01,-22.7225,-70.282222,23,,,,,,,,,,,,Bone,Bone collagen,,,,,,,,3.7,-11.1,24.3,,,Bone apatite,,,,,-6.2,,,Pestle et al. (2015a),DOI: 10.1086/679594,Tocopilla coast,Antofagasta,Coast
Michilla 02,Formative,Formative,F-96,-1500.0,400,MCHN-02-02-01,-22.7225,-70.282222,23,,,,,,,,,,,,Bone,Bone collagen,,,,,,,,3.2,-13.0,24.6,,,Bone apatite,,,,,-10.0,,,Pestle et al. (2015a),DOI: 10.1086/679594,Tocopilla coast,Antofagasta,Coast
Michilla 02,Formative,Formative,F-99,-1500.0,400,MCHN-02-02-02,-22.7225,-70.282222,23,,,,,,,,,,,,Bone,Bone collagen,,,,,,,,3.1,-11.4,23.9,,,Bone apatite,,,,,-8.6,,,Pestle et al. (2015a),DOI: 10.1086/679594,Tocopilla coast,Antofagasta,Coast
Michilla 02,Formative,Formative,F-109,-1500.0,400,MCHN-02-05-01,-22.7225,-70.282222,23,,,,,,,,,,,,Bone,Bone collagen,,,,,,,,3.5,-11.4,24.1,,,Bone apatite,,,,,-7.2,,,Pestle et al. (2015a),DOI: 10.1086/679594,Tocopilla coast,Antofagasta,Coast
Michilla 02,Formative,Formative,F-103,-1500.0,400,MCHN-02-07-01,-22.7225,-70.282222,23,,,,,,,,,,,,Bone,Bone collagen,,,,,,,,3.1,-11.4,23.6,,,Bone apatite,,,,,-6.6,,,Pestle et al. (2015a),DOI: 10.1086/679594,Tocopilla coast,Antofagasta,Coast
Michilla 02,Formative,Formative,F-97,-1500.0,400,MCHN-02-07-01A,-22.7225,-70.282222,23,,,,,,,,,,,,Bone,Bone collagen,,,,,,,,3.3,-11.5,23.7,,,Bone apatite,,,,,-7.3,,,Pestle et al. (2015a),DOI: 10.1086/679594,Tocopilla coast,Antofagasta,Coast
Michilla 02,Formative,Formative,F-105,-1500.0,400,MCHN-02-19-01,-22.7225,-70.282222,23,,,,,,,,,,,,Bone,Bone collagen,,,,,,,,3.3,-11.5,23.6,,,Bone apatite,,,,,-6.1,,,Pestle et al. (2015a),DOI: 10.1086/679594,Tocopilla coast,Antofagasta,Coast
Michilla 02,Formative,Formative,F-106,-1500.0,400,MCHN-02-20-01,-22.7225,-70.282222,23,,,,,,,,,,,,Bone,Bone collagen,,,,,,,,3.2,-10.8,24.6,,,Bone apatite,,,,,-6.4,,,Pestle et al. (2015a),DOI: 10.1086/679594,Tocopilla coast,Antofagasta,Coast
Michilla 02,Formative,Formative,F-92,-1500.0,400,MCHN-02-22-01,-22.7225,-70.282222,23,,,,,,,,,,,,Bone,Bone collagen,,,,,,,,3.2,-11.0,23.1,,,Bone apatite,,,,,-8.7,,,Pestle et al. (2015a),DOI: 10.1086/679594,Tocopilla coast,Antofagasta,Coast
Michilla 02,Formative,Formative,F-110,-1500.0,400,MCHN-02-25-01,-22.7225,-70.282222,23,,,,,,,,,,,,Bone,Bone collagen,,,,,,,,3.2,-11.4,23.1,,,Bone apatite,,,,,-6.1,,,Pestle et al. (2015a),DOI: 10.1086/679594,Tocopilla coast,Antofagasta,Coast
Michilla 02,Formative,Formative,F-94,-1500.0,400,MCHN-02-31-01,-22.7225,-70.282222,23,,,,,,,,,,,,Bone,Bone collagen,,,,,,,,3.2,-11.7,25.9,,,Bone apatite,,,,,-9.2,,,Pestle et al. (2015a),DOI: 10.1086/679594,Tocopilla coast,Antofagasta,Coast
Michilla 02,Formative,Formative,F-101,-1500.0,400,MCHN-02-33-01,-22.7225,-70.282222,23,,,,,,,,,,,,Bone,Bone collagen,,,,,,,,3.3,-12.1,26.7,,,Bone apatite,,,,,-7.8,,,Pestle et al. (2015a),DOI: 10.1086/679594,Tocopilla coast,Antofagasta,Coast
Michilla 02,Formative,Formative,F-107,-1500.0,400,MCHN-02-A2-01,-22.7225,-70.282222,23,,,,,,,,,,,,Bone,Bone collagen,,,,,,,,3.2,-11.4,25.8,,,Bone apatite,,,,,-8.6,,,Pestle et al. (2015a),DOI: 10.1086/679594,Tocopilla coast,Antofagasta,Coast
Michilla 02,Formative,Formative,F-95,-1500.0,400,MCHN-02-B2-01,-22.7225,-70.282222,23,,,,,,,,,,,,Bone,Bone collagen,,,,,,,,3.6,-11.9,26.2,,,Bone apatite,,,,,-6.5,,,Pestle et al. (2015a),DOI: 10.1086/679594,Tocopilla coast,Antofagasta,Coast
Michilla 02,Formative,Formative,H-35,-1500.0,400,T10.MCHN-02-10-01. #306,-22.7225,-70.282222,23,,,,,,,,,,,,Bone,Bone collagen,,,,,,,,3.7,-12.4,27.1,,,Bone apatite,,,,,-9.0,,,Pestle et al. (2015a),DOI: 10.1086/679594,Tocopilla coast,Antofagasta,Coast
Pisagua 7,Formative,Formative,763,-1500.0,100,763,-19.593611,-70.208333,19,,,,,,,,M,Young Adult,27.0,30.0,Hair,Hair keratin,,Young Adult,27.0,30.0,,,,,-13.5,26.2,,16.7,,,,,,,,,Aufderheide et al. (1994),DOI:10.1006/JASC.1994.1051,"Pisagua bay, Pisagua",Tarapacá,Coast
Pisagua 7,Formative,Formative,763,-1500.0,100,763,-19.593611,-70.208333,19,,,,,,,,M,Young Adult,27.0,30.0,Muscle,Muscle,,Young Adult,27.0,30.0,,,,,-17.6,29.2,,,,,,,,,,,Aufderheide et al. (1994),DOI:10.1006/JASC.1994.1051,"Pisagua bay, Pisagua",Tarapacá,Coast
Pisagua 7,Formative,Formative,723,-1500.0,100,723,-19.593611,-70.208333,19,14C,GX16098,2695.0,85.0,-1046.0,-521.0,Mummified tissue (skin),M,Middle Adult,40.0,45.0,Hair,Hair keratin,,Middle Adult,40.0,45.0,,,,,-14.5,27.0,,17.0,,,,,,,,,Aufderheide et al. (1994),DOI:10.1006/JASC.1994.1051,"Pisagua bay, Pisagua",Tarapacá,Coast
Pisagua 7,Formative,Formative,723,-1500.0,100,723,-19.593611,-70.208333,19,14C,GX16099,2695.0,85.0,-1046.0,-521.0,Mummified tissue (skin),M,Middle Adult,40.0,45.0,Muscle,Muscle,,Middle Adult,40.0,45.0,,,,,-16.1,28.4,,,,,,,,,,,Aufderheide et al. (1994),DOI:10.1006/JASC.1994.1051,"Pisagua bay, Pisagua",Tarapacá,Coast
Pisagua 7,Formative,Formative,726A,-1500.0,100,726A,-19.593611,-70.208333,19,14C,GX16097,2955.0,155.0,-1498.0,-825.0,Mummified tissue (muscle),und,Child-1,5.0,7.0,Hair,Hair keratin,,Child-1,5.0,7.0,,,,,-14.9,25.0,,17.3,,,,,,,,,Aufderheide et al. (1994),DOI:10.1006/JASC.1994.1051,"Pisagua bay, Pisagua",Tarapacá,Coast
Pisagua 7,Formative,Formative,726A,-1500.0,100,726A,-19.593611,-70.208333,19,14C,GX16098,2955.0,155.0,-1498.0,-825.0,Mummified tissue (muscle),und,Child-1,5.0,7.0,Muscle,Muscle,,Child-1,5.0,7.0,,,,,-16.9,28.4,,,,,,,,,,,Aufderheide et al. (1994),DOI:10.1006/JASC.1994.1051,"Pisagua bay, Pisagua",Tarapacá,Coast
Pisagua 7,Formative,Formative,751,-1500.0,100,751,-19.593611,-70.208333,19,,,,,,,,F,Infant-1,0.0,0.25,Hair,Hair keratin,,Infant-1,0.0,0.25,,,,,-15.6,21.9,,15.6,,,,,,,,,Aufderheide et al. (1994),DOI:10.1006/JASC.1994.1051,"Pisagua bay, Pisagua",Tarapacá,Coast
Pisagua 7,Formative,Formative,751,-1500.0,100,751,-19.593611,-70.208333,19,,,,,,,,F,Infant-1,0.0,0.25,Muscle,Muscle,,Infant-1,0.0,0.25,,,,,-15.6,23.7,,,,,,,,,,,Aufderheide et al. (1994),DOI:10.1006/JASC.1994.1051,"Pisagua bay, Pisagua",Tarapacá,Coast
Pisagua 7,Formative,Formative,724,-1500.0,100,724,-19.593611,-70.208333,19,,,,,,,,M,Young Adult,25.0,30.0,Muscle,Muscle,,Young Adult,25.0,30.0,,,,,-18.8,32.4,,,,,,,,,,,Aufderheide et al. (1994),DOI:10.1006/JASC.1994.1051,"Pisagua bay, Pisagua",Tarapacá,Coast
Pisagua 7,Formative,Formative,721,-1500.0,100,721,-19.593611,-70.208333,19,,,,,,,,F,Middle Adult,45.0,,Hair,Hair keratin,,Middle Adult,45.0,,,,,,-13.6,26.0,,18.5,,,,,,,,,Aufderheide et al. (1994),DOI:10.1006/JASC.1994.1051,"Pisagua bay, Pisagua",Tarapacá,Coast
Pisagua 7,Formative,Formative,721,-1500.0,100,721,-19.593611,-70.208333,19,,,,,,,,F,Middle Adult,45.0,,Muscle,Muscle,,Middle Adult,45.0,,,,,,-13.8,33.1,,,,,,,,,,,Aufderheide et al. (1994),DOI:10.1006/JASC.1994.1051,"Pisagua bay, Pisagua",Tarapacá,Coast
Pisagua 7,Formative,Formative,741,-1500.0,100,741,-19.593611,-70.208333,19,,,,,,,,F,Infant-2,1.5,2.0,Muscle,Muscle,,Infant-2,1.5,2.0,,,,,-19.2,27.6,,,,,,,,,,,Aufderheide et al. (1994),DOI:10.1006/JASC.1994.1051,"Pisagua bay, Pisagua",Tarapacá,Coast
Pisagua 7,Formative,Formative,725A. C1,-1500.0,100,725A. C1,-19.593611,-70.208333,19,,,,,,,,M,Middle Adult,40.0,45.0,Hair,Hair keratin,,Middle Adult,40.0,45.0,,,,,-12.4,25.3,,16.4,,,,,,,,,Aufderheide et al. (1994),DOI:10.1006/JASC.1994.1051,"Pisagua bay, Pisagua",Tarapacá,Coast
Pisagua 7,Formative,Formative,725A. C2,-1500.0,100,725A. C2,-19.593611,-70.208333,19,,,,,,,,F,Middle Adult,35.0,40.0,Hair,Hair keratin,,Middle Adult,35.0,40.0,,,,,-15.3,24.8,,17.6,,,,,,,,,Aufderheide et al. (1994),DOI:10.1006/JASC.1994.1051,"Pisagua bay, Pisagua",Tarapacá,Coast
Pisagua 7,Formative,Formative,725A. C2,-1500.0,100,725A. C2,-19.593611,-70.208333,19,,,,,,,,F,Middle Adult,35.0,40.0,Muscle,Muscle,,Middle Adult,35.0,40.0,,,,,-15.3,26.9,,,,,,,,,,,Aufderheide et al. (1994),DOI:10.1006/JASC.1994.1051,"Pisagua bay, Pisagua",Tarapacá,Coast
Pisagua 7,Formative,Formative,732,-1500.0,100,732,-19.593611,-70.208333,19,,,,,,,,F,Middle Adult,40.0,45.0,Hair,Hair keratin,,Middle Adult,40.0,45.0,,,,,-12.6,24.3,,17.6,,,,,,,,,Aufderheide et al. (1994),DOI:10.1006/JASC.1994.1051,"Pisagua bay, Pisagua",Tarapacá,Coast
Pisagua 7,Formative,Formative,732,-1500.0,100,732,-19.593611,-70.208333,19,,,,,,,,F,Middle Adult,40.0,45.0,Muscle,Muscle,,Middle Adult,40.0,45.0,,,,,-14.6,26.2,,,,,,,,,,,Aufderheide et al. (1994),DOI:10.1006/JASC.1994.1051,"Pisagua bay, Pisagua",Tarapacá,Coast
Punta Blanca,Formative,Formative,2273,-700.0,700,2273,-22.174722,-70.225,16,,,,,,,,M,Young Adult,31.0,35.0,Bone,Bone collagen,,Adult,,,,,,,-12.0,24.1,,,Bone apatite,,Adult,,,-8.4,-0.7,,Ballester and Clarot (2014),https://www.researchgate.net/publication/342500271_La_Gente_de_los_Tumulos_de_Tierra,"Punta Blanca, Tocopilla coast",Antofagasta,Coast
Punta Blanca,Formative,Formative,2227.A,-1000.0,100,2227.A,-22.174722,-70.225,16,14C-AMS,BETA320362,2040.0,30.0,,-9.0,Bone collagen,M,Young Adult,31.0,35.0,Bone,Bone collagen,,Adult,,,,,,,-12.4,25.3,,,Bone apatite,,Adult,,,-9.3,-1.4,,Ballester and Clarot (2014),https://www.researchgate.net/publication/342500271_La_Gente_de_los_Tumulos_de_Tierra,"Punta Blanca, Tocopilla coast",Antofagasta,Coast
Punta Cañas Norte,Formative,Formative,Punta Cañas Norte,-2050.0,450,Punta Cañas Norte,-24.7265,-70.57,69,14C-AMS,UGAMS15974,3100.0,25.0,3358.0,2729.0,Bone collagen,und,Adult,20.0,,Bone,Bone collagen,Long bone (Femur or Tibia),Adult,,,,,,3.3,-10.5,19.6,,,Bone apatite,Long bone (Femur or Tibia),Adult,,,-7.6,,,Andrade et al. (2015),DOI: 10.2458/azu_rc.57.18448,Taltal area,Antofagasta,Coast
Punta Tames,Formative,Formative,"1, cráneo 1, PTI-2B",-1500.0,400,"1, cráneo 1, PTI-2B",-22.6561,-70.2889,88,,,,,,,,,,,,Bone,,,,,,,,,,-11.6,23.5,,,Bone apatite,,,,,-7.9,,,Pestle (2017),https://doi.org/10.1038/s41477-020-00835-4,"Punta Tames, Mejillones, Coast of",Antofagasta,Coast
Quebrada Rincon,Formative,Formative,Quebrada Rincon,-2050.0,450,Quebrada Rincon,-24.8831,-70.5175,102,14C-AMS,UGAMS17941,1940.0,20.0,1925.0,1536.0,Bone collagen,F,MIddle Adult,35.0,40.0,Bone,Bone collagen,Long bone (Femur or Tibia),Adult,,,,,,3.4,-12.1,18.3,,,Bone apatite,Long bone (Femur or Tibia),Adult,,,-8.8,,,Andrade et al. (2015),DOI: 10.2458/azu_rc.57.18448,Taltal area,Antofagasta,Coast
Tarapacá 40,Formative,Formative,Individual 1 B0657,-1000.0,1000,Individual 1 B0657,-19.980554,-69.565488,1266,14C-AMS,BETA355776,2840.0,30.0,-1110.0,-920.0,Bone collagen,F,Adult,,,Bone,Bone collagen,Rib,Adult,,,,,,3.2,-16.9,10.9,,,Bone apatite,Rib,Adult,,,-12.5,,,Santana-Sagredo et al. (2015b),DOI: 10.1002/ajpa.22826,Middle Tarapacá Valley,Tarapacá,Lowlands
Tarapacá 40,Formative,Formative,Individual 4 B0666,-1000.0,1000,Individual 4 B0666,-19.980554,-69.565488,1266,14C-AMS,BETA355778,2540.0,30.0,-800.0,-550.0,Bone collagen,F,Adult,,,Bone,Bone collagen,Humerus,Adult,,,,,,3.2,-16.9,8.0,,,Bone apatite,Humerus,Adult,,,-11.3,,,Santana-Sagredo et al. (2015b),DOI: 10.1002/ajpa.22826,Middle Tarapacá Valley,Tarapacá,Lowlands
Quillagua,Formative,Formative,J-84,-1500.0,400,Museo.caja3–3,-21.660287,-69.53489,810,,,,,,,,,,,,Bone,Bone collagen,,,,,16.0,44.4,15.6,3.3,-15.1,17.7,,,Bone apatite,,,,,-11.6,,,Pestle et al. (2019),https://doi.org/10.1016/j.quaint.2019.03.014,"Quillagua Oases, Loa basin",Antofagasta,Lowlands
Quillagua,Formative,Formative,J-86,-1500.0,400,Torre203. Qui.1. museo. exhibido,-21.660287,-69.53489,810,,,,,,,,,,,,Bone,Bone collagen,,,,,7.0,41.9,13.6,3.6,-13.4,25.8,,,Bone apatite,,,,,-10.0,,,Pestle et al. (2019),https://doi.org/10.1016/j.quaint.2019.03.014,"Quillagua Oases, Loa basin",Antofagasta,Lowlands
Quillagua,Formative,Formative,J-92,-1500.0,400,Torre203.Qui02,-21.660287,-69.53489,810,,,,,,,,,,,,Bone,Bone collagen,,,,,16.6,44.9,16.3,3.2,-16.5,10.9,,,Bone apatite,,,,,-11.5,,,Pestle et al. (2019),https://doi.org/10.1016/j.quaint.2019.03.014,"Quillagua Oases, Loa basin",Antofagasta,Lowlands
Quillagua,Formative,Formative,J-93,-1500.0,400,Qui.Res.2013–1,-21.660287,-69.53489,810,,,,,,,,,,,,Bone,Bone collagen,,,,,3.2,38.9,13.4,3.4,-17.1,11.2,,,Bone apatite,,,,,-12.1,,,Pestle et al. (2019),https://doi.org/10.1016/j.quaint.2019.03.014,"Quillagua Oases, Loa basin",Antofagasta,Lowlands
RAnL,Formative,Formative,G-29,-1500.0,400,2739-0326. #17,-22.3346,-68.6509,2545,,,,,,,,,,,,Bone,Bone collagen,,,,,,,,3.1,-19.4,11.1,,,Bone apatite,,,,,-13.0,,,Pestle et al. (2015a),DOI: 10.1086/679594,"Upper Loa basin, Calama",Antofagasta,Precordillera
RAnL,Formative,Formative,G-30,-1500.0,400,2739-0326. #18,-22.3503,-68.6509,2545,,,,,,,,,,,,Bone,Bone collagen,,,,,,,,3.7,-19.7,11.4,,,Bone apatite,,,,,-12.8,,,Pestle et al. (2015a),DOI: 10.1086/679594,"Upper Loa basin, Calama",Antofagasta,Precordillera
RAnL,Formative,Formative,G-28,-1500.0,400,2739-0329. #16,-22.3503,-68.6509,2545,,,,,,,,,,,,Bone,Bone collagen,,,,,,,,3.1,-19.4,11.2,,,Bone apatite,,,,,-14.1,,,Pestle et al. (2015a),DOI: 10.1086/679594,"Upper Loa basin, Calama",Antofagasta,Precordillera
RAnL,Formative,Formative,F-85,-1500.0,400,#1,-22.3503,-68.6509,2545,,,,,,,,,,,,Bone,Bone collagen,,,,,,,,3.2,-19.4,11.3,,,Bone apatite,,,,,-14.9,,,Pestle et al. (2015a),DOI: 10.1086/679594,"Upper Loa basin, Calama",Antofagasta,Precordillera
RAnL,Formative,Formative,F-86,-1500.0,400,#2,-22.3503,-68.6509,2545,,,,,,,,,,,,Bone,Bone collagen,,,,,,,,3.2,-19.7,11.2,,,Bone apatite,,,,,-13.6,,,Pestle et al. (2015a),DOI: 10.1086/679594,"Upper Loa basin, Calama",Antofagasta,Precordillera
RAnL,Formative,Formative,F-87,-1500.0,400,#3,-22.3503,-68.6509,2545,,,,,,,,,,,,Bone,Bone collagen,,,,,,,,3.2,-19.9,11.3,,,Bone apatite,,,,,-14.9,,,Pestle et al. (2015a),DOI: 10.1086/679594,"Upper Loa basin, Calama",Antofagasta,Precordillera
San Lorenzo 3,Formative,Formative,San Lorenzo 3,-2050.0,450,San Lorenzo 3,-25.1135,-70.4797,17,14C-AMS,UGAMS15977,2550.0,25.0,2735.0,1991.0,Bone collagen,F,Young Adult,25.0,30.0,Bone,Bone collagen,Long bone (Femur or Tibia),Adult,,,,,,3.2,-11.4,22.4,,,Bone apatite,Long bone (Femur or Tibia),Adult,,,-8.1,,,Andrade et al. (2015),DOI: 10.2458/azu_rc.57.18448,Taltal area,Antofagasta,Coast
Toconao Oriente,Formative,Formative,4383,-400.0,310,4383,-23.8089,-68.0676,2679,,,,,,,,und,Adult,,,Bone,,,,,,,,,,,,,,Bone apatite,,,,,-13.0,-7.0,,McRostie (2014),http://dx.doi.org/10.4067/S0717-73562014000400002,"Upper Loa basin, Calama",Antofagasta,Precordillera
Toconao Oriente,Formative,Formative,4331,-400.0,10,4331,-23.8089,-68.0676,2679,,,,,,,,und,Adult,,,Bone,,,,,,,,,,,,,,Bone apatite,,,,,-8.3,-5.0,,McRostie (2014),http://dx.doi.org/10.4067/S0717-73562014000400002,"Upper Loa basin, Calama",Antofagasta,Precordillera
Toconao Oriente,Formative,Formative,4263,-400.0,230,4263,-23.8089,-68.0676,2679,,,,,,,,und,Infant,,,Bone,Bone collagen,,,,,,,,3.5,-15.7,13.7,,,Bone apatite,,,,,-11.1,-5.0,,McRostie (2014),http://dx.doi.org/10.4067/S0717-73562014000400002,"Upper Loa basin, Calama",Antofagasta,Precordillera
Toconao Oriente,Formative,Formative,4340,-400.0,170,4340,-23.8089,-68.0676,2679,,,,,,,,und,Adult,,,Bone,Bone collagen,,,,,,,,3.4,-14.2,12.4,,,Bone apatite,,,,,-8.0,-4.0,,McRostie (2014),http://dx.doi.org/10.4067/S0717-73562014000400002,"Upper Loa basin, Calama",Antofagasta,Precordillera
Topater,Formative,Formative,H-19,-1500.0,400,3112.D4. #215,-22.458692,-68.848113,2357,,,,,,,,,,,,Bone,Bone collagen,,,,,,,,3.6,-18.7,10.9,,,Bone apatite,,,,,-14.8,,,Pestle et al. (2015a),DOI: 10.1086/679594,"Upper Loa basin, Calama",Antofagasta,Precordillera
Topater,Formative,Formative,H-29,-1500.0,400,3167-1.0-7. #362,-22.458692,-68.848113,2357,,,,,,,,,,,,Bone,Bone collagen,,,,,,,,3.3,-17.9,11.4,,,Bone apatite,,,,,-14.0,,,Pestle et al. (2015a),DOI: 10.1086/679594,"Upper Loa basin, Calama",Antofagasta,Precordillera
Topater,Formative,Formative,H-26,-1500.0,400,3167-2.0-7-C-1. #362,-22.458692,-68.848113,2357,,,,,,,,,,,,Bone,Bone collagen,,,,,,,,3.4,-17.1,11.4,,,Bone apatite,,,,,-13.9,,,Pestle et al. (2015a),DOI: 10.1086/679594,"Upper Loa basin, Calama",Antofagasta,Precordillera
Topater,Formative,Formative,H-23,-1500.0,400,3186.N6. #303,-22.458692,-68.848113,2357,,,,,,,,,,,,Bone,Bone collagen,,,,,,,,3.3,-19.4,10.0,,,Bone apatite,,,,,-13.9,,,Pestle et al. (2015a),DOI: 10.1086/679594,"Upper Loa basin, Calama",Antofagasta,Precordillera
Topater,Formative,Formative,H-27,-1500.0,400,3193-1.K9. #388,-22.458692,-68.848113,2357,,,,,,,,,,,,Bone,Bone collagen,,,,,,,,3.7,-18.0,11.8,,,Bone apatite,,,,,-14.2,,,Pestle et al. (2015a),DOI: 10.1086/679594,"Upper Loa basin, Calama",Antofagasta,Precordillera
Topater,Formative,Formative,H-21,-1500.0,400,3245.H6. #304,-22.458692,-68.848113,2357,,,,,,,,,,,,Bone,Bone collagen,,,,,,,,3.3,-19.3,9.6,,,Bone apatite,,,,,-14.8,,,Pestle et al. (2015a),DOI: 10.1086/679594,"Upper Loa basin, Calama",Antofagasta,Precordillera
Topater,Formative,Formative,H-30,-1500.0,400,3246-1.0-8-C-2. #442,-22.458692,-68.848113,2357,,,,,,,,,,,,Bone,Bone collagen,,,,,,,,3.5,-18.6,10.9,,,Bone apatite,,,,,-14.4,,,Pestle et al. (2015a),DOI: 10.1086/679594,"Upper Loa basin, Calama",Antofagasta,Precordillera
Topater,Formative,Formative,H-28,-1500.0,400,3246-2.0-8-C-2. #442,-22.458692,-68.848113,2357,,,,,,,,,,,,Bone,Bone collagen,,,,,,,,3.4,-18.1,14.5,,,Bone apatite,,,,,-12.9,,,Pestle et al. (2015a),DOI: 10.1086/679594,"Upper Loa basin, Calama",Antofagasta,Precordillera
Topater,Formative,Formative,H-22,-1500.0,400,3265.K5. #302,-22.458692,-68.848113,2357,,,,,,,,,,,,Bone,Bone collagen,,,,,,,,3.5,-17.7,10.6,,,Bone apatite,,,,,-14.2,,,Pestle et al. (2015a),DOI: 10.1086/679594,"Upper Loa basin, Calama",Antofagasta,Precordillera
Topater,Formative,Formative,H-20,-1500.0,400,3271.M5. #305,-22.458692,-68.848113,2357,,,,,,,,,,,,Bone,Bone collagen,,,,,,,,3.3,-18.5,10.0,,,Bone apatite,,,,,-15.0,,,Pestle et al. (2015a),DOI: 10.1086/679594,"Upper Loa basin, Calama",Antofagasta,Precordillera
Topater,Formative,Formative,H-24,-1500.0,400,3273-1.J6. #478,-22.458692,-68.848113,2357,,,,,,,,,,,,Bone,Bone collagen,,,,,,,,3.3,-18.4,11.0,,,Bone apatite,,,,,-14.4,,,Pestle et al. (2015a),DOI: 10.1086/679594,"Upper Loa basin, Calama",Antofagasta,Precordillera
Topater,Formative,Formative,H-25,-1500.0,400,3273-2.J6. #478,-22.458692,-68.848113,2357,,,,,,,,,,,,Bone,Bone collagen,,,,,,,,3.3,-18.0,10.0,,,Bone apatite,,,,,-12.8,,,Pestle et al. (2015a),DOI: 10.1086/679594,"Upper Loa basin, Calama",Antofagasta,Precordillera
Tulán 54,Formative,Formative,R2I3 cuerpo 4,-1400.0,400,R2I3 cuerpo 4,-23.8089,-68.0676,2679,,,,,,,,und,Infant-1,0.0,0.2,Bone,Bone collagen,,,,,,,,3.2,-11.5,16.3,,,Bone apatite,,,,,-9.9,-4.0,,McRostie (2014),http://dx.doi.org/10.4067/S0717-73562014000400002,"Upper Loa basin, Calama",Antofagasta,Precordillera
Tulán 54,Formative,Formative,I5 cuerpo 8,-1400.0,400,I5 cuerpo 8,-23.8089,-68.0676,2679,,,,,,,,und,Infant-1,0.0,0.2,Bone,Bone collagen,,,,,,,,3.2,-16.1,13.0,,,Bone apatite,,,,,-12.8,-5.0,,McRostie (2014),http://dx.doi.org/10.4067/S0717-73562014000400002,"Upper Loa basin, Calama",Antofagasta,Precordillera
Tulán 54,Formative,Formative,G3 cuerpo 25,-1400.0,400,G3 cuerpo 25,-23.8089,-68.0676,2679,,,,,,,,und,Infant-1,0.0,0.2,Bone,Bone collagen,,,,,,,,3.2,-16.7,9.7,,,Bone apatite,,,,,-8.3,-1.0,,McRostie (2014),http://dx.doi.org/10.4067/S0717-73562014000400002,"Upper Loa basin, Calama",Antofagasta,Precordillera
Tulán 54,Formative,Formative,H9 cuerpo 17,-1400.0,400,H9 cuerpo 17,-23.8089,-68.0676,2679,,,,,,,,und,Infant-1,0.0,0.2,Bone,Bone collagen,,,,,,,,3.3,-9.4,11.5,,,,,,,,,,,McRostie (2014),http://dx.doi.org/10.4067/S0717-73562014000400002,"Upper Loa basin, Calama",Antofagasta,Precordillera
Tulán 58,Formative,Formative,C7 cuerpo infante,-400.0,-180,C7 cuerpo infnate,-23.8089,-68.0676,2679,,,,,,,,und,Infant,,,Bone,,,,,,,,,,,,,,Bone apatite,,,,,-10.8,-4.0,,McRostie (2014),http://dx.doi.org/10.4067/S0717-73562014000400002,"Upper Loa basin, Calama",Antofagasta,Precordillera
Tulán 58,Formative,Formative,Tumba 6,-400.0,-180,Tumba 6,-23.8089,-68.0676,2679,,,,,,,,F,Old Adult,50.0,,Bone,,,,,,,,,,,,,,Bone apatite,,,,,-10.7,-4.0,,McRostie (2014),http://dx.doi.org/10.4067/S0717-73562014000400002,"Upper Loa basin, Calama",Antofagasta,Precordillera
Tulán 58,Formative,Formative,tumba 1 ent 1,-400.0,-180,tumba 1 ent 1,-23.8089,-68.0676,2679,,,,,,,,und,und,,,Bone,Bone collagen,,,,,,,,3.3,-16.1,13.6,,,Bone apatite,,,,,-11.6,-6.0,,McRostie (2014),http://dx.doi.org/10.4067/S0717-73562014000400002,"Upper Loa basin, Calama",Antofagasta,Precordillera
Tulán 58,Formative,Formative,tumba 4,-400.0,-180,tumba 4,-23.8089,-68.0676,2679,,,,,,,,und,und,,,Bone,Bone collagen,,,,,,,,3.3,-12.0,13.7,,,,,,,,,,,McRostie (2014),http://dx.doi.org/10.4067/S0717-73562014000400002,"Upper Loa basin, Calama",Antofagasta,Precordillera
Tulán 58,Formative,Formative,C7,-400.0,-180,C7,-23.8089,-68.0676,2679,,,,,,,,und,Adult,,,Bone,,,,,,,,,,,,,,,,,,,,,,McRostie (2014),http://dx.doi.org/10.4067/S0717-73562014000400002,"Upper Loa basin, Calama",Antofagasta,Precordillera
Tulán 58,Formative,Formative,EI tumba 1,-400.0,-180,EI tumba 1,-23.8089,-68.0676,2679,,,,,,,,und,Adult,,,Bone,,,,,,,,,,,,,,,,,,,,,,McRostie (2014),http://dx.doi.org/10.4067/S0717-73562014000400002,"Upper Loa basin, Calama",Antofagasta,Precordillera
Villa Chuqui,Formative,Formative,G-37,-1500.0,400,1-3240-435. #120,-22.4545,-68.9292,2266,,,,,,,,,,,,Bone,Bone collagen,,,,,,,,3.1,-16.1,16.3,,,Bone apatite,,,,,-11.0,,,Pestle et al. (2015a),DOI: 10.1086/679594,"Upper Loa basin, Calama",Antofagasta,Precordillera
Villa Chuqui,Formative,Formative,G-42,-1500.0,400,19-3169-364. #126,-22.4545,-68.9292,2266,,,,,,,,,,,,Bone,Bone collagen,,,,,,,,3.1,-16.1,16.7,,,Bone apatite,,,,,-11.0,,,Pestle et al. (2015a),DOI: 10.1086/679594,"Upper Loa basin, Calama",Antofagasta,Precordillera
Villa Chuqui,Formative,Formative,G-35,-1500.0,400,19-s/n-507. #117,-22.4545,-68.9292,2266,,,,,,,,,,,,Bone,Bone collagen,,,,,,,,3.1,-16.6,11.7,,,Bone apatite,,,,,-9.5,,,Pestle et al. (2015a),DOI: 10.1086/679594,"Upper Loa basin, Calama",Antofagasta,Precordillera
Villa Chuqui,Formative,Formative,G-41,-1500.0,400,2-s/n-505. #125,-22.4545,-68.9292,2266,,,,,,,,,,,,Bone,Bone collagen,,,,,,,,3.1,-16.2,15.4,,,Bone apatite,,,,,-11.2,,,Pestle et al. (2015a),DOI: 10.1086/679594,"Upper Loa basin, Calama",Antofagasta,Precordillera
Villa Chuqui,Formative,Formative,G-38,-1500.0,400,24-3113-309. #121,-22.4545,-68.9292,2266,,,,,,,,,,,,Bone,Bone collagen,,,,,,,,3.1,-17.1,9.8,,,Bone apatite,,,,,-10.2,,,Pestle et al. (2015a),DOI: 10.1086/679594,"Upper Loa basin, Calama",Antofagasta,Precordillera
Villa Chuqui,Formative,Formative,G-39,-1500.0,400,28-s/n-563. #123,-22.4545,-68.9292,2266,,,,,,,,,,,,Bone,Bone collagen,,,,,,,,3.1,-16.1,17.3,,,Bone apatite,,,,,-11.9,,,Pestle et al. (2015a),DOI: 10.1086/679594,"Upper Loa basin, Calama",Antofagasta,Precordillera
Villa Chuqui,Formative,Formative,G-34,-1500.0,400,8-3220-415. #116,-22.4545,-68.9292,2266,,,,,,,,,,,,Bone,Bone collagen,,,,,,,,3.1,-16.3,16.6,,,Bone apatite,,,,,-10.9,,,Pestle et al. (2015a),DOI: 10.1086/679594,"Upper Loa basin, Calama",Antofagasta,Precordillera
Villa Chuqui,Formative,Formative,G-33,-1500.0,400,8-s/n-602. #115,-22.4545,-68.9292,2266,,,,,,,,,,,,Bone,Bone collagen,,,,,,,,3.1,-16.8,16.7,,,Bone apatite,,,,,-10.9,,,Pestle et al. (2015a),DOI: 10.1086/679594,"Upper Loa basin, Calama",Antofagasta,Precordillera
Villa Chuqui,Formative,Formative,G-40,-1500.0,400,9-3201-396. #124,-22.4545,-68.9292,2266,,,,,,,,,,,,Bone,Bone collagen,,,,,,,,3.1,-16.0,17.4,,,Bone apatite,,,,,-12.1,,,Pestle et al. (2015a),DOI: 10.1086/679594,"Upper Loa basin, Calama",Antofagasta,Precordillera
Villa Chuqui,Formative,Formative,G-31,-1500.0,400,C2-3168-363. #113,-22.4545,-68.9292,2266,,,,,,,,,,,,Bone,Bone collagen,,,,,,,,3.1,-18.0,6.8,,,Bone apatite,,,,,-7.6,,,Pestle et al. (2015a),DOI: 10.1086/679594,"Upper Loa basin, Calama",Antofagasta,Precordillera
Villa Chuqui,Formative,Formative,G-32,-1500.0,400,C29-3250-446. #114,-22.4545,-68.9292,2266,,,,,,,,,,,,Bone,Bone collagen,,,,,,,,3.1,-16.4,9.7,,,Bone apatite,,,,,-8.1,,,Pestle et al. (2015a),DOI: 10.1086/679594,"Upper Loa basin, Calama",Antofagasta,Precordillera
Villa Chuqui,Formative,Formative,G-36,-1500.0,400,s/n-3247-443. #119,-22.4545,-68.9292,2266,,,,,,,,,,,,Bone,Bone collagen,,,,,,,,3.1,-15.9,16.5,,,Bone apatite,,,,,-11.3,,,Pestle et al. (2015a),DOI: 10.1086/679594,"Upper Loa basin, Calama",Antofagasta,Precordillera
Villa Chuqui,Formative,Formative,H48,-1500.0,400,H48,-22.4545,-68.9292,2266,,,,,,,,,,,,Bone,,,,,,,,,3.2,-16.1,16.7,,,Bone apatite,,,,,-11.8,,,Pestle (2017),https://doi.org/10.1038/s41477-020-00835-4,"Upper Loa basin, Calama",Antofagasta,Precordillera
Villa Chuqui,Formative,Formative,H49,-1500.0,400,H49,-22.4545,-68.9292,2266,,,,,,,,,,,,Bone,,,,,,,,,3.2,-15.6,18.3,,,Bone apatite,,,,,-12.1,,,Pestle (2017),https://doi.org/10.1038/s41477-020-00835-4,"Upper Loa basin, Calama",Antofagasta,Precordillera
Villa Chuqui,Formative,Formative,H50,-1500.0,400,H50,-22.4545,-68.9292,2266,,,,,,,,,,,,Bone,,,,,,,,,3.2,-16.2,13.4,,,Bone apatite,,,,,-6.1,,,Pestle (2017),https://doi.org/10.1038/s41477-020-00835-4,"Upper Loa basin, Calama",Antofagasta,Precordillera
Toconao Oriente,Formative,Formative,4467,-400.0,310,4467,-23.8089,-68.0676,2679,,,,,,,,und,Adult,,,Bone,Bone collagen,,,,,,,,3.5,-16.6,12.5,,,Bone apatite,,,,,-12.2,-4.0,,McRostie (2014),http://dx.doi.org/10.4067/S0717-73562014000400002,"Upper Loa basin, Calama",Antofagasta,Precordillera
Tarapacá 40,Formative,Formative,Individual 2 B0659,-1000.0,600,Individual 2 B0659,-19.980554,-69.565488,1266,,,,,,,,F,Adult,,,Bone,Bone collagen,Fibula,Adult,,,,,,3.2,-15.2,11.4,,,Bone apatite,Fibula,Adult,,,-11.0,,,Santana-Sagredo et al. (2015b),DOI: 10.1002/ajpa.22826,Middle Tarapacá Valley,Tarapacá,Lowlands
Tarapacá 40,Formative,Formative,Individual 3 B0660,-1000.0,600,Individual 3 B0660,-19.980554,-69.565488,1266,,,,,,,,F,Adult,,,Bone,Bone collagen,Ulna,Adult,,,,,,3.5,-15.7,12.1,,,Bone apatite,Ulna,Adult,,,-13.5,,,Santana-Sagredo et al. (2015b),DOI: 10.1002/ajpa.22826,Middle Tarapacá Valley,Tarapacá,Lowlands
Tarapacá 40,Formative,Formative,Individual 5 B0667,-1000.0,600,Individual 5 B0667,-19.980554,-69.565488,1266,,,,,,,,M,Adult,,,Tooth,Dentin collagen,M3,Child-2/Adolescent-2,8.5,19.5,,,,3.3,-15.4,14.3,,,Enamel,M3,Child-2/Adolescent-1,8.5,14.0,-11.1,,,Santana-Sagredo et al. (2015b),DOI: 10.1002/ajpa.22826,Middle Tarapacá Valley,Tarapacá,Lowlands
Tarapacá 40,Formative,Formative,Individual 6 B0669,-1000.0,600,Individual 6 B0669,-19.980554,-69.565488,1266,,,,,,,,M,Adult,,,Tooth,Dentin collagen,M2,Infant-2/Adolescent-1,2.5,14.5,,,,3.4,-13.7,14.9,,,Enamel,M2,Infant-2/Child-1,2.5,8.0,-9.5,,,Santana-Sagredo et al. (2015b),DOI: 10.1002/ajpa.22826,Middle Tarapacá Valley,Tarapacá,Lowlands
Tarapacá 40,Formative,Formative,Individual 7 B0672,-1000.0,600,Individual 7 B0672,-19.980554,-69.565488,1266,,,,,,,,F,Adult,,,Tooth,Dentin collagen,M1,Infant-1/Child-2,0.4,9.0,,,,3.3,-14.6,12.9,,,Enamel,M1,Infant-1/Infant-2,0.4,3.5,-10.2,,,Santana-Sagredo et al. (2015b),DOI: 10.1002/ajpa.22826,Middle Tarapacá Valley,Tarapacá,Lowlands
Tarapacá 40,Formative,Formative,Individual 7 B0672,-1000.0,600,Individual 7 B0672,-19.980554,-69.565488,1266,,,,,,,,F,Adult,,,Bone,Bone collagen,Humerus,Adult,,,,,,3.3,-14.9,12.4,,,Bone apatite,Humerus,Adult,,,-9.3,,,Santana-Sagredo et al. (2015b),DOI: 10.1002/ajpa.22826,Middle Tarapacá Valley,Tarapacá,Lowlands
Tarapacá 40,Formative,Formative,Individual 8 B0674,-1000.0,600,Individual 8 B0674,-19.980554,-69.565488,1266,,,,,,,,M,Adult,,,Bone,Bone collagen,Fibula,Adult,,,,,,3.3,-16.4,10.7,,,Bone apatite,Fibula,Adult,,,-12.3,,,Santana-Sagredo et al. (2015b),DOI: 10.1002/ajpa.22826,Middle Tarapacá Valley,Tarapacá,Lowlands
Tarapacá 40,Formative,Formative,Individual 9 B0675,-1000.0,600,Individual 9 B0675,-19.980554,-69.565488,1266,,,,,,,,F,Adult,,,Bone,Bone collagen,Rib,Adult,,,,,,3.2,-16.0,10.9,,,Bone apatite,Rib,Adult,,,-11.3,,,Santana-Sagredo et al. (2015b),DOI: 10.1002/ajpa.22826,Middle Tarapacá Valley,Tarapacá,Lowlands
Tarapacá 40,Formative,Formative,Individual 10 B0677,-1000.0,600,Individual 10 B0677,-19.980554,-69.565488,1266,,,,,,,,F,Young Adult,26.0,30.0,Tooth,Dentin collagen,Max LPm2,Infant-2/Adolescent-1,3.5,13.0,,,,3.4,-13.1,26.3,,,Enamel,Max LPm2,Infant-2/Child-1,3.5,6.5,-9.2,,,Santana-Sagredo et al. (2015b),DOI: 10.1002/ajpa.22826,Middle Tarapacá Valley,Tarapacá,Lowlands
Tarapacá 40,Formative,Formative,Individual 10 B0677,-1000.0,600,Individual 10 B0677,-19.980554,-69.565488,1266,,,,,,,,F,Young Adult,26.0,30.0,Tooth,Dentin collagen,M3,Child-2/Adolescent-2,8.5,19.5,,,,3.3,-16.8,12.9,,,Enamel,M3,Child-2/Adolescent-1,8.5,14.0,-10.7,,,Santana-Sagredo et al. (2015b),DOI: 10.1002/ajpa.22826,Middle Tarapacá Valley,Tarapacá,Lowlands
Tarapacá 40,Formative,Formative,Individual 10 B0677,-1000.0,600,Individual 10 B0677,-19.980554,-69.565488,1266,,,,,,,,F,Young Adult,26.0,30.0,Bone,Bone collagen,Clavicle,Adult,,,,,,3.2,-16.7,11.7,,,Bone apatite,Clavicle,Adult,,,-11.7,,,Santana-Sagredo et al. (2015b),DOI: 10.1002/ajpa.22826,Middle Tarapacá Valley,Tarapacá,Lowlands
Tarapacá 40,Formative,Formative,Individual 10 B0677,-1000.0,600,Individual 10 B0677,-19.980554,-69.565488,1266,,,,,,,,F,Young Adult,26.0,30.0,Bone,Bone collagen,Fibula,Adult,,,,,,3.1,-17.7,12.6,,,Bone apatite,Fibula,Adult,,,-13.1,,,Santana-Sagredo et al. (2015b),DOI: 10.1002/ajpa.22826,Middle Tarapacá Valley,Tarapacá,Lowlands
Tarapacá 40,Formative,Formative,Individual 11 B0680,-1000.0,600,Individual 11 B0680,-19.980554,-69.565488,1266,,,,,,,,F,Adult,,,Bone,Bone collagen,Radius,Adult,,,,,,3.3,-15.7,11.7,,,Bone apatite,Radius,Adult,,,-11.4,,,Santana-Sagredo et al. (2015b),DOI: 10.1002/ajpa.22826,Middle Tarapacá Valley,Tarapacá,Lowlands
Tarapacá 40,Formative,Formative,Individual 12 B0684,-1000.0,600,Individual 12 B0684,-19.980554,-69.565488,1266,,,,,,,,F,Adult,,,Bone,Bone collagen,Radius,Adult,,,,,,3.3,-18.8,8.1,,,Bone apatite,Radius,Adult,,,-13.5,,,Santana-Sagredo et al. (2015b),DOI: 10.1002/ajpa.22826,Middle Tarapacá Valley,Tarapacá,Lowlands
Tarapacá 40,Formative,Formative,Individual 13 B0688,-1000.0,600,Individual 13 B0688,-19.980554,-69.565488,1266,,,,,,,,M,Adult,,,Bone,Bone collagen,Fibula,Adult,,,,,,3.4,-14.9,13.2,,,Bone apatite,Fibula,Adult,,,-13.3,,,Santana-Sagredo et al. (2015b),DOI: 10.1002/ajpa.22826,Middle Tarapacá Valley,Tarapacá,Lowlands
Tarapacá 40,Formative,Formative,Individual 13 B0688,-1000.0,600,Individual 13 B0688,-19.980554,-69.565488,1266,,,,,,,,M,Adult,,,Tooth,Dentin collagen,M3,Child-2/Adolescent-2,8.5,19.5,,,,3.4,-15.6,13.4,,,Enamel,M3,Child-2/Adolescent-1,8.5,14.0,-10.8,,,Santana-Sagredo et al. (2015b),DOI: 10.1002/ajpa.22826,Middle Tarapacá Valley,Tarapacá,Lowlands
Tarapacá 40,Formative,Formative,Individual 14 B0691,-1000.0,600,Individual 14 B0691,-19.980554,-69.565488,1266,,,,,,,,F,Adult,,,Bone,Bone collagen,Phalange,Adult,,,,,,3.3,-14.7,14.0,,,Bone apatite,Phalange,Adult,,,-10.3,,,Santana-Sagredo et al. (2015b),DOI: 10.1002/ajpa.22826,Middle Tarapacá Valley,Tarapacá,Lowlands
Tocopilla,,,AlNT-57,-1500.0,1400,AlNT-57,-22.08818,-70.19783,12,,,,,,,,,,,,Bone,Bone collagen,,,,,,,,,-11.9,23.4,,,Bone apatite,,,,,-8.1,,,Pestle et al. (2015b),http://dx.doi.org/10.4067/S0717-73562015005000013,"Coast of Tocopilla, Tocopilla",Antofagasta,Coast
Tocopilla,,,CT-ju,-1500.0,1401,CT-ju,-22.08818,-70.19783,12,,,,,,,,,,,,Bone,Bone collagen,,,,,,,,,-11.6,24.9,,,Bone apatite,,,,,-8.9,,,Pestle et al. (2015b),http://dx.doi.org/10.4067/S0717-73562015005000013,"Coast of Tocopilla, Tocopilla",Antofagasta,Coast
Azapa 75,Formative/Middle,Formative/Middle,Desc 1 Maxilla,-500.0,500,Desc 1 Maxilla,-18.5242323,-70.187611,280,,,,,,,,,,,,Dental calculus,,Max m1 & m2,,,,,11.7,1.6,7.3,-17.7,21.0,,,,,,,,,,,Poulson et al. (2013),https://doi.org/10.1016/j.jas.2013.07.009,"Alto de Ramirez, Lower Azapa Valley",Arica y Parinacota,Lowlands
Azapa 75,Formative/Middle,Formative/Middle,T-133 C1 Mandible,-500.0,500,T-133 C1 Mandible,-18.5242323,-70.187611,280,,,,,,,,,,,,Dental calculus,,Mand RC & RPm1,,,,,8.3,1.3,6.5,-18.8,17.8,,,,,,,,,,,Poulson et al. (2013),https://doi.org/10.1016/j.jas.2013.07.009,"Alto de Ramirez, Lower Azapa Valley",Arica y Parinacota,Lowlands
Azapa 75,Formative/Middle,Formative/Middle,T-131 Maxilla,-500.0,500,T-131 Maxilla,-18.5242323,-70.187611,280,,,,,,,,,,,,Dental calculus,,Max RM1 & LM1,,,,,11.2,1.5,7.3,-17.4,20.2,,,,,,,,,,,Poulson et al. (2013),https://doi.org/10.1016/j.jas.2013.07.009,"Alto de Ramirez, Lower Azapa Valley",Arica y Parinacota,Lowlands
Camarones 8,Late,Late,Cam8 TA1,1450.0,1540,Cam8 TA1,-19.191619,-70.260076,44,,,,,,,,F,Middle Adult,36.0,50.0,Bone,Bone collagen,,Adult,,,14.2,43.3,15.1,3.3,-12.1,24.0,,,,,,,,,,,King et al. (2018a),https://doi.org/10.1016/j.quascirev.2017.12.009,Lower Camarones Valley,Arica y Parinacota,Coast
Camarones 8,Late,Late,Cam8 TA2,1450.0,1540,Cam8 TA2,-19.191619,-70.260076,44,,,,,,,,M,Old Adult,50.0,,Bone,Bone collagen,,Adult,,,15.7,43.5,15.0,3.4,-11.9,22.7,,,,,,,,,,,King et al. (2018a),https://doi.org/10.1016/j.quascirev.2017.12.009,Lower Camarones Valley,Arica y Parinacota,Coast
Camarones 8,Late,Late,Cam8 TA4,1450.0,1540,Cam8 TA4,-19.191619,-70.260076,44,,,,,,,,M,Old Adult,50.0,,Bone,Bone collagen,,Adult,,,16.7,42.7,15.3,3.3,-11.8,22.9,,,,,,,,,,,King et al. (2018a),https://doi.org/10.1016/j.quascirev.2017.12.009,Lower Camarones Valley,Arica y Parinacota,Coast
Camarones 8,Late,Late,Cam8 TUW1,1450.0,1540,Cam8 TUW1,-19.191619,-70.260076,44,,,,,,,,M,Old Adult,50.0,,Bone,Bone collagen,,Adult,,,13.9,41.2,14.7,3.3,-11.6,21.0,,,,,,,,,,,King et al. (2018a),https://doi.org/10.1016/j.quascirev.2017.12.009,Lower Camarones Valley,Arica y Parinacota,Coast
Camarones 8,Late,Late,Cam8 T3,1450.0,1540,Cam8 T3,-19.191619,-70.260076,44,,,,,,,,F,Middle Adult,36.0,50.0,Bone,Bone collagen,,Adult,,,15.9,40.7,14.6,3.2,-12.2,25.2,,,,,,,,,,,King et al. (2018a),https://doi.org/10.1016/j.quascirev.2017.12.009,Lower Camarones Valley,Arica y Parinacota,Coast
Camarones 8,Late,Late,Cam8 T4 cuad F4,1450.0,1540,Cam8 T4 cuad F4,-19.191619,-70.260076,44,,,,,,,,M,Middle Adult,36.0,50.0,Bone,Bone collagen,,Adult,,,19.0,43.6,15.0,3.4,-11.9,25.1,,,,,,,,,,,King et al. (2018a),https://doi.org/10.1016/j.quascirev.2017.12.009,Lower Camarones Valley,Arica y Parinacota,Coast
Camarones 8,Late,Late,Cam8 T6,1450.0,1540,Cam8 T6,-19.191619,-70.260076,44,,,,,,,,F,Middle Adult,36.0,50.0,Bone,Bone collagen,,Adult,,,21.8,42.2,14.7,3.4,-12.5,23.8,,,,,,,,,,,King et al. (2018a),https://doi.org/10.1016/j.quascirev.2017.12.009,Lower Camarones Valley,Arica y Parinacota,Coast
Camarones 8,Late,Late,Cam8 T9,1450.0,1540,Cam8 T9,-19.191619,-70.260076,44,,,,,,,,F,Young Adult,21.0,35.0,Bone,Bone collagen,,Adult,,,10.5,39.7,13.7,3.4,-13.1,23.7,,,,,,,,,,,King et al. (2018a),https://doi.org/10.1016/j.quascirev.2017.12.009,Lower Camarones Valley,Arica y Parinacota,Coast
Camarones 8,Late,Late,Cam8 T15,1450.0,1540,Cam8 T15,-19.191619,-70.260076,44,,,,,,,,F,Old Adult,50.0,,Bone,Bone collagen,,Adult,,,12.8,40.6,14.4,3.3,-12.5,20.5,,,,,,,,,,,King et al. (2018a),https://doi.org/10.1016/j.quascirev.2017.12.009,Lower Camarones Valley,Arica y Parinacota,Coast
Camarones 8,Late,Late,Cam8 T19,1450.0,1540,Cam8 T19,-19.191619,-70.260076,44,,,,,,,,F,Old Adult,50.0,,Bone,Bone collagen,,Adult,,,16.3,41.3,14.5,3.3,-12.1,23.4,,,,,,,,,,,King et al. (2018a),https://doi.org/10.1016/j.quascirev.2017.12.009,Lower Camarones Valley,Arica y Parinacota,Coast
Camarones 9,Late,Late,CAM9-T39,1450.0,1532,CAM9-T39,-19.19287,-70.262631,43,,,,,,,,,,,,Hair,Hair keratin,Hair 0-1,,,,,43.2,13.6,3.7,-9.6,23.9,2.6,7.4,,,,,,,,,Mora et al. (2017),http://dx.doi.org/10.1016/j.quaint.2016.10.018,Lower Camarones Valley,Arica y Parinacota,Coast
Camarones 9,Late,Late,CAM9-T39,1450.0,1532,CAM9-T39,-19.19287,-70.262631,43,,,,,,,,,,,,Hair,Hair keratin,Hair 1-2,,,,,40.8,12.8,3.7,-9.7,23.7,2.5,6.9,,,,,,,,,Mora et al. (2017),http://dx.doi.org/10.1016/j.quaint.2016.10.018,Lower Camarones Valley,Arica y Parinacota,Coast
Camarones 9,Late,Late,CAM9-T39,1450.0,1532,CAM9-T39,-19.19287,-70.262631,43,,,,,,,,,,,,Hair,Hair keratin,Hair 2-3,,,,,42.6,13.4,3.7,-10.7,24.7,3.1,13.8,,,,,,,,,Mora et al. (2017),http://dx.doi.org/10.1016/j.quaint.2016.10.018,Lower Camarones Valley,Arica y Parinacota,Coast
Camarones 9,Late,Late,CAM9-T39,1450.0,1532,CAM9-T39,-19.19287,-70.262631,43,,,,,,,,,,,,Hair,Hair keratin,Hair 3-4,,,,,42.1,13.8,3.5,-10.7,25.5,3.2,12.0,,,,,,,,,Mora et al. (2017),http://dx.doi.org/10.1016/j.quaint.2016.10.018,Lower Camarones Valley,Arica y Parinacota,Coast
Camarones 9,Late,Late,CAM9-T39,1450.0,1532,CAM9-T39,-19.19287,-70.262631,43,,,,,,,,,,,,Hair,Hair keratin,Hair 4-5,,,,,37.5,12.2,3.6,-10.8,25.2,3.1,12.9,,,,,,,,,Mora et al. (2017),http://dx.doi.org/10.1016/j.quaint.2016.10.018,Lower Camarones Valley,Arica y Parinacota,Coast
Camarones 9,Late,Late,CAM9-T39,1450.0,1532,CAM9-T39,-19.19287,-70.262631,43,,,,,,,,,,,,Hair,Hair keratin,Hair 5-6,,,,,41.8,13.4,3.6,-10.7,25.2,3.2,13.4,,,,,,,,,Mora et al. (2017),http://dx.doi.org/10.1016/j.quaint.2016.10.018,Lower Camarones Valley,Arica y Parinacota,Coast
Camarones 9,Late,Late,CAM9-T39,1450.0,1532,CAM9-T39,-19.19287,-70.262631,43,,,,,,,,,,,,Hair,Hair keratin,Hair 6-7,,,,,41.6,13.2,3.7,-10.9,25.2,2.9,12.1,,,,,,,,,Mora et al. (2017),http://dx.doi.org/10.1016/j.quaint.2016.10.018,Lower Camarones Valley,Arica y Parinacota,Coast
Camarones 9,Late,Late,Cam9 T2,1450.0,1540,Cam9 T2,-19.19287,-70.262631,43,,,,,,,,F,Young Adult,21.0,35.0,Bone,Bone collagen,,Adult,,,12.2,41.5,14.6,3.3,-11.0,24.2,,,,,,,,,,,King et al. (2018a),https://doi.org/10.1016/j.quascirev.2017.12.009,Lower Camarones Valley,Arica y Parinacota,Coast
Camarones 9,Late,Late,Cam9 T8,1450.0,1540,Cam9 T8,-19.19287,-70.262631,43,,,,,,,,M,Middle Adult,36.0,50.0,Bone,Bone collagen,,Adult,,,18.4,44.1,15.4,3.3,-10.9,24.2,,,,,,,,,,,King et al. (2018a),https://doi.org/10.1016/j.quascirev.2017.12.009,Lower Camarones Valley,Arica y Parinacota,Coast
Camarones 9,Late,Late,Cam9 T12,1450.0,1540,Cam9 T12,-19.19287,-70.262631,43,,,,,,,,F,Middle Adult,36.0,50.0,Bone,Bone collagen,,Adult,,,19.4,43.2,15.0,3.4,-11.1,23.0,,,,,,,,,,,King et al. (2018a),https://doi.org/10.1016/j.quascirev.2017.12.009,Lower Camarones Valley,Arica y Parinacota,Coast
Camarones 9,Late,Late,Cam9 T13,1450.0,1540,Cam9 T13,-19.19287,-70.262631,43,,,,,,,,M,Old Adult,50.0,,Bone,Bone collagen,,Adult,,,12.6,43.7,15.1,3.4,-10.7,23.5,,,,,,,,,,,King et al. (2018a),https://doi.org/10.1016/j.quascirev.2017.12.009,Lower Camarones Valley,Arica y Parinacota,Coast
Camarones 9,Late,Late,Cam9 T14,1450.0,1540,Cam9 T14,-19.19287,-70.262631,43,,,,,,,,M,Young Adult,21.0,35.0,Bone,Bone collagen,,Adult,,,14.5,43.0,13.6,3.7,-11.7,24.9,,,,,,,,,,,King et al. (2018a),https://doi.org/10.1016/j.quascirev.2017.12.009,Lower Camarones Valley,Arica y Parinacota,Coast
Camarones 9,Late,Late,Cam9 T15,1450.0,1540,Cam9 T15,-19.19287,-70.262631,43,,,,,,,,und,und,,,Bone,Bone collagen,,und,,,15.5,44.2,14.7,3.5,-10.5,24.8,,,,,,,,,,,King et al. (2018a),https://doi.org/10.1016/j.quascirev.2017.12.009,Lower Camarones Valley,Arica y Parinacota,Coast
Camarones 9,Late,Late,Cam9 T16,1450.0,1540,Cam9 T16,-19.19287,-70.262631,43,,,,,,,,F,Middle Adult,36.0,50.0,Bone,Bone collagen,,Adult,,,14.5,42.4,14.9,3.3,-11.7,24.3,,,,,,,,,,,King et al. (2018a),https://doi.org/10.1016/j.quascirev.2017.12.009,Lower Camarones Valley,Arica y Parinacota,Coast
Camarones 9,Late,Late,Cam9 T19,1450.0,1540,Cam9 T19,-19.19287,-70.262631,43,,,,,,,,F,Young Adult,21.0,35.0,Bone,Bone collagen,,Adult,,,21.7,43.2,15.3,3.3,-11.0,23.8,,,,,,,,,,,King et al. (2018a),https://doi.org/10.1016/j.quascirev.2017.12.009,Lower Camarones Valley,Arica y Parinacota,Coast
Camarones 9,Late,Late,Cam9 T23,1450.0,1540,Cam9 T23,-19.19287,-70.262631,43,,,,,,,,und,Young Adult,21.0,35.0,Bone,Bone collagen,,Adult,,,17.9,43.5,15.1,3.4,-10.3,24.6,,,,,,,,,,,King et al. (2018a),https://doi.org/10.1016/j.quascirev.2017.12.009,Lower Camarones Valley,Arica y Parinacota,Coast
Camarones 9,Late,Late,Cam9 T32c2,1450.0,1540,Cam9 T32c2,-19.19287,-70.262631,43,,,,,,,,M,Young Adult,21.0,35.0,Bone,Bone collagen,,Adult,,,16.1,43.4,14.6,3.5,-11.3,24.8,,,,,,,,,,,King et al. (2018a),https://doi.org/10.1016/j.quascirev.2017.12.009,Lower Camarones Valley,Arica y Parinacota,Coast
Camarones 9,Late,Late,Cam9 T33,1450.0,1540,Cam9 T33,-19.19287,-70.262631,43,,,,,,,,M,Middle Adult,36.0,50.0,Bone,Bone collagen,,Adult,,,15.6,43.4,14.9,3.4,-10.4,24.6,,,,,,,,,,,King et al. (2018a),https://doi.org/10.1016/j.quascirev.2017.12.009,Lower Camarones Valley,Arica y Parinacota,Coast
Camarones 9,Late,Late,Cam9 T54c2,1450.0,1540,Cam9 T54c2,-19.19287,-70.262631,43,,,,,,,,F,Young Adult,21.0,35.0,Bone,Bone collagen,,Adult,,,15.8,42.8,15.0,3.3,-11.8,24.0,,,,,,,,,,,King et al. (2018a),https://doi.org/10.1016/j.quascirev.2017.12.009,Lower Camarones Valley,Arica y Parinacota,Coast
Camarones 9,Late,Late,Cam9 T57,1450.0,1540,Cam9 T57,-19.19287,-70.262631,43,,,,,,,,und,und,,,Bone,Bone collagen,,und,,,13.4,43.3,14.7,3.4,-9.9,24.6,,,,,,,,,,,King et al. (2018a),https://doi.org/10.1016/j.quascirev.2017.12.009,Lower Camarones Valley,Arica y Parinacota,Coast
Camarones 9,Late,Late,Cam9 T59,1450.0,1540,Cam9 T59,-19.19287,-70.262631,43,,,,,,,,F,und,,,Bone,Bone collagen,,und,,,16.7,42.0,15.4,3.2,-12.1,24.8,,,,,,,,,,,King et al. (2018a),https://doi.org/10.1016/j.quascirev.2017.12.009,Lower Camarones Valley,Arica y Parinacota,Coast
Camarones 9,Late,Late,Cam9 T61,1450.0,1540,Cam9 T61,-19.19287,-70.262631,43,,,,,,,,F,Middle Adult,36.0,50.0,Bone,Bone collagen,,Adult,,,20.1,41.3,14.3,3.4,-10.5,22.0,,,,,,,,,,,King et al. (2018a),https://doi.org/10.1016/j.quascirev.2017.12.009,Lower Camarones Valley,Arica y Parinacota,Coast
Camarones 9,Late,Late,Cam9 T9,1450.0,1540,Cam9 T9,-19.19287,-70.262631,43,,,,,,,,und,Infant-2,5.0,5.0,Tooth,Dentin collagen,dm1 (section 1),Fetus,,-0.2,,43.4,14.6,3.5,-8.9,26.8,,,,,,,,,,,King et al. (2018b),http://dx.doi.org/10.4067/S0717-73562018005000802,Lower Camarones Valley,Arica y Parinacota,Coast
Camarones 9,Late,Late,Cam9 T9,1450.0,1540,Cam9 T9,-19.19287,-70.262631,43,,,,,,,,und,Infant-2,5.0,5.0,Tooth,Dentin collagen,dm1 (section 2),Fetus/Infant-1,-0.2,0.2,,44.6,14.6,3.6,-8.7,26.3,,,,,,,,,,,King et al. (2018b),http://dx.doi.org/10.4067/S0717-73562018005000802,Lower Camarones Valley,Arica y Parinacota,Coast
Camarones 9,Late,Late,Cam9 T9,1450.0,1540,Cam9 T9,-19.19287,-70.262631,43,,,,,,,,und,Infant-2,5.0,5.0,Tooth,Dentin collagen,dm1 (section 3),Infant-1,0.2,0.6,,43.7,14.6,3.5,-8.8,25.5,,,,,,,,,,,King et al. (2018b),http://dx.doi.org/10.4067/S0717-73562018005000802,Lower Camarones Valley,Arica y Parinacota,Coast
Camarones 9,Late,Late,Cam9 T9,1450.0,1540,Cam9 T9,-19.19287,-70.262631,43,,,,,,,,und,Infant-2,5.0,5.0,Tooth,Dentin collagen,dm1 (section 4),Infant-1,0.6,1.0,,47.4,14.2,3.9,-10.2,24.7,,,,,,,,,,,King et al. (2018b),http://dx.doi.org/10.4067/S0717-73562018005000802,Lower Camarones Valley,Arica y Parinacota,Coast
Camarones 9,Late,Late,Cam9 T9,1450.0,1540,Cam9 T9,-19.19287,-70.262631,43,,,,,,,,und,Infant-2,5.0,5.0,Tooth,Dentin collagen,dm1 (section 5),Infant-1,1.0,1.3,,45.3,14.5,3.6,-9.6,24.0,,,,,,,,,,,King et al. (2018b),http://dx.doi.org/10.4067/S0717-73562018005000802,Lower Camarones Valley,Arica y Parinacota,Coast
Camarones 9,Late,Late,Cam9 T9,1450.0,1540,Cam9 T9,-19.19287,-70.262631,43,,,,,,,,und,Infant-2,5.0,5.0,Tooth,Dentin collagen,dm1 (section 6),Infant-2,1.3,1.7,,47.4,14.5,3.8,-10.4,23.7,,,,,,,,,,,King et al. (2018b),http://dx.doi.org/10.4067/S0717-73562018005000802,Lower Camarones Valley,Arica y Parinacota,Coast
Camarones 9,Late,Late,Cam9 T9,1450.0,1540,Cam9 T9,-19.19287,-70.262631,43,,,,,,,,und,Infant-2,5.0,5.0,Tooth,Dentin collagen,dm1 (section 7),Infant-2,1.7,2.1,,45.6,14.5,3.7,-9.9,22.9,,,,,,,,,,,King et al. (2018b),http://dx.doi.org/10.4067/S0717-73562018005000802,Lower Camarones Valley,Arica y Parinacota,Coast
Camarones 9,Late,Late,Cam9 T9,1450.0,1540,Cam9 T9,-19.19287,-70.262631,43,,,,,,,,und,Infant-2,5.0,5.0,Tooth,Dentin collagen,dm1 (section 8),Infant-2,2.1,2.5,,44.7,14.9,3.5,-8.9,23.1,,,,,,,,,,,King et al. (2018b),http://dx.doi.org/10.4067/S0717-73562018005000802,Lower Camarones Valley,Arica y Parinacota,Coast
Camarones 9,Late,Late,Cam9 T9,1450.0,1540,Cam9 T9,-19.19287,-70.262631,43,,,,,,,,und,Infant-2,5.0,5.0,Tooth,Dentin collagen,dm1 (section 9),Infant-2,2.5,2.9,,44.5,14.6,3.6,-8.5,24.1,,,,,,,,,,,King et al. (2018b),http://dx.doi.org/10.4067/S0717-73562018005000802,Lower Camarones Valley,Arica y Parinacota,Coast
Camarones 9,Late,Late,Cam9 T9,1450.0,1540,Cam9 T9,-19.19287,-70.262631,43,,,,,,,,und,Infant-2,5.0,5.0,Tooth,Dentin collagen,dm1 (section 10),Infant-2,2.9,3.3,,43.9,14.4,3.6,-8.5,24.0,,,,,,,,,,,King et al. (2018b),http://dx.doi.org/10.4067/S0717-73562018005000802,Lower Camarones Valley,Arica y Parinacota,Coast
Camarones 9,Late,Late,Cam9 T27,1450.0,1540,Cam9 T27,-19.19287,-70.262631,43,,,,,,,,und,Child-1,8.0,9.0,Tooth,Dentin collagen,dm1 (section 1),Fetus,,-0.2,,42.0,15.1,3.2,-10.7,29.8,,,,,,,,,,,King et al. (2018b),http://dx.doi.org/10.4067/S0717-73562018005000802,Lower Camarones Valley,Arica y Parinacota,Coast
Camarones 9,Late,Late,Cam9 T27,1450.0,1540,Cam9 T27,-19.19287,-70.262631,43,,,,,,,,und,Child-1,8.0,9.0,Tooth,Dentin collagen,dm1 (section 2),Fetus/Infant-1,-0.2,0.2,,39.0,14.6,3.1,-10.3,29.0,,,,,,,,,,,King et al. (2018b),http://dx.doi.org/10.4067/S0717-73562018005000802,Lower Camarones Valley,Arica y Parinacota,Coast
Camarones 9,Late,Late,Cam9 T27,1450.0,1540,Cam9 T27,-19.19287,-70.262631,43,,,,,,,,und,Child-1,8.0,9.0,Tooth,Dentin collagen,dm1 (section 3),Infant-1,0.2,0.6,,40.4,14.7,3.2,-10.3,28.6,,,,,,,,,,,King et al. (2018b),http://dx.doi.org/10.4067/S0717-73562018005000802,Lower Camarones Valley,Arica y Parinacota,Coast
Camarones 9,Late,Late,Cam9 T27,1450.0,1540,Cam9 T27,-19.19287,-70.262631,43,,,,,,,,und,Child-1,8.0,9.0,Tooth,Dentin collagen,dm1 (section 4),Infant-1,0.6,1.0,,40.0,15.0,3.1,-10.1,28.4,,,,,,,,,,,King et al. (2018b),http://dx.doi.org/10.4067/S0717-73562018005000802,Lower Camarones Valley,Arica y Parinacota,Coast
Camarones 9,Late,Late,Cam9 T27,1450.0,1540,Cam9 T27,-19.19287,-70.262631,43,,,,,,,,und,Child-1,8.0,9.0,Tooth,Dentin collagen,dm1 (section 5),Infant-2,1.0,1.4,,41.0,15.0,3.2,-10.4,27.6,,,,,,,,,,,King et al. (2018b),http://dx.doi.org/10.4067/S0717-73562018005000802,Lower Camarones Valley,Arica y Parinacota,Coast
Camarones 9,Late,Late,Cam9 T27,1450.0,1540,Cam9 T27,-19.19287,-70.262631,43,,,,,,,,und,Child-1,8.0,9.0,Tooth,Dentin collagen,dm1 (section 6),Infant-2,1.4,1.9,,42.5,15.1,3.3,-10.3,27.2,,,,,,,,,,,King et al. (2018b),http://dx.doi.org/10.4067/S0717-73562018005000802,Lower Camarones Valley,Arica y Parinacota,Coast
Camarones 9,Late,Late,Cam9 T27,1450.0,1540,Cam9 T27,-19.19287,-70.262631,43,,,,,,,,und,Child-1,8.0,9.0,Tooth,Dentin collagen,dm1 (section 7),Infant-2,1.9,2.3,,39.5,15.1,3.0,-10.5,27.1,,,,,,,,,,,King et al. (2018b),http://dx.doi.org/10.4067/S0717-73562018005000802,Lower Camarones Valley,Arica y Parinacota,Coast
Camarones 9,Late,Late,Cam9 T27,1450.0,1540,Cam9 T27,-19.19287,-70.262631,43,,,,,,,,und,Child-1,8.0,9.0,Tooth,Dentin collagen,dm1 (section 8),Infant-2,2.3,2.7,,40.2,14.8,3.2,-10.5,26.7,,,,,,,,,,,King et al. (2018b),http://dx.doi.org/10.4067/S0717-73562018005000802,Lower Camarones Valley,Arica y Parinacota,Coast
Camarones 9,Late,Late,Cam9 T27,1450.0,1540,Cam9 T27,-19.19287,-70.262631,43,,,,,,,,und,Child-1,8.0,9.0,Tooth,Dentin collagen,dm1 (section 9),Infant-2,2.7,3.1,,39.4,14.9,3.1,-10.4,26.3,,,,,,,,,,,King et al. (2018b),http://dx.doi.org/10.4067/S0717-73562018005000802,Lower Camarones Valley,Arica y Parinacota,Coast
Camarones 9,Late,Late,Cam9 T27,1450.0,1540,Cam9 T27,-19.19287,-70.262631,43,,,,,,,,und,Child-1,8.0,9.0,Tooth,Dentin collagen,dm1 (section 10),Infant-2,3.1,3.5,,39.1,14.8,3.1,-10.5,26.4,,,,,,,,,,,King et al. (2018b),http://dx.doi.org/10.4067/S0717-73562018005000802,Lower Camarones Valley,Arica y Parinacota,Coast
Camarones 9,Late,Late,Cam9 T32c1,1450.0,1540,Cam9 T32c1,-19.19287,-70.262631,43,,,,,,,,und,Infant-2,1.5,1.5,Tooth,Dentin collagen,dm1 (section 1),Fetus,,-0.2,,41.7,14.2,3.4,-11.0,28.0,,,,,,,,,,,King et al. (2018b),http://dx.doi.org/10.4067/S0717-73562018005000802,Lower Camarones Valley,Arica y Parinacota,Coast
Camarones 9,Late,Late,Cam9 T32c1,1450.0,1540,Cam9 T32c1,-19.19287,-70.262631,43,,,,,,,,und,Infant-2,1.5,1.5,Tooth,Dentin collagen,dm1 (section 2),Fetus/Infant-1,-0.2,0.1,,42.4,14.8,3.3,-10.5,28.1,,,,,,,,,,,King et al. (2018b),http://dx.doi.org/10.4067/S0717-73562018005000802,Lower Camarones Valley,Arica y Parinacota,Coast
Camarones 9,Late,Late,Cam9 T32c1,1450.0,1540,Cam9 T32c1,-19.19287,-70.262631,43,,,,,,,,und,Infant-2,1.5,1.5,Tooth,Dentin collagen,dm1 (section 3),Infant-1,0.1,0.4,,41.8,14.6,3.3,-10.2,28.5,,,,,,,,,,,King et al. (2018b),http://dx.doi.org/10.4067/S0717-73562018005000802,Lower Camarones Valley,Arica y Parinacota,Coast
Camarones 9,Late,Late,Cam9 T32c1,1450.0,1540,Cam9 T32c1,-19.19287,-70.262631,43,,,,,,,,und,Infant-2,1.5,1.5,Tooth,Dentin collagen,dm1 (section 4),Infant-1,0.4,0.7,,41.4,14.6,3.3,-10.5,28.1,,,,,,,,,,,King et al. (2018b),http://dx.doi.org/10.4067/S0717-73562018005000802,Lower Camarones Valley,Arica y Parinacota,Coast
Camarones 9,Late,Late,Cam9 T32c1,1450.0,1540,Cam9 T32c1,-19.19287,-70.262631,43,,,,,,,,und,Infant-2,1.5,1.5,Tooth,Dentin collagen,dm1 (section 5),Infant-1/Infant-2,0.7,1.1,,41.7,14.7,3.3,-10.4,28.4,,,,,,,,,,,King et al. (2018b),http://dx.doi.org/10.4067/S0717-73562018005000802,Lower Camarones Valley,Arica y Parinacota,Coast
Camarones 9,Late,Late,Cam9 T32c1,1450.0,1540,Cam9 T32c1,-19.19287,-70.262631,43,,,,,,,,und,Infant-2,1.5,1.5,Tooth,Dentin collagen,dm1 (section 6),Infant-2,1.1,1.4,,41.6,14.6,3.3,-10.5,28.2,,,,,,,,,,,King et al. (2018b),http://dx.doi.org/10.4067/S0717-73562018005000802,Lower Camarones Valley,Arica y Parinacota,Coast
Camarones 9,Late,Late,Cam9 T32c1,1450.0,1540,Cam9 T32c1,-19.19287,-70.262631,43,,,,,,,,und,Infant-2,1.5,1.5,Tooth,Dentin collagen,dm1 (section 7),Infant-2,1.4,1.7,,42.0,14.6,3.3,-10.5,28.5,,,,,,,,,,,King et al. (2018b),http://dx.doi.org/10.4067/S0717-73562018005000802,Lower Camarones Valley,Arica y Parinacota,Coast
Camarones 9,Late,Late,Cam9 T32c1,1450.0,1540,Cam9 T32c1,-19.19287,-70.262631,43,,,,,,,,und,Infant-2,1.5,1.5,Tooth,Dentin collagen,dm1 (section 8),Infant-2,1.7,2.0,,42.4,14.5,3.4,-11.0,28.3,,,,,,,,,,,King et al. (2018b),http://dx.doi.org/10.4067/S0717-73562018005000802,Lower Camarones Valley,Arica y Parinacota,Coast
Camarones 9,Late,Late,Cam9 T53,1450.0,1540,Cam9 T53,-19.19287,-70.262631,43,,,,,,,,und,Infant-2,3.0,4.0,Tooth,Dentin collagen,dm1 (section 1),Fetus,,-0.2,,41.6,15.0,3.2,-11.1,27.9,,,,,,,,,,,King et al. (2018b),http://dx.doi.org/10.4067/S0717-73562018005000802,Lower Camarones Valley,Arica y Parinacota,Coast
Camarones 9,Late,Late,Cam9 T53,1450.0,1540,Cam9 T53,-19.19287,-70.262631,43,,,,,,,,und,Infant-2,3.0,4.0,Tooth,Dentin collagen,dm1 (section 2),Fetus/Infant-1,-0.2,0.1,,41.5,14.9,3.2,-11.4,28.1,,,,,,,,,,,King et al. (2018b),http://dx.doi.org/10.4067/S0717-73562018005000802,Lower Camarones Valley,Arica y Parinacota,Coast
Camarones 9,Late,Late,Cam9 T53,1450.0,1540,Cam9 T53,-19.19287,-70.262631,43,,,,,,,,und,Infant-2,3.0,4.0,Tooth,Dentin collagen,dm1 (section 3),Infant-1,0.1,0.4,,41.8,15.0,3.2,-10.9,28.9,,,,,,,,,,,King et al. (2018b),http://dx.doi.org/10.4067/S0717-73562018005000802,Lower Camarones Valley,Arica y Parinacota,Coast
Camarones 9,Late,Late,Cam9 T53,1450.0,1540,Cam9 T53,-19.19287,-70.262631,43,,,,,,,,und,Infant-2,3.0,4.0,Tooth,Dentin collagen,dm1 (section 4),Infant-1,0.4,0.7,,40.2,14.4,3.2,-10.3,29.1,,,,,,,,,,,King et al. (2018b),http://dx.doi.org/10.4067/S0717-73562018005000802,Lower Camarones Valley,Arica y Parinacota,Coast
Camarones 9,Late,Late,Cam9 T53,1450.0,1540,Cam9 T53,-19.19287,-70.262631,43,,,,,,,,und,Infant-2,3.0,4.0,Tooth,Dentin collagen,dm1 (section 5),Infant-1,0.7,1.0,,37.4,13.5,3.2,-10.2,28.2,,,,,,,,,,,King et al. (2018b),http://dx.doi.org/10.4067/S0717-73562018005000802,Lower Camarones Valley,Arica y Parinacota,Coast
Camarones 9,Late,Late,Cam9 T53,1450.0,1540,Cam9 T53,-19.19287,-70.262631,43,,,,,,,,und,Infant-2,3.0,4.0,Tooth,Dentin collagen,dm1 (section 6),Infant-2,1.0,1.3,,41.8,15.1,3.2,-10.2,28.4,,,,,,,,,,,King et al. (2018b),http://dx.doi.org/10.4067/S0717-73562018005000802,Lower Camarones Valley,Arica y Parinacota,Coast
Camarones 9,Late,Late,Cam9 T53,1450.0,1540,Cam9 T53,-19.19287,-70.262631,43,,,,,,,,und,Infant-2,3.0,4.0,Tooth,Dentin collagen,dm1 (section 7),Infant-2,1.3,1.7,,20.3,7.3,3.3,-10.5,27.5,,,,,,,,,,,King et al. (2018b),http://dx.doi.org/10.4067/S0717-73562018005000802,Lower Camarones Valley,Arica y Parinacota,Coast
Camarones 9,Late,Late,Cam9 T53,1450.0,1540,Cam9 T53,-19.19287,-70.262631,43,,,,,,,,und,Infant-2,3.0,4.0,Tooth,Dentin collagen,dm1 (section 8),Infant-2,1.7,2.0,,39.4,14.2,3.2,-10.3,27.6,,,,,,,,,,,King et al. (2018b),http://dx.doi.org/10.4067/S0717-73562018005000802,Lower Camarones Valley,Arica y Parinacota,Coast
Camarones 9,Late,Late,Cam9 T53,1450.0,1540,Cam9 T53,-19.19287,-70.262631,43,,,,,,,,und,Infant-2,3.0,4.0,Tooth,Dentin collagen,dm1 (section 9),Infant-2,2.0,2.3,,41.9,15.2,3.2,-10.2,27.2,,,,,,,,,,,King et al. (2018b),http://dx.doi.org/10.4067/S0717-73562018005000802,Lower Camarones Valley,Arica y Parinacota,Coast
Camarones 9,Late,Late,Cam9 T53,1450.0,1540,Cam9 T53,-19.19287,-70.262631,43,,,,,,,,und,Infant-2,3.0,4.0,Tooth,Dentin collagen,dm1 (section 10),Infant-2,2.3,2.6,,38.6,15.1,3.0,-10.0,26.6,,,,,,,,,,,King et al. (2018b),http://dx.doi.org/10.4067/S0717-73562018005000802,Lower Camarones Valley,Arica y Parinacota,Coast
Camarones 9,Late,Late,Cam9 T53,1450.0,1540,Cam9 T53,-19.19287,-70.262631,43,,,,,,,,und,Infant-2,3.0,4.0,Tooth,Dentin collagen,dm1 (section 11),Infant-2,2.6,2.9,,42.0,15.1,3.2,-10.0,26.3,,,,,,,,,,,King et al. (2018b),http://dx.doi.org/10.4067/S0717-73562018005000802,Lower Camarones Valley,Arica y Parinacota,Coast
Camarones 9,Late,Late,Cam9 T53,1450.0,1540,Cam9 T53,-19.19287,-70.262631,43,,,,,,,,und,Infant-2,3.0,4.0,Tooth,Dentin collagen,dm1 (section 12),Infant-2,2.9,3.2,,37.9,13.6,3.3,-10.1,26.2,,,,,,,,,,,King et al. (2018b),http://dx.doi.org/10.4067/S0717-73562018005000802,Lower Camarones Valley,Arica y Parinacota,Coast
Camarones 9,Late,Late,Cam9 T54c1,1450.0,1540,Cam9 T54c1,-19.19287,-70.262631,43,,,,,,,,und,Infant-2,4.0,4.0,Tooth,Dentin collagen,dm1 (section 1),Fetus,,-0.2,,38.0,13.7,3.2,-9.9,28.4,,,,,,,,,,,King et al. (2018b),http://dx.doi.org/10.4067/S0717-73562018005000802,Lower Camarones Valley,Arica y Parinacota,Coast
Camarones 9,Late,Late,Cam9 T54c1,1450.0,1540,Cam9 T54c1,-19.19287,-70.262631,43,,,,,,,,und,Infant-2,4.0,4.0,Tooth,Dentin collagen,dm1 (section 2),Fetus/Infant-1,-0.2,0.1,,40.8,14.7,3.2,-9.5,29.3,,,,,,,,,,,King et al. (2018b),http://dx.doi.org/10.4067/S0717-73562018005000802,Lower Camarones Valley,Arica y Parinacota,Coast
Camarones 9,Late,Late,Cam9 T54c1,1450.0,1540,Cam9 T54c1,-19.19287,-70.262631,43,,,,,,,,und,Infant-2,4.0,4.0,Tooth,Dentin collagen,dm1 (section 3),Infant-1,0.1,0.4,,41.7,15.0,3.2,-9.3,29.5,,,,,,,,,,,King et al. (2018b),http://dx.doi.org/10.4067/S0717-73562018005000802,Lower Camarones Valley,Arica y Parinacota,Coast
Camarones 9,Late,Late,Cam9 T54c1,1450.0,1540,Cam9 T54c1,-19.19287,-70.262631,43,,,,,,,,und,Infant-2,4.0,4.0,Tooth,Dentin collagen,dm1 (section 4),Infant-1,0.4,0.7,,41.0,14.8,3.2,-9.2,28.2,,,,,,,,,,,King et al. (2018b),http://dx.doi.org/10.4067/S0717-73562018005000802,Lower Camarones Valley,Arica y Parinacota,Coast
Camarones 9,Late,Late,Cam9 T54c1,1450.0,1540,Cam9 T54c1,-19.19287,-70.262631,43,,,,,,,,und,Infant-2,4.0,4.0,Tooth,Dentin collagen,dm1 (section 5),Infant-1,0.7,0.9,,41.2,14.8,3.2,-9.1,28.2,,,,,,,,,,,King et al. (2018b),http://dx.doi.org/10.4067/S0717-73562018005000802,Lower Camarones Valley,Arica y Parinacota,Coast
Camarones 9,Late,Late,Cam9 T54c1,1450.0,1540,Cam9 T54c1,-19.19287,-70.262631,43,,,,,,,,und,Infant-2,4.0,4.0,Tooth,Dentin collagen,dm1 (section 6),Infant-1/Infant-2,0.9,1.2,,41.7,15.1,3.2,-9.1,27.5,,,,,,,,,,,King et al. (2018b),http://dx.doi.org/10.4067/S0717-73562018005000802,Lower Camarones Valley,Arica y Parinacota,Coast
Camarones 9,Late,Late,Cam9 T54c1,1450.0,1540,Cam9 T54c1,-19.19287,-70.262631,43,,,,,,,,und,Infant-2,4.0,4.0,Tooth,Dentin collagen,dm1 (section 7),Infant-2,1.2,1.5,,41.5,14.9,3.3,-9.1,26.9,,,,,,,,,,,King et al. (2018b),http://dx.doi.org/10.4067/S0717-73562018005000802,Lower Camarones Valley,Arica y Parinacota,Coast
Camarones 9,Late,Late,Cam9 T54c1,1450.0,1540,Cam9 T54c1,-19.19287,-70.262631,43,,,,,,,,und,Infant-2,4.0,4.0,Tooth,Dentin collagen,dm1 (section 8),Infant-2,1.5,1.8,,41.8,14.9,3.3,-9.4,26.6,,,,,,,,,,,King et al. (2018b),http://dx.doi.org/10.4067/S0717-73562018005000802,Lower Camarones Valley,Arica y Parinacota,Coast
Camarones 9,Late,Late,Cam9 T54c1,1450.0,1540,Cam9 T54c1,-19.19287,-70.262631,43,,,,,,,,und,Infant-2,4.0,4.0,Tooth,Dentin collagen,dm1 (section 9),Infant-2,1.8,2.1,,41.7,14.9,3.3,-9.6,26.1,,,,,,,,,,,King et al. (2018b),http://dx.doi.org/10.4067/S0717-73562018005000802,Lower Camarones Valley,Arica y Parinacota,Coast
Camarones 9,Late,Late,Cam9 T54c1,1450.0,1540,Cam9 T54c1,-19.19287,-70.262631,43,,,,,,,,und,Infant-2,4.0,4.0,Tooth,Dentin collagen,dm1 (section 10),Infant-2,2.1,2.4,,41.5,14.8,3.3,-9.9,26.2,,,,,,,,,,,King et al. (2018b),http://dx.doi.org/10.4067/S0717-73562018005000802,Lower Camarones Valley,Arica y Parinacota,Coast
Camarones 9,Late,Late,Cam9 T54c1,1450.0,1540,Cam9 T54c1,-19.19287,-70.262631,43,,,,,,,,und,Infant-2,4.0,4.0,Tooth,Dentin collagen,dm1 (section 11),Infant-2,2.4,2.6,,41.5,14.8,3.3,-9.8,25.2,,,,,,,,,,,King et al. (2018b),http://dx.doi.org/10.4067/S0717-73562018005000802,Lower Camarones Valley,Arica y Parinacota,Coast
Camarones 9,Late,Late,Cam9 T54c1,1450.0,1540,Cam9 T54c1,-19.19287,-70.262631,43,,,,,,,,und,Infant-2,4.0,4.0,Tooth,Dentin collagen,dm1 (section 12),Infant-2,2.6,2.9,,41.6,14.9,3.3,-9.9,25.0,,,,,,,,,,,King et al. (2018b),http://dx.doi.org/10.4067/S0717-73562018005000802,Lower Camarones Valley,Arica y Parinacota,Coast
Camarones 9,Late,Late,Cam9 T54c1,1450.0,1540,Cam9 T54c1,-19.19287,-70.262631,43,,,,,,,,und,Infant-2,4.0,4.0,Tooth,Dentin collagen,dm1 (section 13),Infant-2,2.9,3.2,,41.5,14.6,3.3,-10.2,25.6,,,,,,,,,,,King et al. (2018b),http://dx.doi.org/10.4067/S0717-73562018005000802,Lower Camarones Valley,Arica y Parinacota,Coast
Camarones 9,Late,Late,Cam9 T54c1,1450.0,1540,Cam9 T54c1,-19.19287,-70.262631,43,,,,,,,,und,Infant-2,4.0,4.0,Tooth,Dentin collagen,dm1 (section 14),Infant-2,3.2,3.5,,42.4,14.8,3.3,-10.4,25.7,,,,,,,,,,,King et al. (2018b),http://dx.doi.org/10.4067/S0717-73562018005000802,Lower Camarones Valley,Arica y Parinacota,Coast
Camarones 9,Late,Late,CAM9-T2,1420.0,1450,CAM9-T2,-19.19287,-70.262631,43,,,,,,,,F,Young Adult,25.0,30.0,Hair,Hair keratin,Hair 0-1,Young Adult,25.0,30.0,,45.2,14.1,3.7,-11.7,25.5,18.2,4.0,,,,,,,,,Mora et al. (2022),https://doi.org/10.1016/j.jaa.2022.101435,Lower Camarones Valley,Arica y Parinacota,Coast
Camarones 9,Late,Late,CAM9-T2,1420.0,1450,CAM9-T2,-19.19287,-70.262631,43,,,,,,,,F,Young Adult,25.0,30.0,Hair,Hair keratin,Hair 1-2,Young Adult,25.0,30.0,,46.3,14.6,3.7,-11.4,25.3,18.6,3.8,,,,,,,,,Mora et al. (2022),https://doi.org/10.1016/j.jaa.2022.101435,Lower Camarones Valley,Arica y Parinacota,Coast
Camarones 9,Late,Late,CAM9-T2,1420.0,1450,CAM9-T2,-19.19287,-70.262631,43,,,,,,,,F,Young Adult,25.0,30.0,Hair,Hair keratin,Hair 2-3,Young Adult,25.0,30.0,,44.0,14.1,3.6,-11.4,25.2,18.0,4.1,,,,,,,,,Mora et al. (2022),https://doi.org/10.1016/j.jaa.2022.101435,Lower Camarones Valley,Arica y Parinacota,Coast
Camarones 9,Late,Late,CAM9-T2,1420.0,1450,CAM9-T2,-19.19287,-70.262631,43,,,,,,,,F,Young Adult,25.0,30.0,Hair,Hair keratin,Hair 3-4,Young Adult,25.0,30.0,,42.8,13.8,3.6,-11.3,25.6,18.8,3.9,,,,,,,,,Mora et al. (2022),https://doi.org/10.1016/j.jaa.2022.101435,Lower Camarones Valley,Arica y Parinacota,Coast
Camarones 9,Late,Late,CAM9-T4,1420.0,1450,CAM9-T4,-19.19287,-70.262631,43,,,,,,,,M,Infant-2,2.0,3.0,Hair,Hair keratin,Hair 0-1,Infant-2,2.0,3.0,,44.1,13.9,3.7,-10.0,23.6,16.4,3.5,,,,,,,,,Mora et al. (2022),https://doi.org/10.1016/j.jaa.2022.101435,Lower Camarones Valley,Arica y Parinacota,Coast
Camarones 9,Late,Late,CAM9-T4,1420.0,1450,CAM9-T4,-19.19287,-70.262631,43,,,,,,,,M,Infant-2,2.0,3.0,Hair,Hair keratin,Hair 1-2,Infant-2,2.0,3.0,,42.7,13.7,3.6,-10.1,22.9,16.8,4.0,,,,,,,,,Mora et al. (2022),https://doi.org/10.1016/j.jaa.2022.101435,Lower Camarones Valley,Arica y Parinacota,Coast
Camarones 9,Late,Late,CAM9-T4,1420.0,1450,CAM9-T4,-19.19287,-70.262631,43,,,,,,,,M,Infant-2,2.0,3.0,Hair,Hair keratin,Hair 2-3,Infant-2,2.0,3.0,,43.3,13.9,3.6,-10.2,22.6,15.7,3.8,,,,,,,,,Mora et al. (2022),https://doi.org/10.1016/j.jaa.2022.101435,Lower Camarones Valley,Arica y Parinacota,Coast
Camarones 9,Late,Late,CAM9-T4,1420.0,1450,CAM9-T4,-19.19287,-70.262631,43,,,,,,,,M,Infant-2,2.0,3.0,Hair,Hair keratin,Hair 3-4,Infant-2,2.0,3.0,,43.1,13.9,3.6,-10.0,22.7,15.0,3.5,,,,,,,,,Mora et al. (2022),https://doi.org/10.1016/j.jaa.2022.101435,Lower Camarones Valley,Arica y Parinacota,Coast
Camarones 9,Late,Late,CAM9-T14,1420.0,1450,CAM9-T14,-19.19287,-70.262631,43,,,,,,,,M,Young Adult,20.0,25.0,Hair,Hair keratin,Hair 0-1,Young Adult,20.0,25.0,,41.9,13.6,3.6,-11.7,24.6,17.3,3.9,,,,,,,,,Mora et al. (2022),https://doi.org/10.1016/j.jaa.2022.101435,Lower Camarones Valley,Arica y Parinacota,Coast
Camarones 9,Late,Late,CAM9-T14,1420.0,1450,CAM9-T14,-19.19287,-70.262631,43,,,,,,,,M,Young Adult,20.0,25.0,Hair,Hair keratin,Hair 1-2,Young Adult,20.0,25.0,,41.4,13.4,3.6,-11.4,24.8,17.9,4.0,,,,,,,,,Mora et al. (2022),https://doi.org/10.1016/j.jaa.2022.101435,Lower Camarones Valley,Arica y Parinacota,Coast
Camarones 9,Late,Late,CAM9-T14,1420.0,1450,CAM9-T14,-19.19287,-70.262631,43,,,,,,,,M,Young Adult,20.0,25.0,Hair,Hair keratin,Hair 2-3,Young Adult,20.0,25.0,,41.5,13.6,3.5,-11.9,24.5,18.1,3.8,,,,,,,,,Mora et al. (2022),https://doi.org/10.1016/j.jaa.2022.101435,Lower Camarones Valley,Arica y Parinacota,Coast
Camarones 9,Late,Late,CAM9-T14,1420.0,1450,CAM9-T14,-19.19287,-70.262631,43,,,,,,,,M,Young Adult,20.0,25.0,Hair,Hair keratin,Hair 3-4,Young Adult,20.0,25.0,,46.3,15.1,3.6,-11.2,24.4,18.4,3.9,,,,,,,,,Mora et al. (2022),https://doi.org/10.1016/j.jaa.2022.101435,Lower Camarones Valley,Arica y Parinacota,Coast
Camarones 9,Late,Late,CAM9-T23,1420.0,1450,CAM9-T23,-19.19287,-70.262631,43,,,,,,,,M,Adolescent-2,14.0,16.0,Hair,Hair keratin,Hair 0-1,Adolescent-2,14.0,16.0,,42.6,14.2,3.5,-11.8,23.3,17.3,4.2,,,,,,,,,Mora et al. (2022),https://doi.org/10.1016/j.jaa.2022.101435,Lower Camarones Valley,Arica y Parinacota,Coast
Camarones 9,Late,Late,CAM9-T23,1420.0,1450,CAM9-T23,-19.19287,-70.262631,43,,,,,,,,M,Adolescent-2,14.0,16.0,Hair,Hair keratin,Hair 1-2,Adolescent-2,14.0,16.0,,42.9,14.2,3.5,-11.7,23.3,19.0,4.1,,,,,,,,,Mora et al. (2022),https://doi.org/10.1016/j.jaa.2022.101435,Lower Camarones Valley,Arica y Parinacota,Coast
Camarones 9,Late,Late,CAM9-T23,1420.0,1450,CAM9-T23,-19.19287,-70.262631,43,,,,,,,,M,Adolescent-2,14.0,16.0,Hair,Hair keratin,Hair 2-3,Adolescent-2,14.0,16.0,,42.9,14.1,3.5,-11.6,23.3,19.0,4.0,,,,,,,,,Mora et al. (2022),https://doi.org/10.1016/j.jaa.2022.101435,Lower Camarones Valley,Arica y Parinacota,Coast
Camarones 9,Late,Late,CAM9-T23,1420.0,1450,CAM9-T23,-19.19287,-70.262631,43,,,,,,,,M,Adolescent-2,14.0,16.0,Hair,Hair keratin,Hair 3-4,Adolescent-2,14.0,16.0,,41.6,13.6,3.6,-11.9,23.4,19.1,4.0,,,,,,,,,Mora et al. (2022),https://doi.org/10.1016/j.jaa.2022.101435,Lower Camarones Valley,Arica y Parinacota,Coast
Camarones 9,Late,Late,CAM9-T23,1420.0,1450,CAM9-T23,-19.19287,-70.262631,43,,,,,,,,M,Adolescent-2,14.0,16.0,Hair,Hair keratin,Hair 4-5,Adolescent-2,14.0,16.0,,42.3,13.8,3.6,-11.5,23.4,18.0,3.6,,,,,,,,,Mora et al. (2022),https://doi.org/10.1016/j.jaa.2022.101435,Lower Camarones Valley,Arica y Parinacota,Coast
Camarones 9,Late,Late,CAM9-T27,1420.0,1450,CAM9-T27,-19.19287,-70.262631,43,,,,,,,,F,Child-2,8.0,10.0,Hair,Hair keratin,Hair 0-1,Child-2,8.0,10.0,,43.9,14.3,3.6,-13.3,24.4,18.5,5.1,,,,,,,,,Mora et al. (2022),https://doi.org/10.1016/j.jaa.2022.101435,Lower Camarones Valley,Arica y Parinacota,Coast
Camarones 9,Late,Late,CAM9-T27,1420.0,1450,CAM9-T27,-19.19287,-70.262631,43,,,,,,,,F,Child-2,8.0,10.0,Hair,Hair keratin,Hair 1-2,Child-2,8.0,10.0,,44.0,14.6,3.5,-13.2,24.3,18.4,5.4,,,,,,,,,Mora et al. (2022),https://doi.org/10.1016/j.jaa.2022.101435,Lower Camarones Valley,Arica y Parinacota,Coast
Camarones 9,Late,Late,CAM9-T27,1420.0,1450,CAM9-T27,-19.19287,-70.262631,43,,,,,,,,F,Child-2,8.0,10.0,Hair,Hair keratin,Hair 2-3,Child-2,8.0,10.0,,43.3,14.4,3.5,-12.0,24.2,17.8,5.6,,,,,,,,,Mora et al. (2022),https://doi.org/10.1016/j.jaa.2022.101435,Lower Camarones Valley,Arica y Parinacota,Coast
Camarones 9,Late,Late,CAM9-T27,1420.0,1450,CAM9-T27,-19.19287,-70.262631,43,,,,,,,,F,Child-2,8.0,10.0,Hair,Hair keratin,Hair 3-4,Child-2,8.0,10.0,,43.0,14.4,3.5,-11.9,24.0,18.4,5.0,,,,,,,,,Mora et al. (2022),https://doi.org/10.1016/j.jaa.2022.101435,Lower Camarones Valley,Arica y Parinacota,Coast
Camarones 9,Late,Late,CAM9-T27,1420.0,1450,CAM9-T27,-19.19287,-70.262631,43,,,,,,,,F,Child-2,8.0,10.0,Hair,Hair keratin,Hair 4-5,Child-2,8.0,10.0,,43.2,14.5,3.5,-11.4,24.1,18.8,4.8,,,,,,,,,Mora et al. (2022),https://doi.org/10.1016/j.jaa.2022.101435,Lower Camarones Valley,Arica y Parinacota,Coast
Camarones 9,Late,Late,CAM9-T33,1420.0,1450,CAM9-T33,-19.19287,-70.262631,43,,,,,,,,M,Middle Adult,40.0,45.0,Hair,Hair keratin,Hair 0-1,Middle Adult,40.0,45.0,,43.9,13.8,3.7,-11.2,25.3,15.0,4.8,,,,,,,,,Mora et al. (2022),https://doi.org/10.1016/j.jaa.2022.101435,Lower Camarones Valley,Arica y Parinacota,Coast
Camarones 9,Late,Late,CAM9-T33,1420.0,1450,CAM9-T33,-19.19287,-70.262631,43,,,,,,,,M,Middle Adult,40.0,45.0,Hair,Hair keratin,Hair 1-2,Middle Adult,40.0,45.0,,43.2,13.5,3.7,-11.4,25.2,17.0,4.5,,,,,,,,,Mora et al. (2022),https://doi.org/10.1016/j.jaa.2022.101435,Lower Camarones Valley,Arica y Parinacota,Coast
Camarones 9,Late,Late,CAM9-T33,1420.0,1450,CAM9-T33,-19.19287,-70.262631,43,,,,,,,,M,Middle Adult,40.0,45.0,Hair,Hair keratin,Hair 2-3,Middle Adult,40.0,45.0,,43.2,13.7,3.7,-11.8,25.5,17.0,4.7,,,,,,,,,Mora et al. (2022),https://doi.org/10.1016/j.jaa.2022.101435,Lower Camarones Valley,Arica y Parinacota,Coast
Camarones 9,Late,Late,CAM9-T33,1420.0,1450,CAM9-T33,-19.19287,-70.262631,43,,,,,,,,M,Middle Adult,40.0,45.0,Hair,Hair keratin,Hair 3-4,Middle Adult,40.0,45.0,,41.5,13.0,3.7,-12.3,25.2,17.9,4.4,,,,,,,,,Mora et al. (2022),https://doi.org/10.1016/j.jaa.2022.101435,Lower Camarones Valley,Arica y Parinacota,Coast
Camarones 9,Late,Late,CAM9-T33,1420.0,1450,CAM9-T33,-19.19287,-70.262631,43,,,,,,,,M,Middle Adult,40.0,45.0,Hair,Hair keratin,Hair 4-5,Middle Adult,40.0,45.0,,42.8,13.3,3.7,-12.0,24.8,18.0,4.5,,,,,,,,,Mora et al. (2022),https://doi.org/10.1016/j.jaa.2022.101435,Lower Camarones Valley,Arica y Parinacota,Coast
Camarones 9,Late,Late,CAM9-T37,1420.0,1450,CAM9-T37,-19.19287,-70.262631,43,,,,,,,,M,Middle Adult,35.0,40.0,Hair,Hair keratin,Hair 0-1,Middle Adult,35.0,40.0,,44.2,13.9,3.7,-11.9,24.1,20.1,4.3,,,,,,,,,Mora et al. (2022),https://doi.org/10.1016/j.jaa.2022.101435,Lower Camarones Valley,Arica y Parinacota,Coast
Camarones 9,Late,Late,CAM9-T37,1420.0,1450,CAM9-T37,-19.19287,-70.262631,43,,,,,,,,M,Middle Adult,35.0,40.0,Hair,Hair keratin,Hair 1-2,Middle Adult,35.0,40.0,,46.0,14.7,3.7,-11.8,24.9,21.3,3.7,,,,,,,,,Mora et al. (2022),https://doi.org/10.1016/j.jaa.2022.101435,Lower Camarones Valley,Arica y Parinacota,Coast
Camarones 9,Late,Late,CAM9-T37,1420.0,1450,CAM9-T37,-19.19287,-70.262631,43,,,,,,,,M,Middle Adult,35.0,40.0,Hair,Hair keratin,Hair 2-3,Middle Adult,35.0,40.0,,42.7,13.2,3.8,-12.0,24.9,20.9,3.9,,,,,,,,,Mora et al. (2022),https://doi.org/10.1016/j.jaa.2022.101435,Lower Camarones Valley,Arica y Parinacota,Coast
Camarones 9,Late,Late,CAM9-T37,1420.0,1450,CAM9-T37,-19.19287,-70.262631,43,,,,,,,,M,Middle Adult,35.0,40.0,Hair,Hair keratin,Hair 3-4,Middle Adult,35.0,40.0,,43.8,13.7,3.7,-12.3,24.7,20.8,3.9,,,,,,,,,Mora et al. (2022),https://doi.org/10.1016/j.jaa.2022.101435,Lower Camarones Valley,Arica y Parinacota,Coast
Camarones 9,Late,Late,CAM9-T37,1420.0,1450,CAM9-T37,-19.19287,-70.262631,43,,,,,,,,M,Middle Adult,35.0,40.0,Hair,Hair keratin,Hair 4-5,Middle Adult,35.0,40.0,,43.2,13.5,3.7,-12.1,24.6,21.8,3.7,,,,,,,,,Mora et al. (2022),https://doi.org/10.1016/j.jaa.2022.101435,Lower Camarones Valley,Arica y Parinacota,Coast
Camarones 9,Late,Late,CAM9-T42,1420.0,1450,CAM9-T42,-19.19287,-70.262631,43,,,,,,,,und,Infant-2,,,Hair,Hair keratin,Hair 0-1,Infant-2,,,,43.4,14.5,3.5,-11.9,24.7,19.5,4.7,,,,,,,,,Mora et al. (2022),https://doi.org/10.1016/j.jaa.2022.101435,Lower Camarones Valley,Arica y Parinacota,Coast
Camarones 9,Late,Late,CAM9-T42,1420.0,1450,CAM9-T42,-19.19287,-70.262631,43,,,,,,,,und,Infant-2,,,Hair,Hair keratin,Hair 1-2,Infant-2,,,,43.3,14.4,3.5,-11.9,24.7,20.2,4.5,,,,,,,,,Mora et al. (2022),https://doi.org/10.1016/j.jaa.2022.101435,Lower Camarones Valley,Arica y Parinacota,Coast
Camarones 9,Late,Late,CAM9-T42,1420.0,1450,CAM9-T42,-19.19287,-70.262631,43,,,,,,,,und,Infant-2,,,Hair,Hair keratin,Hair 2-3,Infant-2,,,,42.6,14.1,3.5,-12.2,24.8,20.4,4.3,,,,,,,,,Mora et al. (2022),https://doi.org/10.1016/j.jaa.2022.101435,Lower Camarones Valley,Arica y Parinacota,Coast
Camarones 9,Late,Late,CAM9-T42,1420.0,1450,CAM9-T42,-19.19287,-70.262631,43,,,,,,,,und,Infant-2,,,Hair,Hair keratin,Hair 3-4,Infant-2,,,,43.5,14.6,3.5,-11.9,24.5,20.7,4.4,,,,,,,,,Mora et al. (2022),https://doi.org/10.1016/j.jaa.2022.101435,Lower Camarones Valley,Arica y Parinacota,Coast
Camarones 9,Late,Late,CAM9-T42,1420.0,1450,CAM9-T42,-19.19287,-70.262631,43,,,,,,,,und,Infant-2,,,Hair,Hair keratin,Hair 4-5,Infant-2,,,,43.1,14.4,3.5,-11.9,24.6,20.4,4.4,,,,,,,,,Mora et al. (2022),https://doi.org/10.1016/j.jaa.2022.101435,Lower Camarones Valley,Arica y Parinacota,Coast
Camarones 9,Late,Late,CAM9-T45,1420.0,1450,CAM9-T45,-19.19287,-70.262631,43,,,,,,,,M,Middle Adult,40.0,45.0,Hair,Hair keratin,Hair 0-1,Middle Adult,40.0,45.0,,43.7,14.2,3.6,-11.9,23.1,20.5,4.3,,,,,,,,,Mora et al. (2022),https://doi.org/10.1016/j.jaa.2022.101435,Lower Camarones Valley,Arica y Parinacota,Coast
Camarones 9,Late,Late,CAM9-T45,1420.0,1450,CAM9-T45,-19.19287,-70.262631,43,,,,,,,,M,Middle Adult,40.0,45.0,Hair,Hair keratin,Hair 1-2,Middle Adult,40.0,45.0,,43.1,14.1,3.6,-11.8,23.0,19.8,4.7,,,,,,,,,Mora et al. (2022),https://doi.org/10.1016/j.jaa.2022.101435,Lower Camarones Valley,Arica y Parinacota,Coast
Camarones 9,Late,Late,CAM9-T45,1420.0,1450,CAM9-T45,-19.19287,-70.262631,43,,,,,,,,M,Middle Adult,40.0,45.0,Hair,Hair keratin,Hair 2-3,Middle Adult,40.0,45.0,,42.7,13.9,3.6,-11.8,23.1,19.6,4.9,,,,,,,,,Mora et al. (2022),https://doi.org/10.1016/j.jaa.2022.101435,Lower Camarones Valley,Arica y Parinacota,Coast
Camarones 9,Late,Late,CAM9-T56,1420.0,1450,CAM9-T56,-19.19287,-70.262631,43,,,,,,,,und,Child-1,6.0,7.0,Hair,Hair keratin,Hair 0-1,Child-1,6.0,7.0,,43.0,13.9,3.6,-11.8,24.1,18.0,4.5,,,,,,,,,Mora et al. (2022),https://doi.org/10.1016/j.jaa.2022.101435,Lower Camarones Valley,Arica y Parinacota,Coast
Camarones 9,Late,Late,CAM9-T56,1420.0,1450,CAM9-T56,-19.19287,-70.262631,43,,,,,,,,und,Child-1,6.0,7.0,Hair,Hair keratin,Hair 1-2,Child-1,6.0,7.0,,43.3,14.4,3.5,-11.7,23.8,18.3,5.0,,,,,,,,,Mora et al. (2022),https://doi.org/10.1016/j.jaa.2022.101435,Lower Camarones Valley,Arica y Parinacota,Coast
Camarones 9,Late,Late,CAM9-T56,1420.0,1450,CAM9-T56,-19.19287,-70.262631,43,,,,,,,,und,Child-1,6.0,7.0,Hair,Hair keratin,Hair 2-3,Child-1,6.0,7.0,,42.5,14.2,3.5,-11.3,23.5,18.2,4.6,,,,,,,,,Mora et al. (2022),https://doi.org/10.1016/j.jaa.2022.101435,Lower Camarones Valley,Arica y Parinacota,Coast
Camarones 9,Late,Late,CAM9-T56,1420.0,1450,CAM9-T56,-19.19287,-70.262631,43,,,,,,,,und,Child-1,6.0,7.0,Hair,Hair keratin,Hair 3-4,Child-1,6.0,7.0,,41.1,13.7,3.5,-11.5,23.4,18.8,4.9,,,,,,,,,Mora et al. (2022),https://doi.org/10.1016/j.jaa.2022.101435,Lower Camarones Valley,Arica y Parinacota,Coast
Camarones 9,Late,Late,CAM9-T56,1420.0,1450,CAM9-T56,-19.19287,-70.262631,43,,,,,,,,und,Child-1,6.0,7.0,Hair,Hair keratin,Hair 4-5,Child-1,6.0,7.0,,42.6,14.1,3.5,-11.9,23.1,19.0,5.0,,,,,,,,,Mora et al. (2022),https://doi.org/10.1016/j.jaa.2022.101435,Lower Camarones Valley,Arica y Parinacota,Coast
Molle Pampa (Este),Late,Late,73-U-Z,1450.0,1540,73-U-Z,-18.423189,-70.089039,583,,,,,,,,,,,,Bone,Bone collagen,Femur,,,,27.9,58.4,21.7,3.2,-14.0,19.3,,,Bone apatite,,,,,-8.3,,,Aufderheide and Santoro (1999),http://rchn.biologiachile.cl/pdfs/1999/2/Aufderheide_&_Santoro_1999.pdf,"Middle Lluta Valley, Poconchile",Arica y Parinacota,Lowlands
Molle Pampa (Este),Late,Late,73-U-Z,1450.0,1540,73-U-Z,-18.423189,-70.089039,583,,,,,,,,,,,,Bone,Bone collagen,Femur,,,,26.4,36.4,11.9,3.6,-12.4,20.8,,,Bone apatite,,,,,-9.1,,,Aufderheide and Santoro (1999),http://rchn.biologiachile.cl/pdfs/1999/2/Aufderheide_&_Santoro_1999.pdf,"Middle Lluta Valley, Poconchile",Arica y Parinacota,Lowlands
Molle Pampa (Este),Late,Late,3-U-1,1450.0,1540,3-U-1,-18.423189,-70.089039,583,,,,,,,,,,,,Bone,Bone collagen,,,,,30.8,42.5,15.2,3.3,-9.0,23.9,,,Bone apatite,,,,,-3.8,,,Aufderheide and Santoro (1999),http://rchn.biologiachile.cl/pdfs/1999/2/Aufderheide_&_Santoro_1999.pdf,"Middle Lluta Valley, Poconchile",Arica y Parinacota,Lowlands
Molle Pampa (Este),Late,Late,3-U-3,1450.0,1540,3-U-3,-18.423189,-70.089039,583,,,,,,,,,,,,Bone,Bone collagen,,,,,27.5,41.0,14.8,3.2,-11.0,23.9,,,Bone apatite,,,,,-6.2,,,Aufderheide and Santoro (1999),http://rchn.biologiachile.cl/pdfs/1999/2/Aufderheide_&_Santoro_1999.pdf,"Middle Lluta Valley, Poconchile",Arica y Parinacota,Lowlands
Molle Pampa (Este),Late,Late,43-U-1,1450.0,1540,43-U-1,-18.423189,-70.089039,583,,,,,,,,,,,,Bone,Bone collagen,,,,,17.1,33.3,11.7,3.3,-15.5,17.2,,,Bone apatite,,,,,-10.1,,,Aufderheide and Santoro (1999),http://rchn.biologiachile.cl/pdfs/1999/2/Aufderheide_&_Santoro_1999.pdf,"Middle Lluta Valley, Poconchile",Arica y Parinacota,Lowlands
Molle Pampa (Este),Late,Late,66-U-1,1450.0,1540,66-U-1,-18.423189,-70.089039,583,,,,,,,,,,,,Bone,Bone collagen,,,,,27.9,36.7,13.2,3.2,-9.4,23.0,,,Bone apatite,,,,,-4.4,,,Aufderheide and Santoro (1999),http://rchn.biologiachile.cl/pdfs/1999/2/Aufderheide_&_Santoro_1999.pdf,"Middle Lluta Valley, Poconchile",Arica y Parinacota,Lowlands
Molle Pampa (Este),Late,Late,73-U-1,1450.0,1540,73-U-1,-18.423189,-70.089039,583,,,,,,,,,,,,Bone,Bone collagen,,,,,25.3,58.0,21.3,3.2,-9.5,23.1,,,Bone apatite,,,,,-5.7,,,Aufderheide and Santoro (1999),http://rchn.biologiachile.cl/pdfs/1999/2/Aufderheide_&_Santoro_1999.pdf,"Middle Lluta Valley, Poconchile",Arica y Parinacota,Lowlands
Molle Pampa (Este),Late,Late,55-U-1,1450.0,1540,55-U-1,-18.423189,-70.089039,583,,,,,,,,,,,,Bone,Bone collagen,Rib,,,,33.6,42.7,14.6,3.4,-9.5,22.3,,,Bone apatite,,,,,0.0,,,Aufderheide and Santoro (1999),http://rchn.biologiachile.cl/pdfs/1999/2/Aufderheide_&_Santoro_1999.pdf,"Middle Lluta Valley, Poconchile",Arica y Parinacota,Lowlands
Molle Pampa (Este),Late,Late,17-I-2,1450.0,1540,17-I-2,-18.423189,-70.089039,583,,,,,,,,,,,,Bone,Bone collagen,Rib,,,,33.3,39.0,14.0,3.3,-10.9,20.4,,,Bone apatite,,,,,-7.6,,,Aufderheide and Santoro (1999),http://rchn.biologiachile.cl/pdfs/1999/2/Aufderheide_&_Santoro_1999.pdf,"Middle Lluta Valley, Poconchile",Arica y Parinacota,Lowlands
Camarones 15,Archaic,Late Archaic,CAM15C_C3_2,-3000.0,-1700,CAM15C_C3_2,-19.196289,-70.265153,94,14C-AMS,SacA (number not reported),4391.0,27.0,-2831.0,-2311.0,Hair keratin,F,Middle Adult,34.0,40.0,Hair,Hair keratin,,Middle Adult,34.0,40.0,,43.5,13.1,3.9,-12.5,23.5,27.5,22.5,,,,,,,,,Bonilla et al. (2016),http://dx.doi.org/10.1016/j.jasrep.2016.01.026,Lower Camarones Valley,Arica y Parinacota,Coast
Camarones 15D,Archaic,Late Archaic,SrCHIL 37,-3000.0,-1500,CAM15D-7/87,-19.202633,-70.267618,66,,,,,,,,F,Adult,,,Tooth,,,,,,,,,,,,,,Enamel,Max LPm1,Infant-2/Child 1,2.5,6.0,,,0.708879,Standen et al. (2017),https://doi.org/10.1002/gea.21594,Lower Camarones Valley,Arica y Parinacota,Coast
Morro 1,Archaic,Late Archaic,SrCHIL 21,-3000.0,-1500,M1T7C2,-18.481108,-70.321679,62,,,,,,,,F,Subadult,,,Tooth,,,,,,,,,,,,,,Enamel,Mand LM3,Child-2/Adolescent-1,8.5,14.0,,,0.708851,Standen et al. (2017),https://doi.org/10.1002/gea.21594,Arica Coast,Arica y Parinacota,Coast
Morro 1,Archaic,Late Archaic,SrCHIL 22,-3000.0,-1500,M1T23C12,-18.481108,-70.321679,62,,,,,,,,F,Adult,,,Tooth,,,,,,,,,,,,,,Enamel,Mand LM3,Child-2/Adolescent-1,8.5,14.0,,,0.708752,Standen et al. (2017),https://doi.org/10.1002/gea.21594,Arica Coast,Arica y Parinacota,Coast
Morro 1,Archaic,Late Archaic,SrCHIL 24,-3000.0,-1500,M1T25C6,-18.481108,-70.321679,62,,,,,,,,und,Infant-2,1.0,5.0,Tooth,,,,,,,,,,,,,,Enamel,Max LM1,Infant-1/Infant-2,0.4,3.5,,,0.708712,Standen et al. (2017),https://doi.org/10.1002/gea.21594,Arica Coast,Arica y Parinacota,Coast
Morro 1,Archaic,Late Archaic,SrCHIL 25,-3000.0,-1500,M1T22C5,-18.481108,-70.321679,62,,,,,,,,F,Adult,,,Tooth,,,,,,,,,,,,,,Enamel,Mand RM3,Child-2/Adolescent-1,8.5,14.0,,,0.70864,Standen et al. (2017),https://doi.org/10.1002/gea.21594,Arica Coast,Arica y Parinacota,Coast
Morro 1,Archaic,Late Archaic,SrCHIL 29,-3000.0,-1500,M1T28C24,-18.481108,-70.321679,62,,,,,,,,M,Adult,,,Tooth,,,,,,,,,,,,,,Enamel,Max LPm2,Infant-2/Child 1,3.5,6.5,,,0.708876,Standen et al. (2017),https://doi.org/10.1002/gea.21594,Arica Coast,Arica y Parinacota,Coast
Morro 1,Archaic,Late Archaic,SrCHIL 23,-3000.0,-1500,M1T28C22,-18.481108,-70.321679,62,,,,,,,,M,Adult,,,Tooth,,,,,,,,,,,,,,Enamel,Max RM3,Child-2/Adolescent-1,8.5,14.0,,,0.708922,Standen et al. (2017),https://doi.org/10.1002/gea.21594,Arica Coast,Arica y Parinacota,Coast
Morro 1,Archaic,Late Archaic,SrCHIL 42,-3000.0,-1500,M1T28C3,-18.481108,-70.321679,62,,,,,,,,M,Adult,,,Tooth,,,,,,,,,,,,,,Enamel,Max LM3,Child-2/Adolescent-1,8.5,14.0,,,0.708497,Standen et al. (2017),https://doi.org/10.1002/gea.21594,Arica Coast,Arica y Parinacota,Coast
Morro 1,Archaic,Late Archaic,M1 T3,-3000.0,-1500,M1 T3,-18.481108,-70.321679,62,,,,,,,,F,Old Adult,50.0,,Bone,Bone collagen,,Adult,,,,33.7,10.2,3.8,-12.4,24.5,,,,,,,,,,,King et al. (2018a),https://doi.org/10.1016/j.quascirev.2017.12.009,Arica Coast,Arica y Parinacota,Coast
Morro 1,Archaic,Late Archaic,M1 T4,-3000.0,-1500,M1 T4,-18.481108,-70.321679,62,,,,,,,,M,Young Adult,21.0,35.0,Bone,Bone collagen,,Adult,,,,45.0,15.4,3.4,-11.1,23.4,,,,,,,,,,,King et al. (2018a),https://doi.org/10.1016/j.quascirev.2017.12.009,Arica Coast,Arica y Parinacota,Coast
Morro 1,Archaic,Late Archaic,M1 T6,-3000.0,-1500,M1 T6,-18.481108,-70.321679,62,,,,,,,,und,und,,,Bone,Bone collagen,,und,,,,45.6,15.2,3.5,-11.2,23.1,,,,,,,,,,,King et al. (2018a),https://doi.org/10.1016/j.quascirev.2017.12.009,Arica Coast,Arica y Parinacota,Coast
Morro 1,Archaic,Late Archaic,M1 T7,-3000.0,-1500,M1 T7,-18.481108,-70.321679,62,,,,,,,,M,und,,,Bone,Bone collagen,,und,,,,31.9,9.8,4.0,-14.6,28.3,,,,,,,,,,,King et al. (2018a),https://doi.org/10.1016/j.quascirev.2017.12.009,Arica Coast,Arica y Parinacota,Coast
Morro 1,Archaic,Late Archaic,M1 T10a,-3000.0,-1500,M1 T10a,-18.481108,-70.321679,62,,,,,,,,M,Middle Adult,36.0,50.0,Bone,Bone collagen,,Adult,,,,42.5,14.6,3.4,-11.5,24.3,,,,,,,,,,,King et al. (2018a),https://doi.org/10.1016/j.quascirev.2017.12.009,Arica Coast,Arica y Parinacota,Coast
Morro 1,Archaic,Late Archaic,MI T12,-3000.0,-1500,MI T12,-18.481108,-70.321679,62,,,,,,,,M,Young Adult,21.0,35.0,Bone,Bone collagen,,Adult,,,,37.4,13.0,3.4,-11.3,24.0,,,,,,,,,,,King et al. (2018a),https://doi.org/10.1016/j.quascirev.2017.12.009,Arica Coast,Arica y Parinacota,Coast
Morro 1,Archaic,Late Archaic,M1 T15,-3000.0,-1500,M1 T15,-18.481108,-70.321679,62,,,,,,,,F,Old Adult,50.0,,Bone,Bone collagen,,Adult,,,,27.4,10.0,3.2,-12.8,24.8,,,,,,,,,,,King et al. (2018a),https://doi.org/10.1016/j.quascirev.2017.12.009,Arica Coast,Arica y Parinacota,Coast
Morro 1,Archaic,Late Archaic,M1 T16b,-3000.0,-1500,M1 T16b,-18.481108,-70.321679,62,,,,,,,,M,Middle Adult,36.0,50.0,Bone,Bone collagen,,Adult,,,,26.1,9.5,3.9,-13.4,25.0,,,,,,,,,,,King et al. (2018a),https://doi.org/10.1016/j.quascirev.2017.12.009,Arica Coast,Arica y Parinacota,Coast
Morro 1,Archaic,Late Archaic,M1 T18c2,-3000.0,-1500,M1 T18c2,-18.481108,-70.321679,62,,,,,,,,und,und,,,Bone,Bone collagen,,und,,,,45.3,13.6,3.9,-14.0,21.8,,,,,,,,,,,King et al. (2018a),https://doi.org/10.1016/j.quascirev.2017.12.009,Arica Coast,Arica y Parinacota,Coast
Morro 1,Archaic,Late Archaic,M1 T19c1,-3000.0,-1500,M1 T19c1,-18.481108,-70.321679,62,,,,,,,,M,Young Adult,21.0,35.0,Bone,Bone collagen,,Adult,,,,32.3,10.1,3.7,-12.3,25.0,,,,,,,,,,,King et al. (2018a),https://doi.org/10.1016/j.quascirev.2017.12.009,Arica Coast,Arica y Parinacota,Coast
Morro 1,Archaic,Late Archaic,MI T23c13,-3000.0,-1500,MI T23c13,-18.481108,-70.321679,62,,,,,,,,F,Young Adult,21.0,35.0,Bone,Bone collagen,,Adult,,,,45.6,15.2,3.5,-13.8,25.5,,,,,,,,,,,King et al. (2018a),https://doi.org/10.1016/j.quascirev.2017.12.009,Arica Coast,Arica y Parinacota,Coast
Morro 1,Archaic,Late Archaic,M1 T27c5,-3000.0,-1500,M1 T27c5,-18.481108,-70.321679,62,,,,,,,,M,Young Adult,21.0,35.0,Bone,Bone collagen,,Adult,,,,28.5,8.5,4.0,-12.8,23.9,,,,,,,,,,,King et al. (2018a),https://doi.org/10.1016/j.quascirev.2017.12.009,Arica Coast,Arica y Parinacota,Coast
Morro 1,Archaic,Late Archaic,M1-6 T19,-3000.0,-1500,M1-6 T19,-18.481108,-70.321679,62,,,,,,,,und,und,,,Bone,Bone collagen,,und,,,,28.1,8.8,3.7,-12.8,23.9,,,,,,,,,,,King et al. (2018a),https://doi.org/10.1016/j.quascirev.2017.12.009,Arica Coast,Arica y Parinacota,Coast
Morro 1,Archaic,Late Archaic,M1-T2-C2,-4050.0,-2050,M1-T2-C2,-18.481108,-70.321679,62,,,,,,,,und,Infant-2,2.0,3.0,Hair,Hair keratin,Hair 0-1,Infant-2,2.0,3.0,,43.1,13.5,3.7,-14.1,23.8,21.1,4.2,,,,,,,,,Mora et al. (2022),https://doi.org/10.1016/j.jaa.2022.101435,Arica Coast,Arica y Parinacota,Coast
Morro 1–6,Archaic,Late Archaic,M1-6-T2,-2555.0,-2050,M1-6-T2,-18.4825,-70.321111,57,,,,,,,,F,Middle Adult,35.0,40.0,Hair,Hair keratin,Hair 0-1,Middle Adult,35.0,40.0,,47.4,15.2,3.6,-15.5,23.9,16.2,4.6,,,,,,,,,Mora et al. (2022),https://doi.org/10.1016/j.jaa.2022.101435,Arica Coast,Arica y Parinacota,Coast
Morro 1–6,Archaic,Late Archaic,M1-6-T2,-2555.0,-2050,M1-6-T2,-18.4825,-70.321111,57,,,,,,,,F,Middle Adult,35.0,40.0,Hair,Hair keratin,Hair 1-2,Middle Adult,35.0,40.0,,44.0,14.2,3.6,-14.5,24.5,16.2,4.8,,,,,,,,,Mora et al. (2022),https://doi.org/10.1016/j.jaa.2022.101435,Arica Coast,Arica y Parinacota,Coast
Morro 1–6,Archaic,Late Archaic,M1-6-T2,-2555.0,-2050,M1-6-T2,-18.4825,-70.321111,57,,,,,,,,F,Middle Adult,35.0,40.0,Hair,Hair keratin,Hair 2-3,Middle Adult,35.0,40.0,,43.5,14.1,3.6,-12.9,25.3,16.6,4.5,,,,,,,,,Mora et al. (2022),https://doi.org/10.1016/j.jaa.2022.101435,Arica Coast,Arica y Parinacota,Coast
Morro 1–6,Archaic,Late Archaic,M1-6-T2,-2555.0,-2050,M1-6-T2,-18.4825,-70.321111,57,,,,,,,,F,Middle Adult,35.0,40.0,Hair,Hair keratin,Hair 3-4,Middle Adult,35.0,40.0,,43.5,14.0,3.6,-12.8,25.1,16.8,5.1,,,,,,,,,Mora et al. (2022),https://doi.org/10.1016/j.jaa.2022.101435,Arica Coast,Arica y Parinacota,Coast
Morro 1–6,Archaic,Late Archaic,M1-6-T2,-2555.0,-2050,M1-6-T2,-18.4825,-70.321111,57,,,,,,,,F,Middle Adult,35.0,40.0,Hair,Hair keratin,Hair 4-5,Middle Adult,35.0,40.0,,43.9,14.2,3.6,-12.3,25.0,18.1,4.6,,,,,,,,,Mora et al. (2022),https://doi.org/10.1016/j.jaa.2022.101435,Arica Coast,Arica y Parinacota,Coast
Morro 1–6,Archaic,Late Archaic,M1-6-T2,-2555.0,-2050,M1-6-T2,-18.4825,-70.321111,57,,,,,,,,F,Middle Adult,35.0,40.0,Hair,Hair keratin,Hair 5-6,Middle Adult,35.0,40.0,,43.6,14.0,3.6,-12.2,25.0,18.6,4.5,,,,,,,,,Mora et al. (2022),https://doi.org/10.1016/j.jaa.2022.101435,Arica Coast,Arica y Parinacota,Coast
Morro 1–6,Archaic,Late Archaic,M1-6-T2,-2555.0,-2050,M1-6-T2,-18.4825,-70.321111,57,,,,,,,,F,Middle Adult,35.0,40.0,Hair,Hair keratin,Hair 6-7,Middle Adult,35.0,40.0,,43.4,14.0,3.6,-12.2,24.7,16.4,3.5,,,,,,,,,Mora et al. (2022),https://doi.org/10.1016/j.jaa.2022.101435,Arica Coast,Arica y Parinacota,Coast
Morro 1–6,Archaic,Late Archaic,M1-6-T4,-2555.0,-2050,M1-6-T4,-18.4825,-70.321111,57,,,,,,,,M,Young Adult,25.0,30.0,Hair,Hair keratin,A,Young Adult,25.0,30.0,,44.7,14.0,3.7,-11.9,25.0,19.1,4.1,,,,,,,,,Mora et al. (2022),https://doi.org/10.1016/j.jaa.2022.101435,Arica Coast,Arica y Parinacota,Coast
Morro 1–6,Archaic,Late Archaic,M1-6-T4,-2555.0,-2050,M1-6-T4,-18.4825,-70.321111,57,,,,,,,,M,Young Adult,25.0,30.0,Hair,Hair keratin,B,Young Adult,25.0,30.0,,44.6,13.9,3.7,-11.3,24.9,19.9,4.2,,,,,,,,,Mora et al. (2022),https://doi.org/10.1016/j.jaa.2022.101435,Arica Coast,Arica y Parinacota,Coast
Morro 1–6,Archaic,Late Archaic,M1-6-T5,-2555.0,-2050,M1-6-T5,-18.4825,-70.321111,57,,,,,,,,F,Young Adult,20.0,25.0,Hair,Hair keratin,Hair 0-1,Young Adult,20.0,25.0,,44.5,14.0,3.7,-13.0,24.2,20.8,3.9,,,,,,,,,Mora et al. (2022),https://doi.org/10.1016/j.jaa.2022.101435,Arica Coast,Arica y Parinacota,Coast
Morro 1–6,Archaic,Late Archaic,M1-6-T5,-2555.0,-2050,M1-6-T5,-18.4825,-70.321111,57,,,,,,,,F,Young Adult,20.0,25.0,Hair,Hair keratin,Hair 1-2,Young Adult,20.0,25.0,,43.5,13.8,3.7,-13.7,24.0,20.5,3.9,,,,,,,,,Mora et al. (2022),https://doi.org/10.1016/j.jaa.2022.101435,Arica Coast,Arica y Parinacota,Coast
Morro 1–6,Archaic,Late Archaic,M1-6-T5,-2555.0,-2050,M1-6-T5,-18.4825,-70.321111,57,,,,,,,,F,Young Adult,20.0,25.0,Hair,Hair keratin,Hair 2-3,Young Adult,20.0,25.0,,42.4,13.3,3.7,-13.8,24.3,20.6,3.9,,,,,,,,,Mora et al. (2022),https://doi.org/10.1016/j.jaa.2022.101435,Arica Coast,Arica y Parinacota,Coast
Morro 1–6,Archaic,Late Archaic,M1-6-T5,-2555.0,-2050,M1-6-T5,-18.4825,-70.321111,57,,,,,,,,F,Young Adult,20.0,25.0,Hair,Hair keratin,Hair 3-4,Young Adult,20.0,25.0,,42.8,13.5,3.7,-13.5,24.5,20.5,4.1,,,,,,,,,Mora et al. (2022),https://doi.org/10.1016/j.jaa.2022.101435,Arica Coast,Arica y Parinacota,Coast
Morro 1–6,Archaic,Late Archaic,M1-6-T5,-2555.0,-2050,M1-6-T5,-18.4825,-70.321111,57,,,,,,,,F,Young Adult,20.0,25.0,Hair,Hair keratin,Hair 4-5,Young Adult,20.0,25.0,,,,,,,20.0,5.0,,,,,,,,,Mora et al. (2022),https://doi.org/10.1016/j.jaa.2022.101435,Arica Coast,Arica y Parinacota,Coast
Morro 1–6,Archaic,Late Archaic,M1-6-T16,-2555.0,-2050,M1-6-T16,-18.4825,-70.321111,57,,,,,,,,und,Adolescent-1,12.0,14.0,Hair,Hair keratin,Hair 0-1,Adolescent-1,12.0,14.0,,43.7,13.9,3.7,-12.1,23.1,17.4,4.1,,,,,,,,,Mora et al. (2022),https://doi.org/10.1016/j.jaa.2022.101435,Arica Coast,Arica y Parinacota,Coast
Morro 1–6,Archaic,Late Archaic,M1-6-T16,-2555.0,-2050,M1-6-T16,-18.4825,-70.321111,57,,,,,,,,und,Adolescent-1,12.0,14.0,Hair,Hair keratin,Hair 1-2,Adolescent-1,12.0,14.0,,42.6,13.4,3.7,-12.0,23.2,17.7,4.1,,,,,,,,,Mora et al. (2022),https://doi.org/10.1016/j.jaa.2022.101435,Arica Coast,Arica y Parinacota,Coast
Morro 1–6,Archaic,Late Archaic,M1-6-T16,-2555.0,-2050,M1-6-T16,-18.4825,-70.321111,57,,,,,,,,und,Adolescent-1,12.0,14.0,Hair,Hair keratin,Hair 2-3,Adolescent-1,12.0,14.0,,41.9,13.3,3.7,-12.1,23.4,17.7,3.9,,,,,,,,,Mora et al. (2022),https://doi.org/10.1016/j.jaa.2022.101435,Arica Coast,Arica y Parinacota,Coast
Morro 1–6,Archaic,Late Archaic,M1-6-T16,-2555.0,-2050,M1-6-T16,-18.4825,-70.321111,57,,,,,,,,und,Adolescent-1,12.0,14.0,Hair,Hair keratin,Hair 3-4,Adolescent-1,12.0,14.0,,44.0,13.7,3.8,-12.8,23.7,16.8,3.3,,,,,,,,,Mora et al. (2022),https://doi.org/10.1016/j.jaa.2022.101435,Arica Coast,Arica y Parinacota,Coast
Morro 1–6,Archaic,Late Archaic,M1-6-T22,-2555.0,-2050,M1-6-T22,-18.4825,-70.321111,57,,,,,,,,M,Middle Adult,40.0,45.0,Hair,Hair keratin,A,Middle Adult,40.0,45.0,,44.6,12.9,4.0,-13.1,21.7,20.4,3.5,,,,,,,,,Mora et al. (2022),https://doi.org/10.1016/j.jaa.2022.101435,Arica Coast,Arica y Parinacota,Coast
Morro 1–6,Archaic,Late Archaic,M1-6-T22,-2555.0,-2050,M1-6-T22,-18.4825,-70.321111,57,,,,,,,,M,Middle Adult,40.0,45.0,Hair,Hair keratin,B,Middle Adult,40.0,45.0,,43.5,12.5,4.0,-13.4,21.8,19.0,3.5,,,,,,,,,Mora et al. (2022),https://doi.org/10.1016/j.jaa.2022.101435,Arica Coast,Arica y Parinacota,Coast
Morro 1–6,Archaic,Late Archaic,M1-6-T32,-2555.0,-2050,M1-6-T32,-18.4825,-70.321111,57,,,,,,,,F,Middle Adult,35.0,40.0,Hair,Hair keratin,Hair 0-1,Middle Adult,35.0,40.0,,44.8,13.5,3.9,-14.3,23.1,18.2,2.8,,,,,,,,,Mora et al. (2022),https://doi.org/10.1016/j.jaa.2022.101435,Arica Coast,Arica y Parinacota,Coast
Morro 1–6,Archaic,Late Archaic,M1-6-T32,-2555.0,-2050,M1-6-T32,-18.4825,-70.321111,57,,,,,,,,F,Middle Adult,35.0,40.0,Hair,Hair keratin,Hair 1-2,Middle Adult,35.0,40.0,,43.9,13.4,3.8,-14.7,22.9,18.0,3.8,,,,,,,,,Mora et al. (2022),https://doi.org/10.1016/j.jaa.2022.101435,Arica Coast,Arica y Parinacota,Coast
Morro 1–6,Archaic,Late Archaic,M1-6-T32,-2555.0,-2050,M1-6-T32,-18.4825,-70.321111,57,,,,,,,,F,Middle Adult,35.0,40.0,Hair,Hair keratin,Hair 2-3,Middle Adult,35.0,40.0,,45.6,13.9,3.8,-14.4,23.0,20.4,4.0,,,,,,,,,Mora et al. (2022),https://doi.org/10.1016/j.jaa.2022.101435,Arica Coast,Arica y Parinacota,Coast
Morro 1–6,Archaic,Late Archaic,M1-6-T32,-2555.0,-2050,M1-6-T32,-18.4825,-70.321111,57,,,,,,,,F,Middle Adult,35.0,40.0,Hair,Hair keratin,Hair 3-4,Middle Adult,35.0,40.0,,43.2,13.2,3.8,-14.7,22.8,,,,,,,,,,,Mora et al. (2022),https://doi.org/10.1016/j.jaa.2022.101435,Arica Coast,Arica y Parinacota,Coast
Morro 1/6,Archaic,Late Archaic,SrCHIL 39,-3000.0,-1500,M1/6T22,-18.4825,-70.321111,57,,,,,,,,M,Adult,,,Tooth,,,,,,,,,,,,,,Enamel,Mand RPm2,Infant-2/Child 1,2.5,6.5,,,0.708826,Standen et al. (2017),https://doi.org/10.1002/gea.21594,Arica Coast,Arica y Parinacota,Coast
Morro 1/6 (Chinchorro),Archaic,Late Archaic,T-27 Mandible,-2300.0,-1800,T-27 Mandible,-18.4825,-70.321111,57,,,,,,,,,,,,Dental calculus,,Mand RM3,,,,,9.3,1.1,8.8,-18.1,30.9,,,,,,,,,,,Poulson et al. (2013),https://doi.org/10.1016/j.jas.2013.07.009,Arica Coast,Arica y Parinacota,Coast
Morro C/T0,Archaic,Late Archaic,SrCHIL 38,-3000.0,-1500,M/CT0,-18.4806,-70.3215,53,,,,,,,,M,Adult,,,Tooth,,,,,,,,,,,,,,Enamel,Mand RI2,Infant-1/Infant-2,0.8,5.0,,,0.708763,Standen et al. (2017),https://doi.org/10.1002/gea.21594,Arica Coast,Arica y Parinacota,Coast
Playa Miller 7,Archaic,Late Archaic,PML 7_T119_3,-3000.0,-1700,PML 7_T119_3,-18.491944,-70.324746,63,14C-AMS,SacA (number not reported),3880.0,30.0,-2123.0,-1777.0,Hair keratin,und,Infant-2,1.0,5.0,Hair,Hair keratin,,Infant-2,1.0,5.0,,46.9,14.4,3.8,-12.7,24.1,38.5,20.9,,,,,,,,,Bonilla et al. (2016),http://dx.doi.org/10.1016/j.jasrep.2016.01.026,Arica Coast,Arica y Parinacota,Coast
Playa Miller 8,Archaic,Late Archaic,SrCHIL 33,-3000.0,-1500,PLM8TC,-18.495148,-70.324746,18,,,,,,,,F,Adult,,,Tooth,,,,,,,,,,,,,,Enamel,Mand RM2,Infant-2/Child-1,2.5,8.0,,,0.708955,Standen et al. (2017),https://doi.org/10.1002/gea.21594,Arica Coast,Arica y Parinacota,Coast
Playa Miller 8,Archaic,Late Archaic,SrCHIL 41,-3000.0,-1500,PLM8CR2,-18.495148,-70.324746,18,,,,,,,,M,Adult,,,Tooth,,,,,,,,,,,,,,Enamel,Max LM2,Infant-2/Child-1,2.5,8.0,,,0.709059,Standen et al. (2017),https://doi.org/10.1002/gea.21594,Arica Coast,Arica y Parinacota,Coast
Playa Miller 8,Archaic,Late Archaic,SrCHIL 44,-3000.0,-1500,PLM8T4,-18.495148,-70.324746,18,,,,,,,,und,Infant-2,1.0,5.0,Tooth,,,,,,,,,,,,,,Enamel,Max LM1,Infant-1/Infant-2,0.4,3.5,,,0.7088,Standen et al. (2017),https://doi.org/10.1002/gea.21594,Arica Coast,Arica y Parinacota,Coast
Quiani 7,Archaic,Late Archaic,T-9 Mandible,-1700.0,-1600,T-9 Mandible,-18.528665,-70.321788,45,,,,,,,,,,,,Dental calculus,,Mand LM1 and LM2,,,,,11.2,1.4,8.2,-19.7,32.7,,,,,,,,,,,Poulson et al. (2013),https://doi.org/10.1016/j.jas.2013.07.009,Arica Coast,Arica y Parinacota,Coast
Quiani 7,Archaic,Late Archaic,T-9 Maxilla,-1700.0,-1600,T-9 Maxilla,-18.528665,-70.321788,45,,,,,,,,,,,,Dental calculus,,Max RM1 and RM3,,,,,13.0,1.5,8.5,-20.0,33.1,,,,,,,,,,,Poulson et al. (2013),https://doi.org/10.1016/j.jas.2013.07.009,Arica Coast,Arica y Parinacota,Coast
Quiani 7,Archaic,Late Archaic,T-22 Maxilla,-1700.0,-1600,T-22 Maxilla,-18.528665,-70.321788,45,,,,,,,,,,,,Dental calculus,,Max LM2,,,,,7.2,1.2,6.2,-17.0,27.7,,,,,,,,,,,Poulson et al. (2013),https://doi.org/10.1016/j.jas.2013.07.009,Arica Coast,Arica y Parinacota,Coast
Quiani 7,Archaic,Late Archaic,TA Maxilla,-1700.0,-1600,TA Maxilla,-18.528665,-70.321788,45,,,,,,,,,,,,Dental calculus,,Max LM2,,,,,16.8,1.8,9.5,-19.7,31.3,,,,,,,,,,,Poulson et al. (2013),https://doi.org/10.1016/j.jas.2013.07.009,Arica Coast,Arica y Parinacota,Coast
Quiani 7,Archaic,Late Archaic,TA Mandible,-1700.0,-1600,TA Mandible,-18.528665,-70.321788,45,,,,,,,,,,,,Dental calculus,,Mand RM1 and RM2,,,,,13.3,1.8,7.6,-19.2,30.4,,,,,,,,,,,Poulson et al. (2013),https://doi.org/10.1016/j.jas.2013.07.009,Arica Coast,Arica y Parinacota,Coast
Colon 10,Archaic,Late Archaic,SrCHIL 50,-3000.0,-1500,Col-10Cal-1,-18.4807,-70.3215,54,,,,,,,,M,Adult,,,Tooth,,,,,,,,,,,,,,Enamel,Max RM2,Infant-2/Child-1,2.5,8.0,,,0.708745,Standen et al. (2017),https://doi.org/10.1002/gea.21594,Arica Coast,Arica y Parinacota,Coast
Copaca 1,Archaic,Late Archaic,Individuo 1,-5500.0,-2000,Individuo 1,-22.347557,-70.248126,22,,,,,,,,M,Middle Adult,35.0,45.0,Bone,Bone collagen,Femur,Adult,,,5.4,,,3.3,-11.9,24.4,,,Bone apatite,Femur,Adult,,,-9.6,-2.5,,Andrade et al. (2016),http://dx.doi.org/10.4067/S0717-73562016005000007,30 km south of Tocopilla,Antofagasta,Coast
Copaca 1,Archaic,Late Archaic,Individuo 1,-5500.0,-2000,Individuo 1,-22.347557,-70.248126,22,14C-AMS,UGAMS15623,5200.0,25.0,-4047.0,-3811.0,Bone collagen,M,Middle Adult,35.0,45.0,Bone,Bone collagen,Femur,Adult,,,,,,,-12.3,24.2,,,Bone apatite,Femur,Adult,,,-10.2,-3.6,,Andrade et al. (2016),http://dx.doi.org/10.4067/S0717-73562016005000007,30 km south of Tocopilla,Antofagasta,Coast
Copaca 1,Archaic,Late Archaic,Individuo 2,-5500.0,-2000,Individuo 2,-22.347557,-70.248126,22,,,,,,,,M,Young Adult,25.0,30.0,Bone,Bone collagen,Femur,Adult,,,3.2,,,3.3,-11.9,23.7,,,Bone apatite,Femur,Adult,,,-8.8,-2.9,,Andrade et al. (2016),http://dx.doi.org/10.4067/S0717-73562016005000007,30 km south of Tocopilla,Antofagasta,Coast
Copaca 1,Archaic,Late Archaic,Individuo 2,-5500.0,-2000,Individuo 2,-22.347557,-70.248126,22,14C-AMS,UGAMS15624,5220.0,25.0,-4159.0,-3824.0,Bone collagen,M,Young Adult,25.0,30.0,Bone,Bone collagen,Femur,Adult,,,,,,,-11.8,23.6,,,Bone apatite,Femur,Adult,,,-9.7,-3.9,,Andrade et al. (2016),http://dx.doi.org/10.4067/S0717-73562016005000007,30 km south of Tocopilla,Antofagasta,Coast
Copaca 1,Archaic,Late Archaic,Individuo 3,-5500.0,-2000,Individuo 3,-22.347557,-70.248126,22,,,,,,,,F,Young Adult,20.0,25.0,Bone,Bone collagen,Femur,Adult,,,3.6,,,3.3,-12.8,23.5,,,Bone apatite,Femur,Adult,,,-8.7,-3.0,,Andrade et al. (2016),http://dx.doi.org/10.4067/S0717-73562016005000007,30 km south of Tocopilla,Antofagasta,Coast
Copaca 1,Archaic,Late Archaic,Individuo 3,-5500.0,-2000,Individuo 3,-22.347557,-70.248126,22,14C-AMS,UGAMS15625,5140.0,25.0,-3977.0,-3797.0,Bone collagen,F,Young Adult,20.0,25.0,Bone,Bone collagen,Femur,Adult,,,,,,,-12.3,23.6,,,Bone apatite,Femur,Adult,,,-9.5,-1.6,,Andrade et al. (2016),http://dx.doi.org/10.4067/S0717-73562016005000007,30 km south of Tocopilla,Antofagasta,Coast
San Lorenzo 1,Archaic,Late Archaic,San Lorenzo 1,-5500.0,-2000,San Lorenzo 1,-25.1135,-70.4797,17,14C-AMS,UGAMS15976,4030.0,25.0,4569.0,3726.0,Bone collagen,F,Young Adult,25.0,30.0,Bone,Bone collagen,Long bone (Femur or Tibia),Adult,,,,,,3.3,-11.4,21.8,,,Bone apatite,Long bone (Femur or Tibia),Adult,,,-8.4,,,Andrade et al. (2015),DOI: 10.2458/azu_rc.57.18448,Taltal area,Antofagasta,Coast
Tiliviche 2,Archaic,Late Archaic,SrCHIL 31,-3000.0,-1500,Til-2T6,-19.548889,-69.971111,1030,,,,,,,,und,Adult,,,Tooth,,,,,,,,,,,,,,Enamel,Mand LPm2,Infant-2/Child 1,2.5,6.5,,,0.708034,Standen et al. (2017),https://doi.org/10.1002/gea.21594,Tiliviche,Tarapacá,Lowlands
Tiliviche 2,Archaic,Late Archaic,SCHIL 2 10,-3000.0,-1500,Til-2T11A,-19.548889,-69.971111,1030,,,,,,,,und,Adult,,,Tooth,,,,,,,,,,,,,,Enamel,Mand LM2,Infant-2/Child-1,2.5,8.0,,,0.7076,Standen et al. (2017),https://doi.org/10.1002/gea.21594,Tiliviche,Tarapacá,Lowlands
Tiliviche 2,Archaic,Late Archaic,SrCHIL 2 9,-3000.0,-1500,Til-2T2,-19.548889,-69.971111,1030,,,,,,,,und,Subadult,,,Tooth,,,,,,,,,,,,,,Enamel,Mand RM2,Infant-2/Child-1,2.5,8.0,,,0.707663,Standen et al. (2017),https://doi.org/10.1002/gea.21594,Tiliviche,Tarapacá,Lowlands
Tiliviche 2,Archaic,Late Archaic,SrCHIL 2 8,-3000.0,-1500,Til-2T11,-19.548889,-69.971111,1030,,,,,,,,M,Adult,,,Tooth,,,,,,,,,,,,,,Enamel,Max RPm2,Infant-2/Child 1,3.5,6.5,,,0.707546,Standen et al. (2017),https://doi.org/10.1002/gea.21594,Tiliviche,Tarapacá,Lowlands
Tiliviche 2,Archaic,Late Archaic,SrCHIL 2 7,-3000.0,-1500,Til-2T15,-19.548889,-69.971111,1030,,,,,,,,und,Infant-2,1.0,5.0,Tooth,,,,,,,,,,,,,,Enamel,Max RM1,Infant-1/Infant-2,0.4,3.5,,,0.707363,Standen et al. (2017),https://doi.org/10.1002/gea.21594,Tiliviche,Tarapacá,Lowlands
Tiliviche 2,Archaic,Late Archaic,SrCHIL 35,-3000.0,-1500,Til-2T17,-19.548889,-69.971111,1030,,,,,,,,und,Adult,,,Tooth,,,,,,,,,,,,,,Enamel,Max LPm1,Infant-2/Child 1,2.5,6.0,,,0.707292,Standen et al. (2017),https://doi.org/10.1002/gea.21594,Tiliviche,Tarapacá,Lowlands
Azapa 115,Formative,Late Formative,AZ115 MuseoC4,-500.0,100,AZ115 MuseoC4,-18.515454,-70.1180265,267,,,,,,,,M,Adult,,,Tooth,,,,,,,,,,,,,,Enamel,,,,,,,0.707876,Standen et al. (2021),https://doi.org/10.1016/j.jaa.2021.101324,"San Miguel de Azapa, Lower Azapa Valley",Arica y Parinacota,Lowlands
Azapa 115,Formative,Late Formative,AZ115 T5,-500.0,100,AZ115 T5,-18.515454,-70.1180265,267,,,,,,,,M,Adult,,,Tooth,,,,,,,,,,,,,,Enamel,Max RM3,Child-2/Adolescent-1,8.5,14.0,,,0.708015,Standen et al. (2021),https://doi.org/10.1016/j.jaa.2021.101324,"San Miguel de Azapa, Lower Azapa Valley",Arica y Parinacota,Lowlands
Azapa 115,Formative,Late Formative,AZ115 T8,-500.0,100,AZ115 T8,-18.515454,-70.1180265,267,,,,,,,,F,Adult,,,Tooth,,,,,,,,,,,,,,Enamel,Max RM2,Infant-2/Child-1,2.5,8.0,,,0.706684,Standen et al. (2021),https://doi.org/10.1016/j.jaa.2021.101324,"San Miguel de Azapa, Lower Azapa Valley",Arica y Parinacota,Lowlands
Azapa 115,Formative,Late Formative,AZ115 T11,-500.0,100,AZ115 T11,-18.515454,-70.1180265,267,,,,,,,,F,Adult,,,Tooth,,,,,,,,,,,,,,Enamel,Max LM2,Infant-2/Child-1,2.5,8.0,,,0.707928,Standen et al. (2021),https://doi.org/10.1016/j.jaa.2021.101324,"San Miguel de Azapa, Lower Azapa Valley",Arica y Parinacota,Lowlands
Azapa 115,Formative,Late Formative,AZ115 T17B,-500.0,100,AZ115 T17B,-18.515454,-70.1180265,267,,,,,,,,F,Adult,,,Tooth,,,,,,,,,,,,,,Enamel,Mand LM3,Child-2/Adolescent-1,8.5,14.0,,,0.708183,Standen et al. (2021),https://doi.org/10.1016/j.jaa.2021.101324,"San Miguel de Azapa, Lower Azapa Valley",Arica y Parinacota,Lowlands
Azapa 115,Formative,Late Formative,AZ115 TZ5,-500.0,100,AZ115 TZ5,-18.515454,-70.1180265,267,,,,,,,,F,Adult,,,Tooth,,,,,,,,,,,,,,Enamel,Mand LPm2,Infant-2/Child-1,3.5,6.5,,,0.707972,Standen et al. (2021),https://doi.org/10.1016/j.jaa.2021.101324,"San Miguel de Azapa, Lower Azapa Valley",Arica y Parinacota,Lowlands
Azapa 115,Formative,Late Formative,AZ115 T9,-500.0,100,AZ115 T9,-18.515454,-70.1180265,267,,,,,,,,F,Adult,,,Bone,,,,,,,,,,,,,,Bone apatite,,,,,,,0.70756,Standen et al. (2021),https://doi.org/10.1016/j.jaa.2021.101324,"San Miguel de Azapa, Lower Azapa Valley",Arica y Parinacota,Lowlands
Azapa 75,Formative,Late Formative,AZ75 T43,-500.0,100,AZ75 T43,-18.5242,-70.1907,272,,,,,,,,F,Adult,,,Tooth,,,,,,,,,,,,,,Enamel,Mand LPm1,Infant-2/Child-1,2.5,6.0,,,0.707506,Standen et al. (2021),https://doi.org/10.1016/j.jaa.2021.101324,"San Miguel de Azapa, Lower Azapa Valley",Arica y Parinacota,Lowlands
Azapa 75,Formative,Late Formative,A775 S-NA,-500.0,100,A775 S-NA,-18.5242,-70.1907,272,,,,,,,,F,Adult,,,Tooth,,,,,,,,,,,,,,Enamel,Mand LPm1,Infant-2/Child-1,2.5,6.0,,,0.707576,Standen et al. (2021),https://doi.org/10.1016/j.jaa.2021.101324,"San Miguel de Azapa, Lower Azapa Valley",Arica y Parinacota,Lowlands
Azapa 75,Formative,Late Formative,AZ75 S-NC,-500.0,100,AZ75 S-NC,-18.5242,-70.1907,272,,,,,,,,M,Adult,,,Tooth,,,,,,,,,,,,,,Enamel,RM3,Child-2/Adolescent-0,8.5,14.0,,,0.707948,Standen et al. (2021),https://doi.org/10.1016/j.jaa.2021.101324,"San Miguel de Azapa, Lower Azapa Valley",Arica y Parinacota,Lowlands
Azapa 75,Formative,Late Formative,AZ75 T111,-500.0,100,AZ75 T111,-18.5242,-70.1907,272,,,,,,,,F,Adult,,,Tooth,,,,,,,,,,,,,,Enamel,Max RM3,Child-2/Adolescent-1,8.5,14.0,,,0.707018,Standen et al. (2021),https://doi.org/10.1016/j.jaa.2021.101324,"San Miguel de Azapa, Lower Azapa Valley",Arica y Parinacota,Lowlands
Azapa 75,Formative,Late Formative,AZ75 S/NE,-500.0,100,AZ75 S/NE,-18.5242,-70.1907,272,,,,,,,,F,Adult,,,Tooth,,,,,,,,,,,,,,Enamel,LM3,Child-2/Adolescent-1,8.5,14.0,,,0.70699,Standen et al. (2021),https://doi.org/10.1016/j.jaa.2021.101324,"San Miguel de Azapa, Lower Azapa Valley",Arica y Parinacota,Lowlands
Azapa 75,Formative,Late Formative,AZ75 S/NG,-500.0,100,AZ75 S/NG,-18.5242,-70.1907,272,,,,,,,,F,Adult,,,Tooth,,,,,,,,,,,,,,Enamel,Mand RM1,Infant-1/Infant-2,0.4,3.5,,,0.707741,Standen et al. (2021),https://doi.org/10.1016/j.jaa.2021.101324,"San Miguel de Azapa, Lower Azapa Valley",Arica y Parinacota,Lowlands
Azapa 75,Formative,Late Formative,AZ75 S/NI,-500.0,100,AZ75 S/NI,-18.5242,-70.1907,272,,,,,,,,F,Adult,,,Tooth,,,,,,,,,,,,,,Enamel,Max RM3,Child-2/Adolescent-1,8.5,14.0,,,0.70635,Standen et al. (2021),https://doi.org/10.1016/j.jaa.2021.101324,"San Miguel de Azapa, Lower Azapa Valley",Arica y Parinacota,Lowlands
Azapa 75,Formative,Late Formative,AZ75 T1,-500.0,100,AZ75 T1,-18.5242,-70.1907,272,,,,,,,,M,Adult,,,Tooth,,,,,,,,,,,,,,Enamel,LM3,Child-2/Adolescent-1,8.5,14.0,,,0.70737,Standen et al. (2021),https://doi.org/10.1016/j.jaa.2021.101324,"San Miguel de Azapa, Lower Azapa Valley",Arica y Parinacota,Lowlands
Azapa 75,Formative,Late Formative,AZ75 T55,-500.0,100,AZ75 T55,-18.5242,-70.1907,272,,,,,,,,F,Adult,,,Tooth,,,,,,,,,,,,,,Enamel,Max RM2,Infant-2/Child-1,2.5,8.0,,,0.707397,Standen et al. (2021),https://doi.org/10.1016/j.jaa.2021.101324,"San Miguel de Azapa, Lower Azapa Valley",Arica y Parinacota,Lowlands
Azapa 75,Formative,Late Formative,AZ75 T104,-500.0,100,AZ75 T104,-18.5242,-70.1907,272,,,,,,,,F,Adult,,,Tooth,,,,,,,,,,,,,,Enamel,Mand RM3,Child-2/Adolescent-1,8.5,14.0,,,0.707485,Standen et al. (2021),https://doi.org/10.1016/j.jaa.2021.101324,"San Miguel de Azapa, Lower Azapa Valley",Arica y Parinacota,Lowlands
Azapa 75,Formative,Late Formative,AZ75 T112,-500.0,100,AZ75 T112,-18.5242,-70.1907,272,,,,,,,,F,Adult,,,Tooth,,,,,,,,,,,,,,Enamel,Max LM1,Infant-1/Infant-2,0.4,3.5,,,0.708152,Standen et al. (2021),https://doi.org/10.1016/j.jaa.2021.101324,"San Miguel de Azapa, Lower Azapa Valley",Arica y Parinacota,Lowlands
Azapa 75,Formative,Late Formative,AZ75D T8B,-500.0,100,AZ75D T8B,-18.5242,-70.1907,272,,,,,,,,F,Adult,,,Tooth,,,,,,,,,,,,,,Enamel,Max LM3,Child-2/Adolescent-1,8.5,14.0,,,0.706788,Standen et al. (2021),https://doi.org/10.1016/j.jaa.2021.101324,"San Miguel de Azapa, Lower Azapa Valley",Arica y Parinacota,Lowlands
Azapa 75,Formative,Late Formative,AZ75D T14,-500.0,100,AZ75D T14,-18.5242,-70.1907,272,,,,,,,,M,Adult,,,Tooth,,,,,,,,,,,,,,Enamel,Mand LM2,Infant-2/Child-1,2.5,8.0,,,0.706799,Standen et al. (2021),https://doi.org/10.1016/j.jaa.2021.101324,"San Miguel de Azapa, Lower Azapa Valley",Arica y Parinacota,Lowlands
Azapa 75,Formative,Late Formative,AZ75 T5,-500.0,100,AZ75 T5,-18.5242,-70.1907,272,,,,,,,,F,Adult,,,Tooth,,,,,,,,,,,,,,Enamel,Max RM2,Infant-2/Child-1,2.5,8.0,,,0.70776,Standen et al. (2021),https://doi.org/10.1016/j.jaa.2021.101324,"San Miguel de Azapa, Lower Azapa Valley",Arica y Parinacota,Lowlands
Azapa 75,Formative,Late Formative,AZ75 T33,-500.0,100,AZ75 T33,-18.5242,-70.1907,272,,,,,,,,M,Adult,,,Bone,,,,,,,,,,,,,,Bone apatite,,,,,,,0.707521,Standen et al. (2021),https://doi.org/10.1016/j.jaa.2021.101324,"San Miguel de Azapa, Lower Azapa Valley",Arica y Parinacota,Lowlands
Azapa 75,Formative,Late Formative,AZ75 T34,-500.0,100,AZ75 T34,-18.5242,-70.1907,272,,,,,,,,F,Adult,,,Bone,,,,,,,,,,,,,,Bone apatite,,,,,,,0.707536,Standen et al. (2021),https://doi.org/10.1016/j.jaa.2021.101324,"San Miguel de Azapa, Lower Azapa Valley",Arica y Parinacota,Lowlands
Azapa 75,Formative,Late Formative,AZ75 T116A,-500.0,100,AZ75 T116A,-18.5242,-70.1907,272,,,,,,,,M,Adult,,,Tooth,,,,,,,,,,,,,,Enamel,Mand LM2,Infant-2/Child-1,2.5,8.0,,,0.707724,Standen et al. (2021),https://doi.org/10.1016/j.jaa.2021.101324,"San Miguel de Azapa, Lower Azapa Valley",Arica y Parinacota,Lowlands
Azapa 75,Formative,Late Formative,AZ75D S-N3,-500.0,100,AZ75D S-N3,-18.5242,-70.1907,272,,,,,,,,M,Adult,,,Tooth,,,,,,,,,,,,,,Enamel,RM2,Infant-2/Child-1,2.5,8.0,,,0.70793,Standen et al. (2021),https://doi.org/10.1016/j.jaa.2021.101324,"San Miguel de Azapa, Lower Azapa Valley",Arica y Parinacota,Lowlands
Azapa 75,Formative,Late Formative,AZ75 TBa,-500.0,100,AZ75 TBa,-18.5242,-70.1907,272,,,,,,,,M,Adult,,,Tooth,,,,,,,,,,,,,,Enamel,Max LM3,Child-2/Adolescent-1,8.5,14.0,,,0.706883,Standen et al. (2021),https://doi.org/10.1016/j.jaa.2021.101324,"San Miguel de Azapa, Lower Azapa Valley",Arica y Parinacota,Lowlands
Azapa 75,Formative,Late Formative,AZ75 T131,-500.0,100,AZ75 T131,-18.5242,-70.1907,272,,,,,,,,F,Adult,,,Tooth,,,,,,,,,,,,,,Enamel,Mand LPm2,Infant-2/Child-1,3.5,6.5,,,0.706935,Standen et al. (2021),https://doi.org/10.1016/j.jaa.2021.101324,"San Miguel de Azapa, Lower Azapa Valley",Arica y Parinacota,Lowlands
Calate,Formative,Late Formative,CH3-7-1,100.0,400,CH3-7-1,-21.279813,-69.922223,1030,,,,,,,,,,,,Bone,Bone collagen,,,,,,,,,-14.2,22.6,,,Bone apatite,,,,,-11.8,,,Pestle et al. (2015b),http://dx.doi.org/10.4067/S0717-73562015005000013,"Cordillera de la costa, north of Loa Valley",Tarapacá,Lowlands
Calate,Formative,Late Formative,CH1-2-1,100.0,400,CH1-2-1,-21.279813,-69.922223,1030,,,,,,,,,,,,Bone,Bone collagen,,,,,,,,,-11.8,24.8,,,Bone apatite,,,,,-9.8,,,Pestle et al. (2015b),http://dx.doi.org/10.4067/S0717-73562015005000013,"Cordillera de la costa, north of Loa Valley",Tarapacá,Lowlands
Chiu-Chiu,Formative,Late Formative,RAnL 273a-1#1,100.0,400,RAnL 273a-1#1,-22.335327,-68.648624,2539,,,,,,,,,,,,Bone,Bone collagen,,,,,,,,,-19.4,11.3,,,Bone apatite,,,,,-14.9,,,Pestle et al. (2015b),http://dx.doi.org/10.4067/S0717-73562015005000013,"Upper Loa Valley, Chiuchiu",Antofagasta,Precordillera
Chiu-Chiu,Formative,Late Formative,RAnL 273a-1#2,100.0,400,RAnL 273a-1#2,-22.335327,-68.648624,2539,,,,,,,,,,,,Bone,Bone collagen,,,,,,,,,-19.7,11.2,,,Bone apatite,,,,,-13.6,,,Pestle et al. (2015b),http://dx.doi.org/10.4067/S0717-73562015005000013,"Upper Loa Valley, Chiuchiu",Antofagasta,Precordillera
Chiu-Chiu,Formative,Late Formative,RAnL 273a-1#3,100.0,400,RAnL 273a-1#3,-22.335327,-68.648624,2539,,,,,,,,,,,,Bone,Bone collagen,,,,,,,,,-19.9,11.3,,,Bone apatite,,,,,-14.9,,,Pestle et al. (2015b),http://dx.doi.org/10.4067/S0717-73562015005000013,"Upper Loa Valley, Chiuchiu",Antofagasta,Precordillera
A299,Formative,Late Formative,F-58-1,73.0,330,A299,-21.942071,-69.678692,1186,,,,,,,,M,Young Adult,28.0,35.0,Hair,Hair keratin,Hair 0-2,Young Adult,28.0,35.0,,45.3,14.6,3.6,-13.1,24.0,,,,,,,,,,,Knudson et al. (2012),https://doi.org/10.1002/oa.1217,Intermedite area between the coast and the Loa Valley,Antofagasta,Lowlands
A299,Formative,Late Formative,F-58-2,73.0,330,A299,-21.942071,-69.678692,1186,,,,,,,,M,Young Adult,28.0,35.0,Hair,Hair keratin,Hair 2-4,Young Adult,28.0,35.0,,45.1,14.5,3.6,-12.3,24.2,,,,,,,,,,,Knudson et al. (2012),https://doi.org/10.1002/oa.1217,Intermedite area between the coast and the Loa Valley,Antofagasta,Lowlands
A299,Formative,Late Formative,F-58-3,73.0,330,A299,-21.942071,-69.678692,1186,,,,,,,,M,Young Adult,28.0,35.0,Hair,Hair keratin,Hair 4-6,Young Adult,28.0,35.0,,45.6,14.7,3.6,-13.1,24.1,,,,,,,,,,,Knudson et al. (2012),https://doi.org/10.1002/oa.1217,Intermedite area between the coast and the Loa Valley,Antofagasta,Lowlands
A299,Formative,Late Formative,F-58-4,73.0,330,A299,-21.942071,-69.678692,1186,,,,,,,,M,Young Adult,28.0,35.0,Hair,Hair keratin,Hair 6-8,Young Adult,28.0,35.0,,44.9,14.3,3.7,-15.8,24.6,,,,,,,,,,,Knudson et al. (2012),https://doi.org/10.1002/oa.1217,Intermedite area between the coast and the Loa Valley,Antofagasta,Lowlands
A299,Formative,Late Formative,F-58-5,73.0,330,A299,-21.942071,-69.678692,1186,,,,,,,,M,Young Adult,28.0,35.0,Hair,Hair keratin,Hair 8-10,Young Adult,28.0,35.0,,44.4,14.1,3.7,-16.3,22.2,,,,,,,,,,,Knudson et al. (2012),https://doi.org/10.1002/oa.1217,Intermedite area between the coast and the Loa Valley,Antofagasta,Lowlands
A299,Formative,Late Formative,F-58-6,73.0,330,A299,-21.942071,-69.678692,1186,,,,,,,,M,Young Adult,28.0,35.0,Hair,Hair keratin,Hair 10-12,Young Adult,28.0,35.0,,44.1,13.8,3.7,-16.0,18.4,,,,,,,,,,,Knudson et al. (2012),https://doi.org/10.1002/oa.1217,Intermedite area between the coast and the Loa Valley,Antofagasta,Lowlands
A299,Formative,Late Formative,F-58-7,73.0,330,A299,-21.942071,-69.678692,1186,,,,,,,,M,Young Adult,28.0,35.0,Hair,Hair keratin,Hair 12-14,Young Adult,28.0,35.0,,44.8,14.2,3.7,-16.5,17.1,,,,,,,,,,,Knudson et al. (2012),https://doi.org/10.1002/oa.1217,Intermedite area between the coast and the Loa Valley,Antofagasta,Lowlands
A299,Formative,Late Formative,F-58-8,73.0,330,A299,-21.942071,-69.678692,1186,,,,,,,,M,Young Adult,28.0,35.0,Hair,Hair keratin,Hair 14-16,Young Adult,28.0,35.0,,44.6,14.2,3.7,-16.0,19.9,,,,,,,,,,,Knudson et al. (2012),https://doi.org/10.1002/oa.1217,Intermedite area between the coast and the Loa Valley,Antofagasta,Lowlands
A299,Formative,Late Formative,F-58-9,73.0,330,A299,-21.942071,-69.678692,1186,,,,,,,,M,Young Adult,28.0,35.0,Hair,Hair keratin,Hair 16-18,Young Adult,28.0,35.0,,44.2,14.2,3.6,-14.8,23.7,,,,,,,,,,,Knudson et al. (2012),https://doi.org/10.1002/oa.1217,Intermedite area between the coast and the Loa Valley,Antofagasta,Lowlands
A299,Formative,Late Formative,F-58-10,73.0,330,A299,-21.942071,-69.678692,1186,,,,,,,,M,Young Adult,28.0,35.0,Hair,Hair keratin,Hair 18-20,Young Adult,28.0,35.0,,44.3,14.3,3.6,-15.4,23.4,,,,,,,,,,,Knudson et al. (2012),https://doi.org/10.1002/oa.1217,Intermedite area between the coast and the Loa Valley,Antofagasta,Lowlands
A299,Formative,Late Formative,ACL-2077,73.0,330,A299,-21.942071,-69.678692,1186,,,,,,,,M,Young Adult,28.0,35.0,Bone,Bone collagen,Tibia,Young Adult,28.0,35.0,,,,,-12.7,21.6,,,Bone apatite,Tibia,Adult,,,-8.9,-6.5,0.70745,Knudson et al. (2012),https://doi.org/10.1002/oa.1217,Intermedite area between the coast and the Loa Valley,Antofagasta,Lowlands
A299,Formative,Late Formative,ACL-2078,73.0,330,A299,-21.942071,-69.678692,1186,,,,,,,,M,Young Adult,28.0,35.0,Bone,Bone collagen,Rib,Young Adult,28.0,35.0,,,,,,,,,Bone apatite,Rib,Adult,,,-10.6,-8.1,0.70806,Knudson et al. (2012),https://doi.org/10.1002/oa.1217,Intermedite area between the coast and the Loa Valley,Antofagasta,Lowlands
A299,Formative,Late Formative,ACL-2079,73.0,330,A299,-21.942071,-69.678692,1186,,,,,,,,M,Young Adult,28.0,35.0,Tooth,,,Young Adult,28.0,35.0,,,,,,,,,Enamel,,Subadult,,,-7.4,-4.2,0.70883,Knudson et al. (2012),https://doi.org/10.1002/oa.1217,Intermedite area between the coast and the Loa Valley,Antofagasta,Lowlands
El Toco,Formative,Late Formative,R1,100.0,400,R1,-22.068081,-69.60071,1094,,,,,,,,,,,,Bone,Bone collagen,,,,,,,,,-12.7,21.6,,,Bone apatite,,,,,-9.0,,,Pestle et al. (2015b),http://dx.doi.org/10.4067/S0717-73562015005000013,"Middle Loa Valley, Toco",Antofagasta,Lowlands
Las Loberas,Formative,Late Formative,LOB-1,-700.0,-650,LOB-1,-23.0677,-70.5555,48,,,,,,,,M,Old Adult,50.0,,Bone,Bone collagen,,Adult,,,,,,,-10.9,25.8,,,Bone apatite,,Adult,,,-9.5,-0.9,,Ballester and Clarot (2014),https://www.researchgate.net/publication/342500271_La_Gente_de_los_Tumulos_de_Tierra,Mejillones Península,Antofagasta,Coast
Playa Miller 7,Formative,Late Formative,PML 7_12816_5,-500.0,500,PML 7_12816_5,-18.491944,-70.324746,63,14C-AMS,SacA (number not reported),2153.0,22.0,52.0,336.0,Hair keratin,und,Infant-2,1.0,5.0,Hair,Hair keratin,,Infant-2,1.0,5.0,,46.8,13.6,4.0,-14.2,20.9,39.3,19.1,,,,,,,,,Bonilla et al. (2016),http://dx.doi.org/10.1016/j.jasrep.2016.01.026,Arica Coast,Arica y Parinacota,Coast
Playa Miller 7,Formative,Late Formative,PML 7_S/N10,-500.0,500,PML 7_S/N10,-18.491944,-70.324746,63,14C-AMS,SacA (number not reported),2101.0,22.0,20.0,214.0,Hair keratin,und,Child,6.0,11.0,Hair,Hair keratin,,Child,6.0,11.0,,45.5,13.6,3.9,-16.7,15.7,40.1,11.2,,,,,,,,,Bonilla et al. (2016),http://dx.doi.org/10.1016/j.jasrep.2016.01.026,Arica Coast,Arica y Parinacota,Coast
Playa Miller 7,Formative,Late Formative,PML 7_Cr5_2,-500.0,500,PML 7_Cr5_2,-18.491944,-70.324746,63,14C-AMS,SacA (number not reported),2235.0,22.0,-11.0,335.0,Hair keratin,F,Middle Adult,37.0,43.0,Hair,Hair keratin,,Middle Adult,37.0,43.0,,45.5,14.3,3.7,-12.9,25.0,39.4,21.2,,,,,,,,,Bonilla et al. (2016),http://dx.doi.org/10.1016/j.jasrep.2016.01.026,Arica Coast,Arica y Parinacota,Coast
Playa Miller 7,Formative,Late Formative,PML 7_T306,-500.0,500,PML 7_T306,-18.491944,-70.324746,63,14C-AMS,SacA (number not reported),2220.0,30.0,16.0,360.0,Hair keratin,und,Infant-2,1.0,5.0,Hair,Hair keratin,,Infant-2,1.0,5.0,,45.5,14.2,3.7,-12.8,25.2,41.8,19.3,,,,,,,,,Bonilla et al. (2016),http://dx.doi.org/10.1016/j.jasrep.2016.01.026,Arica Coast,Arica y Parinacota,Coast
Playa Miller 7,Formative,Late Formative,PML 7_T309_2,-500.0,500,PML 7_T309_2,-18.491944,-70.324746,63,14C-AMS,SacA (number not reported),2040.0,22.0,233.0,565.0,Hair keratin,F,Young Adult,22.0,28.0,Hair,Hair keratin,,Young Adult,22.0,28.0,,48.2,13.0,4.3,-14.0,27.0,32.0,21.3,,,,,,,,,Bonilla et al. (2016),http://dx.doi.org/10.1016/j.jasrep.2016.01.026,Arica Coast,Arica y Parinacota,Coast
Playa Miller 7,Formative,Late Formative,PML 7_Cr148_2,-500.0,500,PML 7_Cr148_2,-18.491944,-70.324746,63,14C-AMS,SacA (number not reported),2414.0,22.0,-341.0,29.0,Hair keratin,M,Middle Adult,40.0,46.0,Hair,Hair keratin,,Middle Adult,40.0,46.0,,47.9,14.3,3.9,-14.5,27.6,36.4,21.3,,,,,,,,,Bonilla et al. (2016),http://dx.doi.org/10.1016/j.jasrep.2016.01.026,Arica Coast,Arica y Parinacota,Coast
Playa Miller 7,Formative,Late Formative,PML 7_T305_3,-500.0,500,PML 7_T305_3,-18.491944,-70.324746,63,14C-AMS,SacA (number not reported),2455.0,22.0,-355.0,-53.0,Hair keratin,M,Adult,,,Hair,Hair keratin,,Adult,,,,44.6,13.8,3.8,-14.0,25.8,33.2,21.4,,,,,,,,,Bonilla et al. (2016),http://dx.doi.org/10.1016/j.jasrep.2016.01.026,Arica Coast,Arica y Parinacota,Coast
Playa Miller 7,Formative,Late Formative,PML 7_Ca4_3,-500.0,500,PML 7_Ca4_3,-18.491944,-70.324746,63,14C-AMS,SacA (number not reported),2335.0,22.0,-167.0,120.0,Hair keratin,und,Child-2,8.0,12.0,Hair,Hair keratin,,Child-2,8.0,12.0,,44.7,13.3,3.9,-14.4,26.3,35.9,21.2,,,,,,,,,Bonilla et al. (2016),http://dx.doi.org/10.1016/j.jasrep.2016.01.026,Arica Coast,Arica y Parinacota,Coast
Playa Miller 7,Formative,Late Formative,PML 7_T107_2,-500.0,500,PML 7_T107_2,-18.491944,-70.324746,63,14C-AMS,SacA (number not reported),2278.0,22.0,-132.0,142.0,Hair keratin,F,Middle Adult,37.0,43.0,Hair,Hair keratin,,Middle Adult,37.0,43.0,,47.9,13.6,4.1,-13.9,25.1,38.0,21.1,,,,,,,,,Bonilla et al. (2016),http://dx.doi.org/10.1016/j.jasrep.2016.01.026,Arica Coast,Arica y Parinacota,Coast
TGN1,Formative,Formative,TGN1-11,-300.0,-200,TGN1-11,-23.066073,-70.373036,25,,,,,,,,M,Old Adult,20.0,,Bone,Bone collagen,,Adult,,,,,,,-11.5,25.5,,,Bone apatite,,Adult,,,-9.0,-1.4,,Ballester and Clarot (2014),https://www.researchgate.net/publication/342500271_La_Gente_de_los_Tumulos_de_Tierra,"Mejillones Bay, Mejillones Port",Antofagasta,Coast
Pica 8,Late Intermediate,Late Intermediate,P8-7,900.0,1450,P8-7,-20.520277,-69.3725,1174,,,,,,,,M,Adult,,,Bone,Bone collagen,Phalange,Adult,,,25.5,41.7,15.2,2.7,-8.4,16.5,,,,,,,,,,,Petruzzelli et al. (2012),https://www.researchgate.net/publication/267827070_Stable_carbon_and_nitrogen_isotopic_analysis_of_skeletal_remains_from_Azapa_71_and_Pica-8_Northern_Chile_an_assessment_of_humand_diet_and_landscape_use_in_the_Late_Holocene,"Inland oases, Pica",Tarapacá,Lowlands
Pica 8,Late Intermediate,Late Intermediate,P8-15,900.0,1450,P8-15,-20.520277,-69.3725,1174,,,,,,,,F,Adult,,,Bone,Bone collagen,Phalange,Adult,,,24.1,42.5,14.8,2.9,-10.4,18.0,,,,,,,,,,,Petruzzelli et al. (2012),https://www.researchgate.net/publication/267827070_Stable_carbon_and_nitrogen_isotopic_analysis_of_skeletal_remains_from_Azapa_71_and_Pica-8_Northern_Chile_an_assessment_of_humand_diet_and_landscape_use_in_the_Late_Holocene,"Inland oases, Pica",Tarapacá,Lowlands
Pica 8,Late Intermediate,Late Intermediate,P8-24,900.0,1450,P8-24,-20.520277,-69.3725,1174,,,,,,,,M,Adult,,,Bone,Bone collagen,Metacarpal,Adult,,,25.6,42.2,15.0,2.8,-8.7,15.1,,,,,,,,,,,Petruzzelli et al. (2012),https://www.researchgate.net/publication/267827070_Stable_carbon_and_nitrogen_isotopic_analysis_of_skeletal_remains_from_Azapa_71_and_Pica-8_Northern_Chile_an_assessment_of_humand_diet_and_landscape_use_in_the_Late_Holocene,"Inland oases, Pica",Tarapacá,Lowlands
Pica 8,Late Intermediate,Late Intermediate,P8-31,900.0,1450,P8-31,-20.520277,-69.3725,1174,,,,,,,,F,Adult,,,Bone,Bone collagen,Phalange,Adult,,,16.1,41.5,14.7,2.8,-13.0,21.4,,,,,,,,,,,Petruzzelli et al. (2012),https://www.researchgate.net/publication/267827070_Stable_carbon_and_nitrogen_isotopic_analysis_of_skeletal_remains_from_Azapa_71_and_Pica-8_Northern_Chile_an_assessment_of_humand_diet_and_landscape_use_in_the_Late_Holocene,"Inland oases, Pica",Tarapacá,Lowlands
Pica 8,Late Intermediate,Late Intermediate,P8-37,900.0,1450,P8-37,-20.520277,-69.3725,1174,,,,,,,,F,Adult,,,Bone,Bone collagen,Phalange,Adult,,,22.5,40.3,13.1,3.1,-8.8,23.1,,,,,,,,,,,Petruzzelli et al. (2012),https://www.researchgate.net/publication/267827070_Stable_carbon_and_nitrogen_isotopic_analysis_of_skeletal_remains_from_Azapa_71_and_Pica-8_Northern_Chile_an_assessment_of_humand_diet_and_landscape_use_in_the_Late_Holocene,"Inland oases, Pica",Tarapacá,Lowlands
Pica 8,Late Intermediate,Late Intermediate,P8-47,900.0,1450,P8-47,-20.520277,-69.3725,1174,,,,,,,,F,Adult,,,Bone,Bone collagen,Metacarpal,Adult,,,25.4,42.8,15.7,2.7,-10.1,16.2,,,,,,,,,,,Petruzzelli et al. (2012),https://www.researchgate.net/publication/267827070_Stable_carbon_and_nitrogen_isotopic_analysis_of_skeletal_remains_from_Azapa_71_and_Pica-8_Northern_Chile_an_assessment_of_humand_diet_and_landscape_use_in_the_Late_Holocene,"Inland oases, Pica",Tarapacá,Lowlands
Pica 8,Late Intermediate,Late Intermediate,B0410,900.0,1450,B0410,-20.520277,-69.3725,1174,,,,,,,,F,Young Adult,21.0,35.0,Bone,Bone collagen,Rib,Adult,,,22.5,45.3,14.3,3.7,-10.5,22.9,,,Bone apatite,Rib,Adult,,,-5.0,-8.2,,Santana-Sagredo et al. (2015a),DOI: 10.1002/ajpa.22663,"Inland oases, Pica",Tarapacá,Lowlands
Pica 8,Late Intermediate,Late Intermediate,B0410,900.0,1450,B0410,-20.520277,-69.3725,1174,,,,,,,,F,Young Adult,21.0,35.0,Tendon,Tendon collagen,Tendon,Adult,,,,46.1,15.9,3.4,-10.8,25.3,,,,,,,,,,,Mora et al. (2018),https://doi.org/10.1016/j.jas.2018.03.002,"Inland oases, Pica",Tarapacá,Lowlands
Pica 8,Late Intermediate,Late Intermediate,B0413,900.0,1450,B0413,-20.520277,-69.3725,1174,,,,,,,,F,Adult,,,Bone,Bone collagen,Rib,Adult,,,21.1,46.7,12.9,4.2,-10.0,21.0,,,Bone apatite,Rib,Adult,,,-4.8,-8.3,,Santana-Sagredo et al. (2015a),DOI: 10.1002/ajpa.22663,"Inland oases, Pica",Tarapacá,Lowlands
Pica 8,Late Intermediate,Late Intermediate,B0413,900.0,1450,B0413,-20.520277,-69.3725,1174,,,,,,,,F,Adult,,,Tooth,,,Adult,,,,,,,,,,,Enamel,Mand Pm2,Infant-2/Child-1,2.5,6.0,-4.8,-7.8,,Santana-Sagredo et al. (2015a),DOI: 10.1002/ajpa.22663,"Inland oases, Pica",Tarapacá,Lowlands
Pica 8,Late Intermediate,Late Intermediate,B0414,900.0,1450,B0414,-20.520277,-69.3725,1174,,,,,,,,M,Adult,,,Bone,Bone collagen,Rib,Adult,,,,,,3.6,-9.2,15.5,,,Bone apatite,Rib,Adult,,,-3.6,,,Santana-Sagredo et al. (2015a),DOI: 10.1002/ajpa.22663,"Inland oases, Pica",Tarapacá,Lowlands
Pica 8,Late Intermediate,Late Intermediate,B0415,900.0,1450,B0415,-20.520277,-69.3725,1174,,,,,,,,M,Young Adult,21.0,35.0,Bone,Bone collagen,Rib,Adult,,,22.1,43.7,14.2,3.6,-9.6,14.2,,,Bone apatite,Rib,Adult,,,-3.9,-7.5,,Santana-Sagredo et al. (2015a),DOI: 10.1002/ajpa.22663,"Inland oases, Pica",Tarapacá,Lowlands
Pica 8,Late Intermediate,Late Intermediate,B0415,900.0,1450,B0415,-20.520277,-69.3725,1174,,,,,,,,M,Young Adult,21.0,35.0,Tendon,Tendon collagen,Tendon,Adult,,,,45.7,16.1,3.3,-8.2,16.2,,,,,,,,,,,Mora et al. (2018),https://doi.org/10.1016/j.jas.2018.03.002,"Inland oases, Pica",Tarapacá,Lowlands
Pica 8,Late Intermediate,Late Intermediate,B0419,900.0,1450,B0419,-20.520277,-69.3725,1174,,,,,,,,F,Adult,,,Bone,Bone collagen,Rib,Adult,,,23.3,42.4,14.9,3.3,-9.9,13.4,,,Bone apatite,Rib,Adult,,,-4.5,-6.3,,Santana-Sagredo et al. (2015a),DOI: 10.1002/ajpa.22663,"Inland oases, Pica",Tarapacá,Lowlands
Pica 8,Late Intermediate,Late Intermediate,B0419,900.0,1450,B0419,-20.520277,-69.3725,1174,,,,,,,,F,Adult,,,Tooth,,,Adult,,,,,,,,,,,Enamel,Mand M2,Infant-2/Child-1,2.5,8.0,-2.9,-8.7,,Santana-Sagredo et al. (2015a),DOI: 10.1002/ajpa.22663,"Inland oases, Pica",Tarapacá,Lowlands
Pica 8,Late Intermediate,Late Intermediate,B0420,900.0,1450,B0420,-20.520277,-69.3725,1174,,,,,,,,F,Young Adult,21.0,35.0,Bone,Bone collagen,Rib,Adult,,,23.6,44.5,15.1,3.4,-18.6,10.9,,,Bone apatite,Rib,Adult,,,-13.0,-9.6,,Santana-Sagredo et al. (2015a),DOI: 10.1002/ajpa.22663,"Inland oases, Pica",Tarapacá,Lowlands
Pica 8,Late Intermediate,Late Intermediate,B0420,900.0,1450,B0420,-20.520277,-69.3725,1174,,,,,,,,F,Young Adult,21.0,35.0,Tendon,Tendon collagen,Tendon,Adult,,,,46.6,16.1,3.4,-18.3,12.2,,,,,,,,,,,Mora et al. (2018),https://doi.org/10.1016/j.jas.2018.03.002,"Inland oases, Pica",Tarapacá,Lowlands
Pica 8,Late Intermediate,Late Intermediate,B0420,900.0,1450,B0420,-20.520277,-69.3725,1174,,,,,,,,F,Adult,,,Tooth,,,Adult,,,,,,,,,,,Enamel,Max M3,Child-2/Adolescent-1,8.5,14.0,-11.4,-11.3,,Santana-Sagredo et al. (2015a),DOI: 10.1002/ajpa.22663,"Inland oases, Pica",Tarapacá,Lowlands
Pica 8,Late Intermediate,Late Intermediate,B0421,900.0,1450,B0421,-20.520277,-69.3725,1174,,,,,,,,F,Adult,,,Bone,Bone collagen,Rib,Adult,,,22.5,45.4,13.8,3.8,-10.5,15.9,,,Bone apatite,Rib,Adult,,,-4.3,-8.6,,Santana-Sagredo et al. (2015a),DOI: 10.1002/ajpa.22663,"Inland oases, Pica",Tarapacá,Lowlands
Pica 8,Late Intermediate,Late Intermediate,B0421,900.0,1450,B0421,-20.520277,-69.3725,1174,,,,,,,,F,Adult,,,Tooth,,,Adult,,,,,,,,,,,Enamel,Mand M3,Child-2/Adolescent-1,8.5,14.0,-2.5,-8.4,,Santana-Sagredo et al. (2015a),DOI: 10.1002/ajpa.22663,"Inland oases, Pica",Tarapacá,Lowlands
Pica 8,Late Intermediate,Late Intermediate,B0422,900.0,1450,B0422,-20.520277,-69.3725,1174,,,,,,,,F,Adult,,,Bone,Bone collagen,Rib,Adult,,,,,,3.6,-8.8,22.9,,,Bone apatite,Rib,Adult,,,-4.1,,,Santana-Sagredo et al. (2015a),DOI: 10.1002/ajpa.22663,"Inland oases, Pica",Tarapacá,Lowlands
Pica 8,Late Intermediate,Late Intermediate,B0423,900.0,1450,B0423,-20.520277,-69.3725,1174,,,,,,,,F,Adult,,,Bone,Bone collagen,Rib,Adult,,,24.9,44.4,14.7,3.5,-11.9,21.2,,,Bone apatite,Rib,Adult,,,-6.2,-6.2,,Santana-Sagredo et al. (2015a),DOI: 10.1002/ajpa.22663,"Inland oases, Pica",Tarapacá,Lowlands
Pica 8,Late Intermediate,Late Intermediate,B0424,900.0,1450,B0424,-20.520277,-69.3725,1174,,,,,,,,F,Adult,,,Bone,Bone collagen,Rib,Adult,,,23.8,46.8,15.3,3.6,-14.1,24.4,,,Bone apatite,Rib,Adult,,,-10.5,-5.7,,Santana-Sagredo et al. (2015a),DOI: 10.1002/ajpa.22663,"Inland oases, Pica",Tarapacá,Lowlands
Pica 8,Late Intermediate,Late Intermediate,B0424,900.0,1450,B0424,-20.520277,-69.3725,1174,,,,,,,,F,Adult,,,Tooth,,,Adult,,,,,,,,,,,Enamel,Max M2,Infant-2/Child-1,2.5,8.0,-8.5,-3.7,,Santana-Sagredo et al. (2015a),DOI: 10.1002/ajpa.22663,"Inland oases, Pica",Tarapacá,Lowlands
Pica 8,Late Intermediate,Late Intermediate,B0426,900.0,1450,B0426,-20.520277,-69.3725,1174,,,,,,,,F,Adult,,,Bone,Bone collagen,Rib,Adult,,,19.4,43.6,14.9,3.4,-9.4,18.4,,,Bone apatite,Rib,Adult,,,-4.4,-8.0,,Santana-Sagredo et al. (2015a),DOI: 10.1002/ajpa.22663,"Inland oases, Pica",Tarapacá,Lowlands
Pica 8,Late Intermediate,Late Intermediate,B0426,900.0,1450,B0426,-20.520277,-69.3725,1174,,,,,,,,F,Adult,,,Tooth,,,Adult,,,,,,,,,,,Enamel,Mand M2,Infant-2/Child-1,2.5,8.0,-4.2,-8.0,,Santana-Sagredo et al. (2015a),DOI: 10.1002/ajpa.22663,"Inland oases, Pica",Tarapacá,Lowlands
Pica 8,Late Intermediate,Late Intermediate,B0427,900.0,1450,B0427,-20.520277,-69.3725,1174,,,,,,,,M,Adult,,,Bone,Bone collagen,Rib,Adult,,,13.2,45.3,13.4,3.9,-16.9,12.9,,,Bone apatite,Rib,Adult,,,-11.2,-9.4,,Santana-Sagredo et al. (2015a),DOI: 10.1002/ajpa.22663,"Inland oases, Pica",Tarapacá,Lowlands
Pica 8,Late Intermediate,Late Intermediate,B0427,900.0,1450,B0427,-20.520277,-69.3725,1174,,,,,,,,M,Adult,,,Tooth,,,Adult,,,,,,,,,,,Enamel,Max M2,Infant-2/Child-1,2.5,8.0,-11.5,-10.9,,Santana-Sagredo et al. (2015a),DOI: 10.1002/ajpa.22663,"Inland oases, Pica",Tarapacá,Lowlands
Pica 8,Late Intermediate,Late Intermediate,B0428,900.0,1450,B0428,-20.520277,-69.3725,1174,,,,,,,,F,Adult,,,Bone,Bone collagen,Rib,Adult,,,18.3,47.1,15.1,3.6,-9.5,23.3,,,Bone apatite,Rib,Adult,,,-4.3,-8.3,,Santana-Sagredo et al. (2015a),DOI: 10.1002/ajpa.22663,"Inland oases, Pica",Tarapacá,Lowlands
Pica 8,Late Intermediate,Late Intermediate,B0428,900.0,1450,B0428,-20.520277,-69.3725,1174,,,,,,,,F,Adult,,,Tooth,,,Adult,,,,,,,,,,,Enamel,Mand M3,Child-2/Adolescent-1,8.5,14.0,-2.1,-8.8,,Santana-Sagredo et al. (2015a),DOI: 10.1002/ajpa.22663,"Inland oases, Pica",Tarapacá,Lowlands
Pica 8,Late Intermediate,Late Intermediate,B0430,900.0,1450,B0430,-20.520277,-69.3725,1174,,,,,,,,F,Adult,,,Bone,Bone collagen,Rib,Adult,,,23.2,42.5,15.3,3.2,-9.3,14.5,,,Bone apatite,Rib,Adult,,,-4.0,-6.9,,Santana-Sagredo et al. (2015a),DOI: 10.1002/ajpa.22663,"Inland oases, Pica",Tarapacá,Lowlands
Pica 8,Late Intermediate,Late Intermediate,B0431,900.0,1450,B0431,-20.520277,-69.3725,1174,,,,,,,,M,Adult,,,Bone,Bone collagen,Rib,Adult,,,21.3,42.8,15.0,3.3,-13.9,12.8,,,Bone apatite,Rib,Adult,,,-8.2,-7.8,,Santana-Sagredo et al. (2015a),DOI: 10.1002/ajpa.22663,"Inland oases, Pica",Tarapacá,Lowlands
Pica 8,Late Intermediate,Late Intermediate,B0431,900.0,1450,B0431,-20.520277,-69.3725,1174,,,,,,,,M,Adult,,,Tooth,,,Adult,,,,,,,,,,,Enamel,Max M3,Child-2/Adolescent-1,8.5,14.0,-6.2,-7.9,,Santana-Sagredo et al. (2015a),DOI: 10.1002/ajpa.22663,"Inland oases, Pica",Tarapacá,Lowlands
Pica 8,Late Intermediate,Late Intermediate,B0432,900.0,1450,B0432,-20.520277,-69.3725,1174,,,,,,,,F,Adult,,,Bone,Bone collagen,Rib,Adult,,,23.6,53.4,16.8,3.7,-12.3,14.6,,,Bone apatite,Rib,Adult,,,-6.4,-8.1,,Santana-Sagredo et al. (2015a),DOI: 10.1002/ajpa.22663,"Inland oases, Pica",Tarapacá,Lowlands
Pica 8,Late Intermediate,Late Intermediate,B0432,900.0,1450,B0432,-20.520277,-69.3725,1174,,,,,,,,F,Adult,,,Tooth,,,Adult,,,,,,,,,,,Enamel,Max M3,Child-2/Adolescent-1,8.5,14.0,-4.0,-9.2,,Santana-Sagredo et al. (2015a),DOI: 10.1002/ajpa.22663,"Inland oases, Pica",Tarapacá,Lowlands
Pica 8,Late Intermediate,Late Intermediate,B0433,900.0,1450,B0433,-20.520277,-69.3725,1174,,,,,,,,F,Adult,,,Bone,Bone collagen,Rib,Adult,,,,,,3.2,-9.9,16.0,,,Bone apatite,Rib,Adult,,,-5.2,,,Santana-Sagredo et al. (2015a),DOI: 10.1002/ajpa.22663,"Inland oases, Pica",Tarapacá,Lowlands
Pica 8,Late Intermediate,Late Intermediate,B0435,900.0,1450,B0435,-20.520277,-69.3725,1174,,,,,,,,M,Adult,,,Bone,Bone collagen,Rib,Adult,,,21.8,43.5,15.4,3.3,-9.8,13.0,,,Bone apatite,Rib,Adult,,,-4.5,-6.9,,Santana-Sagredo et al. (2015a),DOI: 10.1002/ajpa.22663,"Inland oases, Pica",Tarapacá,Lowlands
Pica 8,Late Intermediate,Late Intermediate,B0438,900.0,1450,B0438,-20.520277,-69.3725,1174,,,,,,,,M,Adult,,,Bone,Bone collagen,Rib,Adult,,,,,,3.5,-8.7,21.8,,,Bone apatite,Rib,Adult,,,-4.7,,,Santana-Sagredo et al. (2015a),DOI: 10.1002/ajpa.22663,"Inland oases, Pica",Tarapacá,Lowlands
Pica 8,Late Intermediate,Late Intermediate,B0439,900.0,1450,B0439,-20.520277,-69.3725,1174,,,,,,,,F,Adult,,,Bone,Bone collagen,Rib,Adult,,,16.1,41.9,14.9,3.3,-10.8,16.2,,,Bone apatite,Rib,Adult,,,-5.1,-8.1,,Santana-Sagredo et al. (2015a),DOI: 10.1002/ajpa.22663,"Inland oases, Pica",Tarapacá,Lowlands
Pica 8,Late Intermediate,Late Intermediate,B0439,900.0,1450,B0439,-20.520277,-69.3725,1174,,,,,,,,F,Adult,,,Tooth,,,Adult,,,,,,,,,,,Enamel,Max M3,Child-2/Adolescent-1,8.5,14.0,-7.3,-7.2,,Santana-Sagredo et al. (2015a),DOI: 10.1002/ajpa.22663,"Inland oases, Pica",Tarapacá,Lowlands
Pica 8,Late Intermediate,Late Intermediate,B0440,900.0,1450,B0440,-20.520277,-69.3725,1174,,,,,,,,M,Adult,,,Bone,Bone collagen,Rib,Adult,,,18.4,44.1,15.7,3.3,-9.2,15.3,,,Bone apatite,Rib,Adult,,,-4.6,-8.6,,Santana-Sagredo et al. (2015a),DOI: 10.1002/ajpa.22663,"Inland oases, Pica",Tarapacá,Lowlands
Pica 8,Late Intermediate,Late Intermediate,B0440,900.0,1450,B0440,-20.520277,-69.3725,1174,,,,,,,,M,Adult,,,Tooth,,,Adult,,,,,,,,,,,Enamel,Max Pm2,Infant-2/Child-1,3.5,6.5,-0.6,-8.3,,Santana-Sagredo et al. (2015a),DOI: 10.1002/ajpa.22663,"Inland oases, Pica",Tarapacá,Lowlands
Pica 8,Late Intermediate,Late Intermediate,B0441,900.0,1450,B0441,-20.520277,-69.3725,1174,,,,,,,,M,Adult,,,Bone,Bone collagen,Rib,Adult,,,21.9,46.8,15.3,3.6,-9.9,19.6,,,Bone apatite,Rib,Adult,,,-4.4,-6.9,,Santana-Sagredo et al. (2015a),DOI: 10.1002/ajpa.22663,"Inland oases, Pica",Tarapacá,Lowlands
Pica 8,Late Intermediate,Late Intermediate,B0441,900.0,1450,B0441,-20.520277,-69.3725,1174,,,,,,,,M,Adult,,,Tooth,,,Adult,,,,,,,,,,,Enamel,Mand M2,Infant-2/Child-1,2.5,8.0,0.8,-8.6,,Santana-Sagredo et al. (2015a),DOI: 10.1002/ajpa.22663,"Inland oases, Pica",Tarapacá,Lowlands
Pica 8,Late Intermediate,Late Intermediate,B0442,900.0,1450,B0442,-20.520277,-69.3725,1174,,,,,,,,F,Adult,,,Bone,Bone collagen,Rib,Adult,,,,,,,,,,,,,,,,,,,Santana-Sagredo et al. (2015a),DOI: 10.1002/ajpa.22663,"Inland oases, Pica",Tarapacá,Lowlands
Pica 8,Late Intermediate,Late Intermediate,B0444,900.0,1450,B0444,-20.520277,-69.3725,1174,,,,,,,,M,Adult,,,Bone,Bone collagen,Rib,Adult,,,,,,,,,,,,,,,,,,,Santana-Sagredo et al. (2015a),DOI: 10.1002/ajpa.22663,"Inland oases, Pica",Tarapacá,Lowlands
Pica 8,Late Intermediate,Late Intermediate,B0447,900.0,1450,B0447,-20.520277,-69.3725,1174,,,,,,,,M,Middle Adult,36.0,50.0,Bone,Bone collagen,Rib,Adult,,,21.8,45.7,14.3,3.7,-10.4,21.0,,,Bone apatite,Rib,Adult,,,-4.0,-8.2,,Santana-Sagredo et al. (2015a),DOI: 10.1002/ajpa.22663,"Inland oases, Pica",Tarapacá,Lowlands
Pica 8,Late Intermediate,Late Intermediate,B0447,900.0,1450,B0447,-20.520277,-69.3725,1174,,,,,,,,M,Middle Adult,36.0,50.0,Tendon,Tendon collagen,Tendon,Adult,,,,46.6,16.0,3.4,-8.7,15.5,,,,,,,,,,,Mora et al. (2018),https://doi.org/10.1016/j.jas.2018.03.002,"Inland oases, Pica",Tarapacá,Lowlands
Pica 8,Late Intermediate,Late Intermediate,B0447,900.0,1450,B0447,-20.520277,-69.3725,1174,,,,,,,,M,Middle Adult,36.0,50.0,Tooth,,,Adult,,,,,,,,,,,Enamel,Max M2,Infant-2/Child-1,2.5,8.0,-1.9,-9.6,,Santana-Sagredo et al. (2015a),DOI: 10.1002/ajpa.22663,"Inland oases, Pica",Tarapacá,Lowlands
Pica 8,Late Intermediate,Late Intermediate,B0449,900.0,1450,B0449,-20.520277,-69.3725,1174,,,,,,,,M,Adult,,,Bone,Bone collagen,Rib,Adult,,,,,,3.5,-9.5,13.3,,,Bone apatite,Rib,Adult,,,-4.4,,,Santana-Sagredo et al. (2015a),DOI: 10.4324/9781003229810-3,"Inland oases, Pica",Tarapacá,Lowlands
Pica 8,Late Intermediate,Late Intermediate,B0451,900.0,1450,B0451,-20.520277,-69.3725,1174,,,,,,,,F,Adult,,,Bone,Bone collagen,Rib,Adult,,,,,,3.3,-8.7,17.3,,,Bone apatite,Rib,Adult,,,-3.9,,,Santana-Sagredo et al. (2015a),DOI: 10.4324/9781003229810-3,"Inland oases, Pica",Tarapacá,Lowlands
Pica 8,Late Intermediate,Late Intermediate,B0453,900.0,1450,B0453,-20.520277,-69.3725,1174,,,,,,,,F,Adult,,,Bone,Bone collagen,Rib,Adult,,,29.0,48.1,15.4,3.6,-12.0,20.5,,,Bone apatite,Rib,Adult,,,-7.4,-9.2,,Santana-Sagredo et al. (2015a),DOI: 10.1002/ajpa.22663,"Inland oases, Pica",Tarapacá,Lowlands
Pica 8,Late Intermediate,Late Intermediate,B0453,900.0,1450,B0453,-20.520277,-69.3725,1174,,,,,,,,F,Adult,,,Tooth,,,Adult,,,,,,,,,,,Enamel,Max M3,Child-2/Adolescent-1,8.5,14.0,-11.2,-11.0,,Santana-Sagredo et al. (2015a),DOI: 10.1002/ajpa.22663,"Inland oases, Pica",Tarapacá,Lowlands
Pica 8,Late Intermediate,Late Intermediate,B0455,900.0,1450,B0455,-20.520277,-69.3725,1174,,,,,,,,M,Adult,,,Bone,Bone collagen,Rib,Adult,,,,,,3.3,-7.9,22.0,,,Bone apatite,Rib,Adult,,,-3.6,,,Santana-Sagredo et al. (2015a),DOI: 10.1002/ajpa.22663,"Inland oases, Pica",Tarapacá,Lowlands
Pica 8,Late Intermediate,Late Intermediate,B0463,900.0,1450,B0463,-20.520277,-69.3725,1174,,,,,,,,F,Adult,,,Bone,Bone collagen,Rib,Adult,,,8.0,41.4,14.9,3.2,-10.0,13.2,,,Bone apatite,Rib,Adult,,,-4.6,-7.6,,Santana-Sagredo et al. (2015a),DOI: 10.1002/ajpa.22663,"Inland oases, Pica",Tarapacá,Lowlands
Pica 8,Late Intermediate,Late Intermediate,B0463,900.0,1450,B0463,-20.520277,-69.3725,1174,,,,,,,,F,Adult,,,Tooth,,,Adult,,,,,,,,,,,Enamel,Max M3,Child-2/Adolescent-1,8.5,14.0,-2.7,-8.2,,Santana-Sagredo et al. (2015a),DOI: 10.1002/ajpa.22663,"Inland oases, Pica",Tarapacá,Lowlands
Pica 8,Late Intermediate,Late Intermediate,B0466,900.0,1450,B0466,-20.520277,-69.3725,1174,,,,,,,,M,Adult,,,Bone,Bone collagen,Rib,Adult,,,7.4,41.8,14.0,3.5,-10.0,14.2,,,Bone apatite,Rib,Adult,,,-5.1,-8.2,,Santana-Sagredo et al. (2015a),DOI: 10.1002/ajpa.22663,"Inland oases, Pica",Tarapacá,Lowlands
Pica 8,Late Intermediate,Late Intermediate,B0467,900.0,1450,B0467,-20.520277,-69.3725,1174,,,,,,,,M,Adult,,,Bone,Bone collagen,Rib,Adult,,,12.6,43.5,13.8,3.7,-10.6,13.4,,,Bone apatite,Rib,Adult,,,-3.9,-7.5,,Santana-Sagredo et al. (2015a),DOI: 10.1002/ajpa.22663,"Inland oases, Pica",Tarapacá,Lowlands
Pica 8,Late Intermediate,Late Intermediate,B0468,900.0,1450,B0468,-20.520277,-69.3725,1174,,,,,,,,F,Adult,,,Bone,Bone collagen,Rib,Adult,,,7.1,40.8,13.8,3.4,-9.0,21.5,,,Bone apatite,Rib,Adult,,,-4.0,-8.0,,Santana-Sagredo et al. (2015a),DOI: 10.1002/ajpa.22663,"Inland oases, Pica",Tarapacá,Lowlands
Pica 8,Late Intermediate,Late Intermediate,B0468,900.0,1450,B0468,-20.520277,-69.3725,1174,,,,,,,,F,Adult,,,Tooth,,,Adult,,,,,,,,,,,Enamel,Max M2,Infant-2/Child-1,2.5,8.0,-3.0,-7.6,,Santana-Sagredo et al. (2015a),DOI: 10.1002/ajpa.22663,"Inland oases, Pica",Tarapacá,Lowlands
Pica 8,Late Intermediate,Late Intermediate,B0469,900.0,1450,B0469,-20.520277,-69.3725,1174,,,,,,,,M,Adult,,,Bone,Bone collagen,Rib,Adult,,,7.8,39.2,13.4,3.4,-8.8,21.5,,,Bone apatite,Rib,Adult,,,-4.1,-8.5,,Santana-Sagredo et al. (2015a),DOI: 10.1002/ajpa.22663,"Inland oases, Pica",Tarapacá,Lowlands
Pica 8,Late Intermediate,Late Intermediate,B0470,900.0,1450,B0470,-20.520277,-69.3725,1174,,,,,,,,F,Adult,,,Bone,Bone collagen,Rib,Adult,,,9.7,41.3,13.8,3.5,-10.5,14.2,,,Bone apatite,Rib,Adult,,,-4.7,-8.4,,Santana-Sagredo et al. (2015a),DOI: 10.1002/ajpa.22663,"Inland oases, Pica",Tarapacá,Lowlands
Pica 8,Late Intermediate,Late Intermediate,B0476,900.0,1450,B0476,-20.520277,-69.3725,1174,,,,,,,,M,Adult,,,Bone,Bone collagen,Rib,Adult,,,,,,3.3,-10.1,24.1,,,Bone apatite,Rib,Adult,,,-4.4,,,Santana-Sagredo et al. (2021),DOI: 10.4324/9781003229810-3,"Inland oases, Pica",Tarapacá,Lowlands
Pica 8,Late Intermediate,Late Intermediate,B0476,900.0,1450,B0476,-20.520277,-69.3725,1174,,,,,,,,M,Adult,,,Bone,Bone collagen,Rib,Adult,,,,,,,,,,,Bone apatite,Rib,Adult,,,-4.8,,,Santana-Sagredo et al. (2021),DOI: 10.4324/9781003229810-3,"Inland oases, Pica",Tarapacá,Lowlands
Pica 8,Late Intermediate,Late Intermediate,B0478,900.0,1450,B0478,-20.520277,-69.3725,1174,,,,,,,,F,Adult,,,Bone,Bone collagen,Rib,Adult,,,,,,3.4,-12.3,24.2,,,Bone apatite,Rib,Adult,,,-11.1,,,Santana-Sagredo et al. (2021),DOI: 10.4324/9781003229810-3,"Inland oases, Pica",Tarapacá,Lowlands
Pica 8,Late Intermediate,Late Intermediate,B0478,900.0,1450,B0478,-20.520277,-69.3725,1174,,,,,,,,F,Adult,,,Bone,Bone collagen,Rib,Adult,,,,,,,,,,,Bone apatite,Rib,Adult,,,-9.0,,,Santana-Sagredo et al. (2021),DOI: 10.4324/9781003229810-3,"Inland oases, Pica",Tarapacá,Lowlands
Pica 8,Late Intermediate,Late Intermediate,B0483,900.0,1450,B0483,-20.520277,-69.3725,1174,,,,,,,,F,Adult,,,Bone,Bone collagen,Rib,Adult,,,11.9,43.8,15.8,3.2,-13.3,20.3,,,Bone apatite,Rib,Adult,,,-8.5,-6.3,,Santana-Sagredo et al. (2015a),DOI: 10.1002/ajpa.22663,"Inland oases, Pica",Tarapacá,Lowlands
Pica 8,Late Intermediate,Late Intermediate,B0483,900.0,1450,B0483,-20.520277,-69.3725,1174,,,,,,,,F,Adult,,,Tooth,,,Adult,,,,,,,,,,,Enamel,Mand M3,Child-2/Adolescent-1,8.5,14.0,-2.2,-9.2,,Santana-Sagredo et al. (2015a),DOI: 10.1002/ajpa.22663,"Inland oases, Pica",Tarapacá,Lowlands
Pica 8,Late Intermediate,Late Intermediate,B0484,900.0,1450,B0484,-20.520277,-69.3725,1174,,,,,,,,F,Adult,,,Bone,Bone collagen,Rib,Adult,,,21.1,45.1,15.6,3.4,-9.3,16.6,,,Bone apatite,Rib,Adult,,,-4.8,-8.8,,Santana-Sagredo et al. (2015a),DOI: 10.1002/ajpa.22663,"Inland oases, Pica",Tarapacá,Lowlands
Pica 8,Late Intermediate,Late Intermediate,B0492,900.0,1450,B0492,-20.520277,-69.3725,1174,,,,,,,,und,Adult,,,Bone,Bone collagen,Rib,Adult,,,12.1,41.7,13.1,3.7,-16.9,13.3,,,Bone apatite,Rib,Adult,,,-11.7,-10.1,,Santana-Sagredo et al. (2015a),DOI: 10.1002/ajpa.22663,"Inland oases, Pica",Tarapacá,Lowlands
Pica 8,Late Intermediate,Late Intermediate,B0493,900.0,1450,B0493,-20.520277,-69.3725,1174,,,,,,,,M,Adult,,,Bone,Bone collagen,Rib,Adult,,,5.4,37.2,13.1,3.3,-9.9,14.2,,,Bone apatite,Rib,Adult,,,-6.0,-8.9,,Santana-Sagredo et al. (2015a),DOI: 10.1002/ajpa.22663,"Inland oases, Pica",Tarapacá,Lowlands
Pica 8,Late Intermediate,Late Intermediate,B0493,900.0,1450,B0493,-20.520277,-69.3725,1174,,,,,,,,M,Adult,,,Tooth,,,Adult,,,,,,,,,,,Enamel,Mand M2,Infant-2/Child-1,2.5,8.0,-3.1,-8.0,,Santana-Sagredo et al. (2015a),DOI: 10.1002/ajpa.22663,"Inland oases, Pica",Tarapacá,Lowlands
Pica 8,Late Intermediate,Late Intermediate,B0498,900.0,1450,B0498,-20.520277,-69.3725,1174,,,,,,,,und,und,,,Bone,Bone collagen,Rib,Adult,,,,,,3.5,-10.3,20.3,,,Bone apatite,Rib,Adult,,,-8.7,,,Santana-Sagredo et al. (2021),DOI: 10.4324/9781003229810-3,"Inland oases, Pica",Tarapacá,Lowlands
Pica 8,Late Intermediate,Late Intermediate,SI-T32,900.0,1450,SI-T32,-20.520277,-69.3725,1174,,,,,,,,F,Middle Adult,36.0,50.0,Tendon,Tendon collagen,Tendon,Adult,,,,45.9,15.8,3.4,-8.2,16.2,,,,,,,,,,,Mora et al. (2018),https://doi.org/10.1016/j.jas.2018.03.002,"Inland oases, Pica",Tarapacá,Lowlands
Pica 8,Late Intermediate,Late Intermediate,SF-T4,900.0,1450,SF-T4,-20.520277,-69.3725,1174,,,,,,,,M,Middle Adult,36.0,50.0,Tendon,Tendon collagen,Tendon,Adult,,,,45.6,16.6,3.2,-7.8,17.5,,,,,,,,,,,Mora et al. (2018),https://doi.org/10.1016/j.jas.2018.03.002,"Inland oases, Pica",Tarapacá,Lowlands
Pica 8,Late Intermediate,Late Intermediate,SB-T?,900.0,1450,SB-T?,-20.520277,-69.3725,1174,,,,,,,,,,,,Tendon,Tendon collagen,Tendon,,,,,45.3,16.3,3.2,-7.6,17.3,,,,,,,,,,,Mora et al. (2018),https://doi.org/10.1016/j.jas.2018.03.002,"Inland oases, Pica",Tarapacá,Lowlands
Pica 8,Late Intermediate,Late Intermediate,SD-T30,900.0,1450,SD-T30,-20.520277,-69.3725,1174,,,,,,,,,,,,Tendon,Tendon collagen,Tendon,,,,,44.5,15.6,3.3,-9.2,17.1,,,,,,,,,,,Mora et al. (2018),https://doi.org/10.1016/j.jas.2018.03.002,"Inland oases, Pica",Tarapacá,Lowlands
Pica 8,Late Intermediate,Late Intermediate,SG-T63,900.0,1450,SG-T63,-20.520277,-69.3725,1174,,,,,,,,,,,,Tendon,Tendon collagen,Tendon,,,,,45.2,16.1,3.3,-8.9,13.7,,,,,,,,,,,Mora et al. (2018),https://doi.org/10.1016/j.jas.2018.03.002,"Inland oases, Pica",Tarapacá,Lowlands
Pisagua 5,Late Intermediate,Late Intermediate,PIS5 34,900.0,1450,PIS5 34,-19.5973,-70.213,15,,,,,,,,und,,,,Bone,Bone collagen,Rib,,,,,,,3.2,-9.2,21.9,,,Bone apatite,Rib,,,,-11.0,,,Santana-Sagredo et al. (2021),DOI: 10.4324/9781003229810-3,"Pisagua bay, Pisagua",Tarapacá,Coast
Pisagua 5,Late Intermediate,Late Intermediate,PIS5 34,900.0,1450,PIS5 34,-19.5973,-70.213,15,,,,,,,,und,,,,Tooth,,,,,,,,,,,,,,Enamel,Mand Pm2,Infant-2/Child-1,2.5,6.5,-3.0,,,Santana-Sagredo et al. (2021),DOI: 10.4324/9781003229810-3,"Pisagua bay, Pisagua",Tarapacá,Coast
Pisagua Gruta,Late Intermediate,Late Intermediate,PISGC.1,900.0,1450,PISGC.1,-19.5973,-70.213,15,,,,,,,,und,,,,Bone,,,,,,,,,,,,,,Bone apatite,Cranial bone,,,,-9.5,,,Santana-Sagredo et al. (2021),DOI: 10.4324/9781003229810-3,"Pisagua bay, Pisagua",Tarapacá,Coast
Pisagua Gruta,Late Intermediate,Late Intermediate,PISGC.1,900.0,1450,PISGC.1,-19.5973,-70.213,15,,,,,,,,und,,,,Tooth,,,,,,,,,,,,,,Enamel,Max M2,Infant-2/Child-1,2.5,8.0,-8.0,,,Santana-Sagredo et al. (2021),DOI: 10.4324/9781003229810-3,"Pisagua bay, Pisagua",Tarapacá,Coast
Pisagua Gruta,Late Intermediate,Late Intermediate,PISGC.2,900.0,1450,PISGC.2,-19.5973,-70.213,15,,,,,,,,und,,,,Bone,Bone collagen,Rib,,,,,,,3.3,-11.9,27.4,,,Bone apatite,Rib,,,,-9.4,,,Santana-Sagredo et al. (2021),DOI: 10.4324/9781003229810-3,"Pisagua bay, Pisagua",Tarapacá,Coast
Pisagua Gruta,Late Intermediate,Late Intermediate,PISGC.2,900.0,1450,PISGC.2,-19.5973,-70.213,15,,,,,,,,und,,,,Tooth,,,,,,,,,,,,,,Enamel,Max M2,Infant-2/Child-1,2.5,8.0,-7.5,,,Santana-Sagredo et al. (2021),DOI: 10.4324/9781003229810-3,"Pisagua bay, Pisagua",Tarapacá,Coast
Pisagua Hospital,Late Intermediate,Late Intermediate,PIS HOSP SG 247–1,900.0,1450,PIS HOSP SG 247–1,-19.596729,-70.212339,12,,,,,,,,und,,,,Bone,Bone collagen,Rib,,,,,,,3.2,-11.6,26.2,,,Bone apatite,Rib,,,,-10.1,,,Santana-Sagredo et al. (2021),DOI: 10.4324/9781003229810-3,"Pisagua bay, Pisagua",Tarapacá,Coast
Pisagua Hospital,Late Intermediate,Late Intermediate,PIS HOSP SG 247–2,900.0,1450,PIS HOSP SG 247–2,-19.596729,-70.212339,12,,,,,,,,und,,,,Bone,Bone collagen,Tibia,,,,,,,3.2,-12.1,26.1,,,Bone apatite,Tibia,,,,-9.3,,,Santana-Sagredo et al. (2021),DOI: 10.4324/9781003229810-3,"Pisagua bay, Pisagua",Tarapacá,Coast
Pisagua–Uhle,Late Intermediate,Late Intermediate,PIS302,900.0,1450,PIS302,-19.5973,-70.213,15,,,,,,,,M,,,,Bone,Bone collagen,Cranial bone,,,,,,,3.3,-11.4,26.6,,,Bone apatite,Cranial bone,,,,-9.8,,,Santana-Sagredo et al. (2021),DOI: 10.4324/9781003229810-3,"Pisagua bay, Pisagua",Tarapacá,Coast
Pisagua–Uhle,Late Intermediate,Late Intermediate,PIS302,900.0,1450,PIS302,-19.5973,-70.213,15,,,,,,,,M,,,,Tooth,,,,,,,,,,,,,,Enamel,Max M2,Infant-2/Child-1,2.5,8.0,-12.9,,,Santana-Sagredo et al. (2021),DOI: 10.4324/9781003229810-3,"Pisagua bay, Pisagua",Tarapacá,Coast
Pisagua–Uhle,Late Intermediate,Late Intermediate,PIS344,900.0,1450,PIS344,-19.5973,-70.213,15,,,,,,,,M,,,,Bone,Bone collagen,Cranial bone,,,,,,,3.3,-11.3,25.0,,,,,,,,,,,Santana-Sagredo et al. (2021),DOI: 10.4324/9781003229810-3,"Pisagua bay, Pisagua",Tarapacá,Coast
Pisagua–Uhle,Late Intermediate,Late Intermediate,PIS344,900.0,1450,PIS344,-19.5973,-70.213,15,,,,,,,,M,,,,Tooth,,,,,,,,,,,,,,Enamel,Max M2,Infant-2/Child-1,2.5,8.0,-5.9,,,Santana-Sagredo et al. (2021),DOI: 10.4324/9781003229810-3,"Pisagua bay, Pisagua",Tarapacá,Coast
Autoclub,Late Intermediate,Late Intermediate,AC 4628 A,900.0,1485,AC 4628 A,-23.705123,-70.425649,1,,,,,,,,F,,,,Bone,Bone collagen,Rib,,,,,,,3.2,-11.4,25.7,,,Enamel,M3,,,,-9.2,-5.8,,Santana-Sagredo et al. (2019),https://doi.org/10.1016/j.quaint.2018.05.013,Coast of,Antofagasta,Coast
Autoclub,Late Intermediate,Late Intermediate,AC 4631 A,900.0,1485,AC 4631 A,-23.705123,-70.425649,1,,,,,,,,und,,,,Bone,Bone collagen,Ulna,,,,,,,3.4,-12.1,24.6,,,Bone apatite,Ulna,,,,-8.4,-0.3,,Santana-Sagredo et al. (2019),https://doi.org/10.1016/j.quaint.2018.05.013,Coast of,Antofagasta,Coast
Autoclub,Late Intermediate,Late Intermediate,AC 4638 C1,900.0,1485,AC 4638,-23.705123,-70.425649,1,,,,,,,,,,,,Bone,Bone collagen,Rib,,,,,,,3.3,-12.0,26.1,,,Bone apatite,Rib,,,,-8.8,-1.3,,Santana-Sagredo et al. (2019),https://doi.org/10.1016/j.quaint.2018.05.013,Coast of,Antofagasta,Coast
Autoclub,Late Intermediate,Late Intermediate,AC 4641,900.0,1485,AC 4641,-23.705123,-70.425649,1,,,,,,,,M,,,,Bone,Bone collagen,Ulna,,,,,,,3.3,-11.8,25.7,,,Bone apatite,Ulna,,,,-6.7,-2.0,,Santana-Sagredo et al. (2019),https://doi.org/10.1016/j.quaint.2018.05.013,Coast of,Antofagasta,Coast
Autoclub,Late Intermediate,Late Intermediate,AC 5052B,900.0,1485,AC 5052B,-23.705123,-70.425649,1,,,,,,,,und,,,,Bone,Bone collagen,Rib,,,,,,,3.2,-11.3,25.1,,,Bone apatite,Rib,,,,-8.2,-1.3,,Santana-Sagredo et al. (2019),https://doi.org/10.1016/j.quaint.2018.05.013,Coast of,Antofagasta,Coast
Autoclub,Late Intermediate,Late Intermediate,AC Contexto 11,900.0,1485,AC Contexto 11,-23.705123,-70.425649,1,,,,,,,,,,,,Bone,Bone collagen,,,,,,,,,-12.1,26.2,,,Bone apatite,,,,,-8.4,-3.7,,Ballester et al. (2014),https://www.academia.edu/12851044/Ballester_et_al_2014_El_cementerio_de_Autoclub_de_Antofagasta_y_la_sociedad_litoral_entre_los_1000_y_1450_DC,Coast of,Antofagasta,Coast
Azapa 11,Late Intermediate,Late Intermediate,Az11 T3,1000.0,1450,Az11 T3,-18.546317,-70.120671,505,,,,,,,,F,Old Adult,50.0,,Bone,Bone collagen,,Adult,,,14.8,47.0,15.9,3.4,-14.9,10.7,,,,,,,,,,,King et al. (2018a),https://doi.org/10.1016/j.quascirev.2017.12.009,"San Miguel de Azapa, Lower Azapa Valley",Arica y Parinacota,Lowlands
Azapa 11,Late Intermediate,Late Intermediate,Az11 T7,1000.0,1450,Az11 T7,-18.546317,-70.120671,505,,,,,,,,F,Middle Adult,36.0,50.0,Bone,Bone collagen,,Adult,,,15.8,43.3,14.1,3.6,-11.8,17.6,,,,,,,,,,,King et al. (2018a),https://doi.org/10.1016/j.quascirev.2017.12.009,"San Miguel de Azapa, Lower Azapa Valley",Arica y Parinacota,Lowlands
Azapa 11,Late Intermediate,Late Intermediate,Az11 Sec T8,1000.0,1450,Az11 Sec T8,-18.546317,-70.120671,505,,,,,,,,F,Old Adult,50.0,,Bone,Bone collagen,,Adult,,,15.0,42.3,14.7,3.4,-11.1,11.6,,,,,,,,,,,King et al. (2018a),https://doi.org/10.1016/j.quascirev.2017.12.009,"San Miguel de Azapa, Lower Azapa Valley",Arica y Parinacota,Lowlands
Azapa 11,Late Intermediate,Late Intermediate,Az11 T16,1000.0,1450,Az11 T16,-18.546317,-70.120671,505,,,,,,,,M,Middle Adult,36.0,50.0,Bone,Bone collagen,,Adult,,,20.9,42.6,14.6,3.4,-17.8,11.8,,,,,,,,,,,King et al. (2018a),https://doi.org/10.1016/j.quascirev.2017.12.009,"San Miguel de Azapa, Lower Azapa Valley",Arica y Parinacota,Lowlands
Azapa 11,Late Intermediate,Late Intermediate,Az11 T8a,1000.0,1450,Az11 T8a,-18.522937,-70.183064,356,,,,,,,,und,Child-1,6.0,7.0,Tooth,Dentin collagen,dm1 (section 1),Fetus,,-0.2,,43.2,14.8,3.4,-17.5,13.5,,,,,,,,,,,King et al. (2018b),http://dx.doi.org/10.4067/S0717-73562018005000802,"San Miguel de Azapa, Lower Azapa Valley",Arica y Parinacota,Lowlands
Azapa 11,Late Intermediate,Late Intermediate,Az11 T8a,1000.0,1450,Az11 T8a,-18.522937,-70.183064,356,,,,,,,,und,Child-1,6.0,7.0,Tooth,Dentin collagen,dm1 (section 2),Fetus/Infant-1,-0.2,0.2,,43.6,15.2,3.4,-16.7,14.2,,,,,,,,,,,King et al. (2018b),http://dx.doi.org/10.4067/S0717-73562018005000802,"San Miguel de Azapa, Lower Azapa Valley",Arica y Parinacota,Lowlands
Azapa 11,Late Intermediate,Late Intermediate,Az11 T8a,1000.0,1450,Az11 T8a,-18.522937,-70.183064,356,,,,,,,,und,Child-1,6.0,7.0,Tooth,Dentin collagen,dm1 (section 3),Infant-1,0.2,0.6,,41.0,14.3,3.3,-16.7,14.5,,,,,,,,,,,King et al. (2018b),http://dx.doi.org/10.4067/S0717-73562018005000802,"San Miguel de Azapa, Lower Azapa Valley",Arica y Parinacota,Lowlands
Azapa 11,Late Intermediate,Late Intermediate,Az11 T8a,1000.0,1450,Az11 T8a,-18.522937,-70.183064,356,,,,,,,,und,Child-1,6.0,7.0,Tooth,Dentin collagen,dm1 (section 4),Infant-1,0.6,1.0,,42.1,14.9,3.3,-17.3,13.8,,,,,,,,,,,King et al. (2018b),http://dx.doi.org/10.4067/S0717-73562018005000802,"San Miguel de Azapa, Lower Azapa Valley",Arica y Parinacota,Lowlands
Azapa 11,Late Intermediate,Late Intermediate,Az11 T8a,1000.0,1450,Az11 T8a,-18.522937,-70.183064,356,,,,,,,,und,Child-1,6.0,7.0,Tooth,Dentin collagen,dm1 (section 5),Infant-1/Infant-2,1.0,1.4,,42.6,14.8,3.3,-17.8,13.1,,,,,,,,,,,King et al. (2018b),http://dx.doi.org/10.4067/S0717-73562018005000802,"San Miguel de Azapa, Lower Azapa Valley",Arica y Parinacota,Lowlands
Azapa 11,Late Intermediate,Late Intermediate,Az11 T8a,1000.0,1450,Az11 T8a,-18.522937,-70.183064,356,,,,,,,,und,Child-1,6.0,7.0,Tooth,Dentin collagen,dm1 (section 6),Infant-2,1.4,1.9,,42.4,15.0,3.3,-18.1,13.0,,,,,,,,,,,King et al. (2018b),http://dx.doi.org/10.4067/S0717-73562018005000802,"San Miguel de Azapa, Lower Azapa Valley",Arica y Parinacota,Lowlands
Azapa 11,Late Intermediate,Late Intermediate,Az11 T8a,1000.0,1450,Az11 T8a,-18.522937,-70.183064,356,,,,,,,,und,Child-1,6.0,7.0,Tooth,Dentin collagen,dm1 (section 7),Infant-2,1.9,2.3,,42.9,15.0,3.3,-18.0,12.6,,,,,,,,,,,King et al. (2018b),http://dx.doi.org/10.4067/S0717-73562018005000802,"San Miguel de Azapa, Lower Azapa Valley",Arica y Parinacota,Lowlands
Azapa 11,Late Intermediate,Late Intermediate,Az11 T8a,1000.0,1450,Az11 T8a,-18.522937,-70.183064,356,,,,,,,,und,Child-1,6.0,7.0,Tooth,Dentin collagen,dm1 (section 8),Infant-2,2.3,2.7,,43.7,14.9,3.4,-18.0,12.3,,,,,,,,,,,King et al. (2018b),http://dx.doi.org/10.4067/S0717-73562018005000802,"San Miguel de Azapa, Lower Azapa Valley",Arica y Parinacota,Lowlands
Azapa 11,Late Intermediate,Late Intermediate,Az11 T8a,1000.0,1450,Az11 T8a,-18.522937,-70.183064,356,,,,,,,,und,Child-1,6.0,7.0,Tooth,Dentin collagen,dm1 (section 9),Infant-2,2.7,3.1,,44.2,15.1,3.4,-18.2,12.1,,,,,,,,,,,King et al. (2018b),http://dx.doi.org/10.4067/S0717-73562018005000802,"San Miguel de Azapa, Lower Azapa Valley",Arica y Parinacota,Lowlands
Azapa 11,Late Intermediate,Late Intermediate,Az11 T8a,1000.0,1450,Az11 T8a,-18.522937,-70.183064,356,,,,,,,,und,Child-1,6.0,7.0,Tooth,Dentin collagen,dm1 (section 10),Infant-2,3.1,3.5,,40.2,14.3,3.3,-18.4,11.5,,,,,,,,,,,King et al. (2018b),http://dx.doi.org/10.4067/S0717-73562018005000802,"San Miguel de Azapa, Lower Azapa Valley",Arica y Parinacota,Lowlands
Azapa 71,Late Intermediate,Late Intermediate,Az71-331b,900.0,1450,Az71-331b,-18.518711,-70.172905,296,,,,,,,,M,Adult,,,Bone,Bone collagen,Rib,Adult,,,9.2,41.8,15.0,2.8,-16.8,14.4,,,,,,,,,,,Petruzzelli et al. (2012),https://www.researchgate.net/publication/267827070_Stable_carbon_and_nitrogen_isotopic_analysis_of_skeletal_remains_from_Azapa_71_and_Pica-8_Northern_Chile_an_assessment_of_humand_diet_and_landscape_use_in_the_Late_Holocene,"San Miguel de Azapa, Lower Azapa Valley",Arica y Parinacota,Lowlands
Azapa 71,Late Intermediate,Late Intermediate,Az71-165,1000.0,1450,Az71-165,-18.518711,-70.172905,296,,,,,,,,F,Subadult,,,Bone,Bone collagen,Rib,Subadult,,,23.5,44.1,13.8,3.2,-13.5,22.2,,,,,,,,,,,Petruzzelli et al. (2012),https://www.researchgate.net/publication/267827070_Stable_carbon_and_nitrogen_isotopic_analysis_of_skeletal_remains_from_Azapa_71_and_Pica-8_Northern_Chile_an_assessment_of_humand_diet_and_landscape_use_in_the_Late_Holocene,"San Miguel de Azapa, Lower Azapa Valley",Arica y Parinacota,Lowlands
Azapa 71,Late Intermediate,Late Intermediate,Az71 T315,1000.0,1450,Az71 T315,-18.520336,-70.172673,287,,,,,,,,und,Infant-2,3.0,4.0,Tooth,Dentin collagen,dm1 (section 1),Fetus,,-0.2,,19.0,5.8,3.8,-12.2,21.8,,,,,,,,,,,King et al. (2018b),http://dx.doi.org/10.4067/S0717-73562018005000802,"San Miguel de Azapa, Lower Azapa Valley",Arica y Parinacota,Lowlands
Azapa 71,Late Intermediate,Late Intermediate,Az71 T315,1000.0,1450,Az71 T315,-18.520336,-70.172673,287,,,,,,,,und,Infant-2,3.0,4.0,Tooth,Dentin collagen,dm1 (section 2),Fetus/Infant-1,-0.2,0.1,,40.5,13.9,3.4,-10.6,23.2,,,,,,,,,,,King et al. (2018b),http://dx.doi.org/10.4067/S0717-73562018005000802,"San Miguel de Azapa, Lower Azapa Valley",Arica y Parinacota,Lowlands
Azapa 71,Late Intermediate,Late Intermediate,Az71 T315,1000.0,1450,Az71 T315,-18.520336,-70.172673,287,,,,,,,,und,Infant-2,3.0,4.0,Tooth,Dentin collagen,dm1 (section 3),Infant-1,0.1,0.4,,43.1,14.1,3.6,-11.0,24.7,,,,,,,,,,,King et al. (2018b),http://dx.doi.org/10.4067/S0717-73562018005000802,"San Miguel de Azapa, Lower Azapa Valley",Arica y Parinacota,Lowlands
Azapa 71,Late Intermediate,Late Intermediate,Az71 T315,1000.0,1450,Az71 T315,-18.520336,-70.172673,287,,,,,,,,und,Infant-2,3.0,4.0,Tooth,Dentin collagen,dm1 (section 4),Infant-1,0.4,0.7,,43.1,14.5,3.5,-10.8,25.0,,,,,,,,,,,King et al. (2018b),http://dx.doi.org/10.4067/S0717-73562018005000802,"San Miguel de Azapa, Lower Azapa Valley",Arica y Parinacota,Lowlands
Azapa 71,Late Intermediate,Late Intermediate,Az71 T315,1000.0,1450,Az71 T315,-18.520336,-70.172673,287,,,,,,,,und,Infant-2,3.0,4.0,Tooth,Dentin collagen,dm1 (section 5),Infant-1,0.7,1.0,,42.0,14.6,3.4,-11.2,25.0,,,,,,,,,,,King et al. (2018b),http://dx.doi.org/10.4067/S0717-73562018005000802,"San Miguel de Azapa, Lower Azapa Valley",Arica y Parinacota,Lowlands
Azapa 71,Late Intermediate,Late Intermediate,Az71 T315,1000.0,1450,Az71 T315,-18.520336,-70.172673,287,,,,,,,,und,Infant-2,3.0,4.0,Tooth,Dentin collagen,dm1 (section 6),Infant-1/Infant-2,1.0,1.3,,42.0,14.7,3.3,-11.6,24.0,,,,,,,,,,,King et al. (2018b),http://dx.doi.org/10.4067/S0717-73562018005000802,"San Miguel de Azapa, Lower Azapa Valley",Arica y Parinacota,Lowlands
Azapa 71,Late Intermediate,Late Intermediate,Az71 T315,1000.0,1450,Az71 T315,-18.520336,-70.172673,287,,,,,,,,und,Infant-2,3.0,4.0,Tooth,Dentin collagen,dm1 (section 7),Infant-2,1.3,1.7,,42.2,14.7,3.3,-11.7,24.1,,,,,,,,,,,King et al. (2018b),http://dx.doi.org/10.4067/S0717-73562018005000802,"San Miguel de Azapa, Lower Azapa Valley",Arica y Parinacota,Lowlands
Azapa 71,Late Intermediate,Late Intermediate,Az71 T315,1000.0,1450,Az71 T315,-18.520336,-70.172673,287,,,,,,,,und,Infant-2,3.0,4.0,Tooth,Dentin collagen,dm1 (section 8),Infant-2,1.7,2.0,,42.5,14.7,3.4,-12.1,23.7,,,,,,,,,,,King et al. (2018b),http://dx.doi.org/10.4067/S0717-73562018005000802,"San Miguel de Azapa, Lower Azapa Valley",Arica y Parinacota,Lowlands
Azapa 71,Late Intermediate,Late Intermediate,Az71 T315,1000.0,1450,Az71 T315,-18.520336,-70.172673,287,,,,,,,,und,Infant-2,3.0,4.0,Tooth,Dentin collagen,dm1 (section 9),Infant-2,2.0,2.3,,42.1,14.8,3.3,-12.5,22.9,,,,,,,,,,,King et al. (2018b),http://dx.doi.org/10.4067/S0717-73562018005000802,"San Miguel de Azapa, Lower Azapa Valley",Arica y Parinacota,Lowlands
Azapa 71,Late Intermediate,Late Intermediate,Az71 T315,1000.0,1450,Az71 T315,-18.520336,-70.172673,287,,,,,,,,und,Infant-2,3.0,4.0,Tooth,Dentin collagen,dm1 (section 10),Infant-2,2.3,2.6,,42.4,14.6,3.4,-12.8,22.5,,,,,,,,,,,King et al. (2018b),http://dx.doi.org/10.4067/S0717-73562018005000802,"San Miguel de Azapa, Lower Azapa Valley",Arica y Parinacota,Lowlands
Azapa 71,Late Intermediate,Late Intermediate,Az71 T315,1000.0,1450,Az71 T315,-18.520336,-70.172673,287,,,,,,,,und,Infant-2,3.0,4.0,Tooth,Dentin collagen,dm1 (section 11),Infant-2,2.6,2.9,,42.6,14.8,3.4,-12.5,22.0,,,,,,,,,,,King et al. (2018b),http://dx.doi.org/10.4067/S0717-73562018005000802,"San Miguel de Azapa, Lower Azapa Valley",Arica y Parinacota,Lowlands
Azapa 76,Late Intermediate,Late Intermediate,Az76 T0,1000.0,1450,Az76 T0,-18.5242,-70.1907,272,,,,,,,,und,Child-1,7.0,8.0,Tooth,Dentin collagen,dm2 (section 1),Fetus,,-0.2,,43.0,16.2,3.1,-12.6,19.8,,,,,,,,,,,King et al. (2018b),http://dx.doi.org/10.4067/S0717-73562018005000802,"San Miguel de Azapa, Lower Azapa Valley",Arica y Parinacota,Lowlands
Azapa 76,Late Intermediate,Late Intermediate,Az76 T0,1000.0,1450,Az76 T0,-18.5242,-70.1907,272,,,,,,,,und,Child-1,7.0,8.0,Tooth,Dentin collagen,dm2 (section 2),Fetus/Infant-1,-0.2,0.1,,44.0,16.1,3.2,-13.7,19.7,,,,,,,,,,,King et al. (2018b),http://dx.doi.org/10.4067/S0717-73562018005000802,"San Miguel de Azapa, Lower Azapa Valley",Arica y Parinacota,Lowlands
Azapa 76,Late Intermediate,Late Intermediate,Az76 T0,1000.0,1450,Az76 T0,-18.5242,-70.1907,272,,,,,,,,und,Child-1,7.0,8.0,Tooth,Dentin collagen,dm2 (section 3),Infant-1,0.1,0.4,,42.7,15.6,3.2,-13.8,19.0,,,,,,,,,,,King et al. (2018b),http://dx.doi.org/10.4067/S0717-73562018005000802,"San Miguel de Azapa, Lower Azapa Valley",Arica y Parinacota,Lowlands
Azapa 76,Late Intermediate,Late Intermediate,Az76 T0,1000.0,1450,Az76 T0,-18.5242,-70.1907,272,,,,,,,,und,Child-1,7.0,8.0,Tooth,Dentin collagen,dm2 (section 4),Infant-1,0.4,0.7,,41.9,15.7,3.1,-13.8,18.4,,,,,,,,,,,King et al. (2018b),http://dx.doi.org/10.4067/S0717-73562018005000802,"San Miguel de Azapa, Lower Azapa Valley",Arica y Parinacota,Lowlands
Azapa 76,Late Intermediate,Late Intermediate,Az76 T0,1000.0,1450,Az76 T0,-18.5242,-70.1907,272,,,,,,,,und,Child-1,7.0,8.0,Tooth,Dentin collagen,dm2 (section 5),Infant-1,0.7,1.0,,43.4,15.6,3.2,-13.7,17.7,,,,,,,,,,,King et al. (2018b),http://dx.doi.org/10.4067/S0717-73562018005000802,"San Miguel de Azapa, Lower Azapa Valley",Arica y Parinacota,Lowlands
Azapa 76,Late Intermediate,Late Intermediate,Az76 T0,1000.0,1450,Az76 T0,-18.5242,-70.1907,272,,,,,,,,und,Child-1,7.0,8.0,Tooth,Dentin collagen,dm2 (section 6),Infant-2,1.0,1.3,,42.9,15.3,3.3,-13.4,17.0,,,,,,,,,,,King et al. (2018b),http://dx.doi.org/10.4067/S0717-73562018005000802,"San Miguel de Azapa, Lower Azapa Valley",Arica y Parinacota,Lowlands
Azapa 76,Late Intermediate,Late Intermediate,Az76 T0,1000.0,1450,Az76 T0,-18.5242,-70.1907,272,,,,,,,,und,Child-1,7.0,8.0,Tooth,Dentin collagen,dm2 (section 7),Infant-2,1.3,1.7,,42.5,15.5,3.2,-13.3,16.6,,,,,,,,,,,King et al. (2018b),http://dx.doi.org/10.4067/S0717-73562018005000802,"San Miguel de Azapa, Lower Azapa Valley",Arica y Parinacota,Lowlands
Azapa 76,Late Intermediate,Late Intermediate,Az76 T0,1000.0,1450,Az76 T0,-18.5242,-70.1907,272,,,,,,,,und,Child-1,7.0,8.0,Tooth,Dentin collagen,dm2 (section 8),Infant-2,1.7,2.0,,43.7,15.7,3.2,-13.0,16.6,,,,,,,,,,,King et al. (2018b),http://dx.doi.org/10.4067/S0717-73562018005000802,"San Miguel de Azapa, Lower Azapa Valley",Arica y Parinacota,Lowlands
Azapa 76,Late Intermediate,Late Intermediate,Az76 T0,1000.0,1450,Az76 T0,-18.5242,-70.1907,272,,,,,,,,und,Child-1,7.0,8.0,Tooth,Dentin collagen,dm2 (section 9),Infant-2,2.0,2.3,,42.4,15.6,3.2,-13.2,16.5,,,,,,,,,,,King et al. (2018b),http://dx.doi.org/10.4067/S0717-73562018005000802,"San Miguel de Azapa, Lower Azapa Valley",Arica y Parinacota,Lowlands
Azapa 76,Late Intermediate,Late Intermediate,Az76 T0,1000.0,1450,Az76 T0,-18.5242,-70.1907,272,,,,,,,,und,Child-1,7.0,8.0,Tooth,Dentin collagen,dm2 (section 10),Infant-2,2.3,2.6,,42.8,15.1,3.3,-13.2,16.8,,,,,,,,,,,King et al. (2018b),http://dx.doi.org/10.4067/S0717-73562018005000802,"San Miguel de Azapa, Lower Azapa Valley",Arica y Parinacota,Lowlands
Azapa 76,Late Intermediate,Late Intermediate,Az76 T0,1000.0,1450,Az76 T0,-18.5242,-70.1907,272,,,,,,,,und,Child-1,7.0,8.0,Tooth,Dentin collagen,dm2 (section 11),Infant-2,2.6,2.9,,43.0,15.9,3.2,-12.9,17.0,,,,,,,,,,,King et al. (2018b),http://dx.doi.org/10.4067/S0717-73562018005000802,"San Miguel de Azapa, Lower Azapa Valley",Arica y Parinacota,Lowlands
Azapa 76,Late Intermediate,Late Intermediate,Az76 T0,1000.0,1450,Az76 T0,-18.5242,-70.1907,272,,,,,,,,und,Child-1,7.0,8.0,Tooth,Dentin collagen,dm2 (section 12),Infant-2,2.9,3.2,,42.7,15.3,3.3,-13.2,17.3,,,,,,,,,,,King et al. (2018b),http://dx.doi.org/10.4067/S0717-73562018005000802,"San Miguel de Azapa, Lower Azapa Valley",Arica y Parinacota,Lowlands
Azapa 76,Late Intermediate,Late Intermediate,Az76 T0,1000.0,1450,Az76 T0,-18.5242,-70.1907,272,,,,,,,,und,Child-1,7.0,8.0,Tooth,Dentin collagen,dm2 (section 13),Infant-2,3.2,3.5,,43.7,15.6,3.3,-13.0,19.0,,,,,,,,,,,King et al. (2018b),http://dx.doi.org/10.4067/S0717-73562018005000802,"San Miguel de Azapa, Lower Azapa Valley",Arica y Parinacota,Lowlands
Azapa 76,Late Intermediate,Late Intermediate,Az76 T7c,1000.0,1450,Az76 T7c,-18.5242,-70.1907,272,,,,,,,,und,Infant-2,4.0,4.0,Tooth,Dentin collagen,dm1 (section 1),Fetus,,-0.2,,43.9,14.0,3.7,-12.4,24.6,,,,,,,,,,,King et al. (2018b),http://dx.doi.org/10.4067/S0717-73562018005000802,"San Miguel de Azapa, Lower Azapa Valley",Arica y Parinacota,Lowlands
Azapa 76,Late Intermediate,Late Intermediate,Az76 T7c,1000.0,1450,Az76 T7c,-18.5242,-70.1907,272,,,,,,,,und,Infant-2,4.0,4.0,Tooth,Dentin collagen,dm1 (section 2),Fetus/Infant-1,-0.2,0.1,,41.8,14.8,3.3,-11.9,25.4,,,,,,,,,,,King et al. (2018b),http://dx.doi.org/10.4067/S0717-73562018005000802,"San Miguel de Azapa, Lower Azapa Valley",Arica y Parinacota,Lowlands
Azapa 76,Late Intermediate,Late Intermediate,Az76 T7c,1000.0,1450,Az76 T7c,-18.5242,-70.1907,272,,,,,,,,und,Infant-2,4.0,4.0,Tooth,Dentin collagen,dm1 (section 3),Infant-1,0.1,0.4,,42.2,14.9,3.3,-19.5,25.5,,,,,,,,,,,King et al. (2018b),http://dx.doi.org/10.4067/S0717-73562018005000802,"San Miguel de Azapa, Lower Azapa Valley",Arica y Parinacota,Lowlands
Azapa 76,Late Intermediate,Late Intermediate,Az76 T7c,1000.0,1450,Az76 T7c,-18.5242,-70.1907,272,,,,,,,,und,Infant-2,4.0,4.0,Tooth,Dentin collagen,dm1 (section 5),Infant-1,0.4,0.9,,42.0,14.9,3.3,-11.6,25.9,,,,,,,,,,,King et al. (2018b),http://dx.doi.org/10.4067/S0717-73562018005000802,"San Miguel de Azapa, Lower Azapa Valley",Arica y Parinacota,Lowlands
Azapa 76,Late Intermediate,Late Intermediate,Az76 T7c,1000.0,1450,Az76 T7c,-18.5242,-70.1907,272,,,,,,,,und,Infant-2,4.0,4.0,Tooth,Dentin collagen,dm1 (section 6),Infant-1/Infant-2,0.9,1.2,,41.8,14.8,3.3,-11.4,26.2,,,,,,,,,,,King et al. (2018b),http://dx.doi.org/10.4067/S0717-73562018005000802,"San Miguel de Azapa, Lower Azapa Valley",Arica y Parinacota,Lowlands
Azapa 76,Late Intermediate,Late Intermediate,Az76 T7c,1000.0,1450,Az76 T7c,-18.5242,-70.1907,272,,,,,,,,und,Infant-2,4.0,4.0,Tooth,Dentin collagen,dm1 (section 7),Infant-2,1.2,1.5,,42.2,14.9,3.3,-11.5,26.2,,,,,,,,,,,King et al. (2018b),http://dx.doi.org/10.4067/S0717-73562018005000802,"San Miguel de Azapa, Lower Azapa Valley",Arica y Parinacota,Lowlands
Azapa 76,Late Intermediate,Late Intermediate,Az76 T7c,1000.0,1450,Az76 T7c,-18.5242,-70.1907,272,,,,,,,,und,Infant-2,4.0,4.0,Tooth,Dentin collagen,dm1 (section 8),Infant-2,1.5,1.8,,42.1,14.9,3.3,-11.7,25.9,,,,,,,,,,,King et al. (2018b),http://dx.doi.org/10.4067/S0717-73562018005000802,"San Miguel de Azapa, Lower Azapa Valley",Arica y Parinacota,Lowlands
Azapa 76,Late Intermediate,Late Intermediate,Az76 T7c,1000.0,1450,Az76 T7c,-18.5242,-70.1907,272,,,,,,,,und,Infant-2,4.0,4.0,Tooth,Dentin collagen,dm1 (section 9),Infant-2,1.8,2.1,,41.2,14.6,3.3,-11.5,25.1,,,,,,,,,,,King et al. (2018b),http://dx.doi.org/10.4067/S0717-73562018005000802,"San Miguel de Azapa, Lower Azapa Valley",Arica y Parinacota,Lowlands
Azapa 76,Late Intermediate,Late Intermediate,Az76 T7c,1000.0,1450,Az76 T7c,-18.5242,-70.1907,272,,,,,,,,und,Infant-2,4.0,4.0,Tooth,Dentin collagen,dm1 (section 10),Infant-2,2.1,2.4,,41.6,14.7,3.3,-11.9,24.2,,,,,,,,,,,King et al. (2018b),http://dx.doi.org/10.4067/S0717-73562018005000802,"San Miguel de Azapa, Lower Azapa Valley",Arica y Parinacota,Lowlands
Azapa 76,Late Intermediate,Late Intermediate,Az76 T7c,1000.0,1450,Az76 T7c,-18.5242,-70.1907,272,,,,,,,,und,Infant-2,4.0,4.0,Tooth,Dentin collagen,dm1 (section 11),Infant-2,2.4,2.6,,40.9,14.4,3.3,-12.1,23.5,,,,,,,,,,,King et al. (2018b),http://dx.doi.org/10.4067/S0717-73562018005000802,"San Miguel de Azapa, Lower Azapa Valley",Arica y Parinacota,Lowlands
Azapa 76,Late Intermediate,Late Intermediate,Az76 T7c,1000.0,1450,Az76 T7c,-18.5242,-70.1907,272,,,,,,,,und,Infant-2,4.0,4.0,Tooth,Dentin collagen,dm1 (section 12),Infant-2,2.6,2.9,,42.7,14.9,3.3,-11.6,23.1,,,,,,,,,,,King et al. (2018b),http://dx.doi.org/10.4067/S0717-73562018005000802,"San Miguel de Azapa, Lower Azapa Valley",Arica y Parinacota,Lowlands
Azapa 76,Late Intermediate,Late Intermediate,Az76 T7c,1000.0,1450,Az76 T7c,-18.5242,-70.1907,272,,,,,,,,und,Infant-2,4.0,4.0,Tooth,Dentin collagen,dm1 (section 13),Infant-2,2.9,3.2,,43.4,14.7,3.4,-10.3,13.8,,,,,,,,,,,King et al. (2018b),http://dx.doi.org/10.4067/S0717-73562018005000802,"San Miguel de Azapa, Lower Azapa Valley",Arica y Parinacota,Lowlands
Azapa 76,Late Intermediate,Late Intermediate,Az76 T13,1000.0,1450,Az76 T13,-18.5242,-70.1907,272,,,,,,,,und,Child-1,8.0,9.0,Tooth,Dentin collagen,dm1 (section 2),Infant-1,,0.1,,35.6,13.8,3.0,-11.6,23.7,,,,,,,,,,,King et al. (2018b),http://dx.doi.org/10.4067/S0717-73562018005000802,"San Miguel de Azapa, Lower Azapa Valley",Arica y Parinacota,Lowlands
Azapa 76,Late Intermediate,Late Intermediate,Az76 T13,1000.0,1450,Az76 T13,-18.5242,-70.1907,272,,,,,,,,und,Child-1,8.0,9.0,Tooth,Dentin collagen,dm1 (section 3),Infant-1,0.1,0.4,,37.4,12.4,3.5,-11.0,24.1,,,,,,,,,,,King et al. (2018b),http://dx.doi.org/10.4067/S0717-73562018005000802,"San Miguel de Azapa, Lower Azapa Valley",Arica y Parinacota,Lowlands
Azapa 76,Late Intermediate,Late Intermediate,Az76 T13,1000.0,1450,Az76 T13,-18.5242,-70.1907,272,,,,,,,,und,Child-1,8.0,9.0,Tooth,Dentin collagen,dm1 (section 4),Infant-1,0.4,0.7,,42.1,14.8,3.3,-10.5,25.5,,,,,,,,,,,King et al. (2018b),http://dx.doi.org/10.4067/S0717-73562018005000802,"San Miguel de Azapa, Lower Azapa Valley",Arica y Parinacota,Lowlands
Azapa 76,Late Intermediate,Late Intermediate,Az76 T13,1000.0,1450,Az76 T13,-18.5242,-70.1907,272,,,,,,,,und,Child-1,8.0,9.0,Tooth,Dentin collagen,dm1 (section 5),Infant-1,0.7,0.9,,42.2,14.9,3.3,-11.2,24.6,,,,,,,,,,,King et al. (2018b),http://dx.doi.org/10.4067/S0717-73562018005000802,"San Miguel de Azapa, Lower Azapa Valley",Arica y Parinacota,Lowlands
Azapa 76,Late Intermediate,Late Intermediate,Az76 T13,1000.0,1450,Az76 T13,-18.5242,-70.1907,272,,,,,,,,und,Child-1,8.0,9.0,Tooth,Dentin collagen,dm1 (section 6),Infant-1/Infant-2,0.9,1.2,,41.9,14.8,3.3,-11.3,24.1,,,,,,,,,,,King et al. (2018b),http://dx.doi.org/10.4067/S0717-73562018005000802,"San Miguel de Azapa, Lower Azapa Valley",Arica y Parinacota,Lowlands
Azapa 76,Late Intermediate,Late Intermediate,Az76 T13,1000.0,1450,Az76 T13,-18.5242,-70.1907,272,,,,,,,,und,Child-1,8.0,9.0,Tooth,Dentin collagen,dm1 (section 7),Infant-2,1.2,1.5,,41.9,14.8,3.3,-11.1,24.1,,,,,,,,,,,King et al. (2018b),http://dx.doi.org/10.4067/S0717-73562018005000802,"San Miguel de Azapa, Lower Azapa Valley",Arica y Parinacota,Lowlands
Azapa 76,Late Intermediate,Late Intermediate,Az76 T13,1000.0,1450,Az76 T13,-18.5242,-70.1907,272,,,,,,,,und,Child-1,8.0,9.0,Tooth,Dentin collagen,dm1 (section 8),Infant-2,1.5,1.8,,42.0,14.9,3.3,-11.0,23.4,,,,,,,,,,,King et al. (2018b),http://dx.doi.org/10.4067/S0717-73562018005000802,"San Miguel de Azapa, Lower Azapa Valley",Arica y Parinacota,Lowlands
Azapa 76,Late Intermediate,Late Intermediate,Az76 T13,1000.0,1450,Az76 T13,-18.5242,-70.1907,272,,,,,,,,und,Child-1,8.0,9.0,Tooth,Dentin collagen,dm1 (section 9),Infant-2,1.8,2.1,,41.6,14.8,3.3,-11.4,22.6,,,,,,,,,,,King et al. (2018b),http://dx.doi.org/10.4067/S0717-73562018005000802,"San Miguel de Azapa, Lower Azapa Valley",Arica y Parinacota,Lowlands
Azapa 76,Late Intermediate,Late Intermediate,Az76 T13,1000.0,1450,Az76 T13,-18.5242,-70.1907,272,,,,,,,,und,Child-1,8.0,9.0,Tooth,Dentin collagen,dm1 (section 10),Infant-2,2.1,2.4,,42.8,15.2,3.3,-11.4,22.5,,,,,,,,,,,King et al. (2018b),http://dx.doi.org/10.4067/S0717-73562018005000802,"San Miguel de Azapa, Lower Azapa Valley",Arica y Parinacota,Lowlands
Azapa 76,Late Intermediate,Late Intermediate,Az76 T13,1000.0,1450,Az76 T13,-18.5242,-70.1907,272,,,,,,,,und,Child-1,8.0,9.0,Tooth,Dentin collagen,dm1 (section 11),Infant-2,2.4,2.6,,41.9,14.8,3.3,-11.2,22.7,,,,,,,,,,,King et al. (2018b),http://dx.doi.org/10.4067/S0717-73562018005000802,"San Miguel de Azapa, Lower Azapa Valley",Arica y Parinacota,Lowlands
Azapa 76,Late Intermediate,Late Intermediate,Az76 T13,1000.0,1450,Az76 T13,-18.5242,-70.1907,272,,,,,,,,und,Child-1,8.0,9.0,Tooth,Dentin collagen,dm1 (section 14),Infant-2,2.6,3.5,,43.5,14.0,3.6,-12.7,22.3,,,,,,,,,,,King et al. (2018b),http://dx.doi.org/10.4067/S0717-73562018005000802,"San Miguel de Azapa, Lower Azapa Valley",Arica y Parinacota,Lowlands
Azapa 8,Late Intermediate,Late Intermediate,Az8 T5b,1000.0,1450,Az8 T5b,-18.5119,-70.1787,357,,,,,,,,F,Middle Adult,36.0,50.0,Bone,Bone collagen,,Adult,,,17.1,42.5,15.0,3.3,-10.8,21.2,,,,,,,,,,,King et al. (2018a),https://doi.org/10.1016/j.quascirev.2017.12.009,"San Miguel de Azapa, Lower Azapa Valley",Arica y Parinacota,Lowlands
Azapa 8,Late Intermediate,Late Intermediate,Az8 T7a,1000.0,1450,Az8 T7a,-18.5119,-70.1787,357,,,,,,,,M,Young Adult,21.0,35.0,Bone,Bone collagen,,Adult,,,10.5,41.2,14.0,3.4,-12.0,20.9,,,,,,,,,,,King et al. (2018a),https://doi.org/10.1016/j.quascirev.2017.12.009,"San Miguel de Azapa, Lower Azapa Valley",Arica y Parinacota,Lowlands
Azapa 8,Late Intermediate,Late Intermediate,Az8 T9,1000.0,1450,Az8 T9,-18.5119,-70.1787,357,,,,,,,,F,Young Adult,21.0,35.0,Bone,Bone collagen,,Adult,,,16.3,44.3,14.6,3.5,-10.6,21.6,,,,,,,,,,,King et al. (2018a),https://doi.org/10.1016/j.quascirev.2017.12.009,"San Miguel de Azapa, Lower Azapa Valley",Arica y Parinacota,Lowlands
Azapa 8,Late Intermediate,Late Intermediate,Az8 T13,1000.0,1450,Az8 T13,-18.5119,-70.1787,357,,,,,,,,M,Young Adult,21.0,35.0,Bone,Bone collagen,,Adult,,,13.3,43.5,14.9,3.4,-11.3,20.4,,,,,,,,,,,King et al. (2018a),https://doi.org/10.1016/j.quascirev.2017.12.009,"San Miguel de Azapa, Lower Azapa Valley",Arica y Parinacota,Lowlands
Azapa 8,Late Intermediate,Late Intermediate,Az8 T24,1000.0,1450,Az8 T24,-18.5119,-70.1787,357,,,,,,,,F,Old Adult,50.0,,Bone,Bone collagen,,Adult,,,13.7,41.6,15.1,3.2,-12.1,19.8,,,,,,,,,,,King et al. (2018a),https://doi.org/10.1016/j.quascirev.2017.12.009,"San Miguel de Azapa, Lower Azapa Valley",Arica y Parinacota,Lowlands
Azapa 8,Late Intermediate,Late Intermediate,Az8 T25,1000.0,1450,Az8 T25,-18.5119,-70.1787,357,,,,,,,,M,Middle Adult,36.0,50.0,Bone,Bone collagen,,Adult,,,18.6,39.7,13.3,3.5,-11.8,20.4,,,,,,,,,,,King et al. (2018a),https://doi.org/10.1016/j.quascirev.2017.12.009,"San Miguel de Azapa, Lower Azapa Valley",Arica y Parinacota,Lowlands
Azapa 8,Late Intermediate,Late Intermediate,Az8 T30,1000.0,1450,Az8 T30,-18.5119,-70.1787,357,,,,,,,,F,Young Adult,21.0,35.0,Bone,Bone collagen,,Adult,,,14.5,44.8,15.1,3.5,-11.6,20.7,,,,,,,,,,,King et al. (2018a),https://doi.org/10.1016/j.quascirev.2017.12.009,"San Miguel de Azapa, Lower Azapa Valley",Arica y Parinacota,Lowlands
Azapa 8,Late Intermediate,Late Intermediate,Az8 T31,1000.0,1450,Az8 T31,-18.5119,-70.1787,357,,,,,,,,F,Young Adult,21.0,35.0,Bone,Bone collagen,,Adult,,,16.6,42.2,14.7,3.4,-12.2,17.4,,,,,,,,,,,King et al. (2018a),https://doi.org/10.1016/j.quascirev.2017.12.009,"San Miguel de Azapa, Lower Azapa Valley",Arica y Parinacota,Lowlands
Azapa 8,Late Intermediate,Late Intermediate,Az8 T35,1000.0,1450,Az8 T35,-18.5119,-70.1787,357,,,,,,,,M,Young Adult,21.0,35.0,Bone,Bone collagen,,Adult,,,11.4,44.0,14.5,3.5,-11.2,20.3,,,,,,,,,,,King et al. (2018a),https://doi.org/10.1016/j.quascirev.2017.12.009,"San Miguel de Azapa, Lower Azapa Valley",Arica y Parinacota,Lowlands
Azapa 8,Late Intermediate,Late Intermediate,Az8 T38,1000.0,1450,Az8 T38,-18.5119,-70.1787,357,,,,,,,,F,Young Adult,21.0,35.0,Bone,Bone collagen,,Adult,,,12.9,41.6,14.3,3.4,-12.2,20.1,,,,,,,,,,,King et al. (2018a),https://doi.org/10.1016/j.quascirev.2017.12.009,"San Miguel de Azapa, Lower Azapa Valley",Arica y Parinacota,Lowlands
Azapa 8,Late Intermediate,Late Intermediate,Az8 T40,1000.0,1450,Az8 T40,-18.5119,-70.1787,357,,,,,,,,F,Middle Adult,36.0,50.0,Bone,Bone collagen,,Adult,,,15.8,43.7,15.1,3.4,-10.7,15.2,,,,,,,,,,,King et al. (2018a),https://doi.org/10.1016/j.quascirev.2017.12.009,"San Miguel de Azapa, Lower Azapa Valley",Arica y Parinacota,Lowlands
Azapa 8,Late Intermediate,Late Intermediate,Az8 T42,1000.0,1450,Az8 T42,-18.5119,-70.1787,357,,,,,,,,M,Young Adult,21.0,35.0,Bone,Bone collagen,,Adult,,,18.5,44.3,14.5,3.6,-15.5,17.5,,,,,,,,,,,King et al. (2018a),https://doi.org/10.1016/j.quascirev.2017.12.009,"San Miguel de Azapa, Lower Azapa Valley",Arica y Parinacota,Lowlands
Bajo Molle Edificio Armada,Late Intermediate,Late Intermediate,BM 130,900.0,1450,BM 130,-20.2917,-70.1253,37,,,,,,,,M,,,,Bone,Bone collagen,Rib,,,,,,,3.3,-11.3,24.4,,,Bone apatite,Rib,,,,-8.8,,,Santana-Sagredo et al. (2021),DOI: 10.4324/9781003229810-3,Iquique,Tarapacá,Coast
Bajo Molle Edificio Armada,Late Intermediate,Late Intermediate,BM C189,900.0,1450,BM C189,-20.2917,-70.1253,37,,,,,,,,M,,,,Tooth,,,,,,,,,,,,,,Enamel,Max Pm2,Infant-2/Child-1,3.5,6.5,,,,Santana-Sagredo et al. (2021),DOI: 10.4324/9781003229810-3,Iquique,Tarapacá,Coast
Calate,Late Intermediate,Late Intermediate,CH3-8-1,1000.0,1450,CH3-8-1,-21.279813,-69.922223,1030,,,,,,,,,,,,Bone,Bone collagen,,,,,,,,,-10.3,28.0,,,Bone apatite,,,,,-5.9,,,Pestle et al. (2015b),http://dx.doi.org/10.4067/S0717-73562015005000013,"Cordillera de la costa, north of Loa Valley",Tarapacá,Lowlands
Calate,Late Intermediate,Late Intermediate,CH2-1-1,1000.0,1450,CH2-1-1,-21.279813,-69.922223,1030,,,,,,,,,,,,Bone,Bone collagen,,,,,,,,,-11.8,26.3,,,Bone apatite,,,,,-10.2,,,Pestle et al. (2015b),http://dx.doi.org/10.4067/S0717-73562015005000013,"Cordillera de la costa, north of Loa Valley",Tarapacá,Lowlands
Caleta Punta Arenas,Late Intermediate,Late Intermediate,Mayta Otuya,900.0,1485,Mayta Otuya,-21.6358,-70.1409,11,,,,,,,,,,,,Bone,Bone collagen,,,,,,,,,-15.3,27.8,,,Bone apatite,,,,,-19.0,,,Clarot & Ballester (2014-2015),https://doi.org/10.1038/s41477-020-00835-4,"Caleta Punta Arenas, Tocopilla, Coast of",Antofagasta,Coast
Caleta Punta Arenas,Late Intermediate,Late Intermediate,Mayta Otuya,900.0,1485,Mayta Otuya,-21.6358,-70.1409,11,,,,,,,,,,,,Tooth,Dentin collagen,M3,,,,,,,,-14.9,23.5,,,Enamel,Canine,,,,-4.7,,,Clarot & Ballester (2014-2015),https://doi.org/10.1038/s41477-020-00835-4,"Caleta Punta Arenas, Tocopilla, Coast of",Antofagasta,Coast
Caspana,Late Intermediate,Late Intermediate,ACL-0082,1100.0,1450,CAS-0006,-22.334654,-68.212473,3250,,,,,,,,F,Young Adult,21.0,35.0,Tooth,,,,,,,,,,,,,,Enamel,Max RC,Infant-1/Infant-2,0.7,5.0,,,0.707614,Knudson et al. (2015),DOI 10.1002/ajpa.20965,"Caspana River, upper Loa basin, Calama",Antofagasta,Precordillera
Caspana,Late Intermediate,Late Intermediate,ACL-0083,1100.0,1450,CAS-0006,-22.334654,-68.212473,3250,,,,,,,,F,Young Adult,21.0,35.0,Tooth,,,,,,,,,,,,,,Enamel,Max RM2,Infant-2/Child-1,2.5,8.0,,,0.707597,Knudson et al. (2015),DOI 10.1002/ajpa.20965,"Caspana River, upper Loa basin, Calama",Antofagasta,Precordillera
Caspana,Late Intermediate,Late Intermediate,ACL-0084,1100.0,1450,CAS-0013,-22.334654,-68.212473,3250,,,,,,,,F,Adolescent-2,18.0,20.0,Tooth,,,,,,,,,,,,,,Enamel,Max RM2,Infant-2/Child-1,2.5,8.0,,,0.707678,Knudson et al. (2015),DOI 10.1002/ajpa.20965,"Caspana River, upper Loa basin, Calama",Antofagasta,Precordillera
Caspana,Late Intermediate,Late Intermediate,ACL-0085,1100.0,1450,CAS-0013,-22.334654,-68.212473,3250,,,,,,,,F,Adolescent-2,18.0,20.0,Tooth,,,,,,,,,,,,,,Enamel,Max RM3,Child-2/Adolescent-1,8.5,14.0,-6.0,-4.9,0.707629,Knudson et al. (2015),DOI 10.1002/ajpa.20965,"Caspana River, upper Loa basin, Calama",Antofagasta,Precordillera
Caspana,Late Intermediate,Late Intermediate,ACL-0086,1100.0,1450,CAS-0015,-22.334654,-68.212473,3250,,,,,,,,M,Young Adult,21.0,35.0,Tooth,,,,,,,,,,,,,,Enamel,Max RM1,Infant-1/Infant-2,0.4,3.5,-7.2,-3.3,0.707701,Knudson et al. (2015),DOI 10.1002/ajpa.20965,"Caspana River, upper Loa basin, Calama",Antofagasta,Precordillera
Caspana,Late Intermediate,Late Intermediate,ACL-0087,1100.0,1450,CAS-0015,-22.334654,-68.212473,3250,,,,,,,,M,Young Adult,21.0,35.0,Tooth,,,,,,,,,,,,,,Enamel,Max RM2,Infant-2/Child-1,2.5,8.0,,,0.707722,Knudson et al. (2015),DOI 10.1002/ajpa.20965,"Caspana River, upper Loa basin, Calama",Antofagasta,Precordillera
Caspana,Late Intermediate,Late Intermediate,ACL-0088,1100.0,1450,CAS-0020,-22.334654,-68.212473,3250,,,,,,,,F,Adolescent-2,18.0,20.0,Tooth,,,,,,,,,,,,,,Enamel,Max RM3,Child-2/Adolescent-1,8.5,14.0,-5.7,8.6,0.707589,Knudson et al. (2015),DOI 10.1002/ajpa.20965,"Caspana River, upper Loa basin, Calama",Antofagasta,Precordillera
Caspana,Late Intermediate,Late Intermediate,ACL-0089,1100.0,1450,CAS-0021,-22.334654,-68.212473,3250,,,,,,,,M,Middle Adult,36.0,50.0,Tooth,,,,,,,,,,,,,,Enamel,Max RM3,Child-2/Adolescent-1,8.5,14.0,-6.6,-4.5,0.707696,Knudson et al. (2015),DOI 10.1002/ajpa.20965,"Caspana River, upper Loa basin, Calama",Antofagasta,Precordillera
Caspana,Late Intermediate,Late Intermediate,ACL-0091,1100.0,1450,CAS-0022,-22.334654,-68.212473,3250,,,,,,,,F,Young Adult,21.0,35.0,Tooth,,,,,,,,,,,,,,Enamel,Max RM3,Child-2/Adolescent-1,8.5,14.0,,,0.70774,Knudson et al. (2015),DOI 10.1002/ajpa.20965,"Caspana River, upper Loa basin, Calama",Antofagasta,Precordillera
Caspana,Late Intermediate,Late Intermediate,ACL-0092,1100.0,1450,CAS-0024,-22.334654,-68.212473,3250,,,,,,,,M,Young Adult,21.0,35.0,Tooth,,,,,,,,,,,,,,Enamel,Max RPm1,Infant-2/Child 1,2.5,6.0,,,0.707698,Knudson et al. (2015),DOI 10.1002/ajpa.20965,"Caspana River, upper Loa basin, Calama",Antofagasta,Precordillera
Caspana,Late Intermediate,Late Intermediate,ACL-0093,1100.0,1450,CAS-0024,-22.334654,-68.212473,3250,,,,,,,,M,Young Adult,21.0,35.0,Tooth,,,,,,,,,,,,,,Enamel,Max RM3,Child-2/Adolescent-1,8.5,14.0,,,0.707706,Knudson et al. (2015),DOI 10.1002/ajpa.20965,"Caspana River, upper Loa basin, Calama",Antofagasta,Precordillera
Caspana,Late Intermediate,Late Intermediate,ACL-0094,1100.0,1450,CAS-0026,-22.334654,-68.212473,3250,,,,,,,,F,Middle Adult,36.0,50.0,Tooth,,,,,,,,,,,,,,Enamel,Max RM2,Infant-2/Child-1,2.5,8.0,,,0.70706,Knudson et al. (2015),DOI 10.1002/ajpa.20965,"Caspana River, upper Loa basin, Calama",Antofagasta,Precordillera
Caspana,Late Intermediate,Late Intermediate,ACL-0095,1100.0,1450,CAS-0027,-22.334654,-68.212473,3250,,,,,,,,F,Young Adult,21.0,35.0,Tooth,,,,,,,,,,,,,,Enamel,Max RPm2,Infant-2/Child-1,3.5,6.5,,,0.70767,Knudson et al. (2015),DOI 10.1002/ajpa.20965,"Caspana River, upper Loa basin, Calama",Antofagasta,Precordillera
Caspana,Late Intermediate,Late Intermediate,ACL-0097,1100.0,1450,CAS-0027,-22.334654,-68.212473,3250,,,,,,,,F,Young Adult,21.0,35.0,Tooth,,,,,,,,,,,,,,Enamel,Max RM3,Child-2/Adolescent-1,8.5,14.0,-5.7,-4.6,0.70964,Knudson et al. (2015),DOI 10.1002/ajpa.20965,"Caspana River, upper Loa basin, Calama",Antofagasta,Precordillera
Caspana,Late Intermediate,Late Intermediate,ACL-0098,1100.0,1450,CAS-0031,-22.334654,-68.212473,3250,,,,,,,,F,Old Adult,50.0,,Tooth,,,,,,,,,,,,,,Enamel,Max RM1,Infant-1/Infant-2,0.4,3.5,-9.6,-3.3,0.70769,Knudson et al. (2015),DOI 10.1002/ajpa.20965,"Caspana River, upper Loa basin, Calama",Antofagasta,Precordillera
Caspana,Late Intermediate,Late Intermediate,ACL-0099,1100.0,1450,CAS-0032,-22.334654,-68.212473,3250,14C-AMS,BETA263464,660.0,40.0,1294.0,1403.0,Bone collagen,F,Middle Adult,36.0,50.0,Tooth,,,,,,,,,,,,,,Enamel,Max RM2,Infant-2/Child-1,2.5,8.0,-9.3,-4.1,0.70762,Knudson et al. (2015),DOI 10.1002/ajpa.20965,"Caspana River, upper Loa basin, Calama",Antofagasta,Precordillera
Caspana,Late Intermediate,Late Intermediate,ACL-0100,1100.0,1450,CAS-0032,-22.334654,-68.212473,3250,,,,,,,,F,Middle Adult,36.0,50.0,Tooth,,,,,,,,,,,,,,Enamel,Max RM3,Child-2/Adolescent-1,8.5,14.0,-8.4,-4.7,0.7075,Knudson et al. (2015),DOI 10.1002/ajpa.20965,"Caspana River, upper Loa basin, Calama",Antofagasta,Precordillera
Caspana,Late Intermediate,Late Intermediate,ACL-0101,1100.0,1450,CAS-0033,-22.334654,-68.212473,3250,,,,,,,,und,Child-1,7.0,9.0,Tooth,,,,,,,,,,,,,,Enamel,Max LM1,Infant-1/Infant-2,0.4,3.5,-6.5,-3.4,0.70769,Knudson et al. (2015),DOI 10.1002/ajpa.20965,"Caspana River, upper Loa basin, Calama",Antofagasta,Precordillera
Caspana,Late Intermediate,Late Intermediate,ACL-0102,1100.0,1450,CAS-0035,-22.334654,-68.212473,3250,,,,,,,,F,Middle Adult,36.0,50.0,Tooth,,,,,,,,,,,,,,Enamel,Max RM2,Infant-2/Child-1,2.5,8.0,-4.3,-3.7,0.70759,Knudson et al. (2015),DOI 10.1002/ajpa.20965,"Caspana River, upper Loa basin, Calama",Antofagasta,Precordillera
Caspana,Late Intermediate,Late Intermediate,ACL-0103,1100.0,1450,CAS-0042,-22.334654,-68.212473,3250,,,,,,,,F,Young Adult,21.0,35.0,Tooth,,,,,,,,,,,,,,Enamel,Max RPm2,Infant-2/Child 1,3.5,6.5,-5.6,-4.6,0.7077,Knudson et al. (2015),DOI 10.1002/ajpa.20965,"Caspana River, upper Loa basin, Calama",Antofagasta,Precordillera
Caspana,Late Intermediate,Late Intermediate,ACL-0104,1100.0,1450,CAS-0042,-22.334654,-68.212473,3250,,,,,,,,F,Young Adult,21.0,35.0,Tooth,,,,,,,,,,,,,,Enamel,Max RM1,Infant-1/Infant-2,0.4,3.5,-5.9,-3.5,0.70767,Knudson et al. (2015),DOI 10.1002/ajpa.20965,"Caspana River, upper Loa basin, Calama",Antofagasta,Precordillera
Caspana,Late Intermediate,Late Intermediate,ACL-0105,1100.0,1450,CAS-0047,-22.334654,-68.212473,3250,,,,,,,,F,Young Adult,21.0,35.0,Tooth,,,,,,,,,,,,,,Enamel,Max RM3,Child-2/Adolescent-1,8.5,14.0,-7.0,-3.3,0.7077,Knudson et al. (2015),DOI 10.1002/ajpa.20965,"Caspana River, upper Loa basin, Calama",Antofagasta,Precordillera
Caspana,Late Intermediate,Late Intermediate,ACL-0106,1100.0,1450,CAS-0050,-22.334654,-68.212473,3250,,,,,,,,M,Young Adult,21.0,35.0,Tooth,,,,,,,,,,,,,,Enamel,Max LM3,Child-2/Adolescent-1,8.5,14.0,,,0.70764,Knudson et al. (2015),DOI 10.1002/ajpa.20965,"Caspana River, upper Loa basin, Calama",Antofagasta,Precordillera
Caspana,Late Intermediate,Late Intermediate,ACL-0107,1100.0,1450,CAS-0056,-22.334654,-68.212473,3250,,,,,,,,M,Middle Adult,36.0,50.0,Tooth,,,,,,,,,,,,,,Enamel,Mand RPm1,Infant-2/Child 1,2.0,5.5,-6.3,-3.6,0.70768,Knudson et al. (2015),DOI 10.1002/ajpa.20965,"Caspana River, upper Loa basin, Calama",Antofagasta,Precordillera
Caspana,Late Intermediate,Late Intermediate,ACL-0108,1100.0,1450,CAS-0056,-22.334654,-68.212473,3250,,,,,,,,M,Middle Adult,36.0,50.0,Tooth,,,,,,,,,,,,,,Enamel,Mand LM2,Infant-2/Child-1,2.5,8.0,,,0.70768,Knudson et al. (2015),DOI 10.1002/ajpa.20965,"Caspana River, upper Loa basin, Calama",Antofagasta,Precordillera
Caspana,Late Intermediate,Late Intermediate,ACL-0109,1100.0,1450,CAS-0058,-22.334654,-68.212473,3250,,,,,,,,und,Adolescent-1,11.0,13.0,Tooth,,,,,,,,,,,,,,Enamel,Max Ldm1,Fetus/Infant-1,-0.4,0.6,,,0.7077,Knudson et al. (2015),DOI 10.1002/ajpa.20965,"Caspana River, upper Loa basin, Calama",Antofagasta,Precordillera
Caspana,Late Intermediate,Late Intermediate,ACL-0110,1100.0,1450,CAS-0063,-22.334654,-68.212473,3250,,,,,,,,M,MIddle Adult,36.0,50.0,Tooth,,,,,,,,,,,,,,Enamel,Mand LM2,Infant-2/Child-1,2.5,8.0,,,0.7077,Knudson et al. (2015),DOI 10.1002/ajpa.20965,"Caspana River, upper Loa basin, Calama",Antofagasta,Precordillera
Caspana,Late Intermediate,Late Intermediate,ACL-0111,1100.0,1450,CAS-0069,-22.334654,-68.212473,3250,,,,,,,,F,Young Adult,21.0,35.0,Tooth,,,,,,,,,,,,,,Enamel,Max RC,Infant-1/Infant-2,0.7,5.0,-6.4,-2.9,0.70767,Knudson et al. (2015),DOI 10.1002/ajpa.20965,"Caspana River, upper Loa basin, Calama",Antofagasta,Precordillera
Caspana,Late Intermediate,Late Intermediate,ACL-0112,1100.0,1450,CAS-0069,-22.334654,-68.212473,3250,,,,,,,,F,Young Adult,21.0,35.0,Tooth,,,,,,,,,,,,,,Enamel,Max RM2,Infant-2/Child-1,2.5,8.0,-5.6,-3.5,0.70767,Knudson et al. (2015),DOI 10.1002/ajpa.20965,"Caspana River, upper Loa basin, Calama",Antofagasta,Precordillera
Caspana,Late Intermediate,Late Intermediate,ACL-0113,1100.0,1450,CAS-S/N(11606),-22.334654,-68.212473,3250,,,,,,,,M,Middle Adult,36.0,50.0,Tooth,,,,,,,,,,,,,,Enamel,Max LM2,Infant-2/Child-1,2.5,8.0,-6.6,-4.1,0.70768,Knudson et al. (2015),DOI 10.1002/ajpa.20965,"Caspana River, upper Loa basin, Calama",Antofagasta,Precordillera
Catarpe 1,Late Intermediate,Late Intermediate,CAT1- 764,900.0,1485,CAT1- 764,-22.886303,-68.220634,2471,,,,,,,,F,,,,Bone,Bone collagen,Cranial bone,,,,,,,3.4,-12.9,12.9,,,Bone apatite,Cranial bone,,,,,,,Santana-Sagredo et al. (2019),https://doi.org/10.1016/j.quaint.2018.05.013,"Upper Loa basin, Calama",Antofagasta,Precordillera
Catarpe 1,Late Intermediate,Late Intermediate,CAT1-763,900.0,1485,CAT1-763,-22.886303,-68.220634,2471,,,,,,,,M,,,,Bone,Bone collagen,Cranial bone,,,,,,,3.2,-13.6,11.4,,,Bone apatite,Cranial bone,,,,-7.4,-3.0,,Santana-Sagredo et al. (2019),https://doi.org/10.1016/j.quaint.2018.05.013,"Upper Loa basin, Calama",Antofagasta,Precordillera
Catarpe 1,Late Intermediate,Late Intermediate,CAT1- 2397,900.0,1485,CAT1- 2397,-22.886303,-68.220634,2471,,,,,,,,F,,,,Bone,Bone collagen,Cranial bone,,,,,,,3.2,-13.7,12.1,,,Bone apatite,Cranial bone,,,,-7.6,-3.5,,Santana-Sagredo et al. (2019),https://doi.org/10.1016/j.quaint.2018.05.013,"Upper Loa basin, Calama",Antofagasta,Precordillera
Cementerio Oriente de Quillagua,Late Intermediate,Late Intermediate,Upper C9,950.0,1150,Upper C9,-21.660287,-69.53489,810,,,,,,,,und,Adult,,,Bone,Bone collagen,Humerus,Adult,,,,36.1,12.5,3.3,-12.3,23.4,,,Bone apatite,Humerus,Adult,,,-7.5,-4.8,,Santana-Sagredo et al. (2016),DOI: 10.1002/oa.2437,"Quillagua Oases, Loa basin",Antofagasta,Lowlands
Cementerio Oriente de Quillagua,Late Intermediate,Late Intermediate,Upper E10,950.0,1150,Upper E10,-21.660287,-69.53489,810,,,,,,,,und,Subadult,,,Bone,Bone collagen,Tibia,Subadult,,,,40.8,14.8,3.1,-12.4,20.4,,,Bone apatite,Tibia,Subadult,,,-7.1,-4.3,,Santana-Sagredo et al. (2016),DOI: 10.1002/oa.2437,"Quillagua Oases, Loa basin",Antofagasta,Lowlands
Cementerio Oriente de Quillagua,Late Intermediate,Late Intermediate,Upper F8,950.0,1150,Upper F8,-21.660287,-69.53489,810,,,,,,,,und,Adolescent-2,15.0,17.0,Bone,Bone collagen,Femur,Adolescent-2,15.0,17.0,,43.0,14.8,3.3,-11.1,20.1,,,Bone apatite,Femur,Adolescent-2,15.0,17.0,-5.1,-4.7,,Santana-Sagredo et al. (2016),DOI: 10.1002/oa.2437,"Quillagua Oases, Loa basin",Antofagasta,Lowlands
Cementerio Oriente de Quillagua,Late Intermediate,Late Intermediate,Upper F10,950.0,1150,Upper F10,-21.660287,-69.53489,810,,,,,,,,und,Adult,,,Bone,Bone collagen,Femur,Adult,,,,35.8,10.5,3.9,-12.5,20.7,,,Bone apatite,Femur,Adult,,,-6.1,-4.8,,Santana-Sagredo et al. (2016),DOI: 10.1002/oa.2437,"Quillagua Oases, Loa basin",Antofagasta,Lowlands
Cementerio Oriente de Quillagua,Late Intermediate,Late Intermediate,Upper K8,950.0,1150,Upper K8,-21.660287,-69.53489,810,,,,,,,,und,Adult,,,Bone,Bone collagen,Femur,Adult,,,,37.6,12.4,3.5,-12.4,17.3,,,Bone apatite,Femur,Adult,,,-6.8,-5.6,,Santana-Sagredo et al. (2016),DOI: 10.1002/oa.2437,"Quillagua Oases, Loa basin",Antofagasta,Lowlands
Cementerio Oriente de Quillagua,Late Intermediate,Late Intermediate,Upper K16 (skeleton 6),950.0,1150,Upper K16 (skeleton 6),-21.660287,-69.53489,810,,,,,,,,und,Adult,,,Bone,Bone collagen,Femur,Adult,,,,37.6,12.4,3.5,-12.0,15.4,,,Bone apatite,Femur,Adult,,,-6.2,-5.6,,Santana-Sagredo et al. (2016),DOI: 10.1002/oa.2437,"Quillagua Oases, Loa basin",Antofagasta,Lowlands
Cementerio Oriente de Quillagua,Late Intermediate,Late Intermediate,Upper I16,950.0,1150,Upper I16,-21.660287,-69.53489,810,,,,,,,,und,Child-1,6.0,8.0,Tooth,Dentin collagen,Mand M1,Infant-1/Child-1,0.4,8.0,,27.6,10.1,3.1,-11.4,18.4,,,Enamel,Mand M1,Infant-1/Infant-2,0.4,3.5,-6.0,-4.1,,Santana-Sagredo et al. (2016),DOI: 10.1002/oa.2437,"Quillagua Oases, Loa basin",Antofagasta,Lowlands
Cementerio Oriente de Quillagua,Late Intermediate,Late Intermediate,Upper I7,950.0,1150,Upper I7,-21.660287,-69.53489,810,,,,,,,,und,und,,,Tooth,Dentin collagen,Mand M2,Infant-2/Adolescent-1,2.5,14.5,,31.0,11.6,3.1,-16.3,12.5,,,Enamel,Mand M2,Infant-2/Child-1,2.5,8.0,-10.0,-8.3,,Santana-Sagredo et al. (2016),DOI: 10.1002/oa.2437,"Quillagua Oases, Loa basin",Antofagasta,Lowlands
Cementerio Oriente de Quillagua,Late Intermediate,Late Intermediate,Upper H16 (skeleton 8),950.0,1150,Upper H16 (skeleton 8),-21.660287,-69.53489,810,,,,,,,,und,und,,,Bone,Bone collagen,Femur,und,,,,38.1,13.3,3.3,-10.7,14.9,,,Bone apatite,Femur,und,,,-5.1,-8.4,,Santana-Sagredo et al. (2016),DOI: 10.1002/oa.2437,"Quillagua Oases, Loa basin",Antofagasta,Lowlands
Cementerio Oriente de Quillagua,Late Intermediate,Late Intermediate,Upper K16 (skeleton 6),950.0,1150,Upper K16 (skeleton 6),-21.660287,-69.53489,810,,,,,,,,und,Adult,,,Bone,Bone collagen,Femur,Adult,,,,39.2,13.6,3.3,-13.8,25.1,,,Bone apatite,Femur,Adult,,,-9.8,-5.4,,Santana-Sagredo et al. (2016),DOI: 10.1002/oa.2437,"Quillagua Oases, Loa basin",Antofagasta,Lowlands
Cementerio Oriente de Quillagua,Late Intermediate,Late Intermediate,Lower G5,950.0,1150,Lower G5,-21.660287,-69.53489,810,,,,,,,,M,Adult,,,Bone,Bone collagen,Femur,Adult,,,,33.5,12.4,3.1,-11.1,16.7,,,Bone apatite,Femur,Adult,,,-5.8,-4.4,,Santana-Sagredo et al. (2016),DOI: 10.1002/oa.2437,"Quillagua Oases, Loa basin",Antofagasta,Lowlands
Cementerio Oriente de Quillagua,Late Intermediate,Late Intermediate,Lower H5,950.0,1150,Lower H5,-21.660287,-69.53489,810,,,,,,,,und,Adult,,,Bone,Bone collagen,Tibia,Adult,,,,35.6,11.4,3.6,-10.9,20.7,,,Bone apatite,Tibia,Adult,,,-5.1,-4.6,,Santana-Sagredo et al. (2016),DOI: 10.1002/oa.2437,"Quillagua Oases, Loa basin",Antofagasta,Lowlands
Cementerio Oriente de Quillagua,Late Intermediate,Late Intermediate,Lower H11,950.0,1150,Lower H11,-21.660287,-69.53489,810,,,,,,,,und,Adult,,,Bone,Bone collagen,Femur,Adult,,,,36.7,11.3,3.7,-12.1,15.7,,,Bone apatite,Femur,Adult,,,-5.5,-5.2,,Santana-Sagredo et al. (2016),DOI: 10.1002/oa.2437,"Quillagua Oases, Loa basin",Antofagasta,Lowlands
Cementerio Oriente de Quillagua,Late Intermediate,Late Intermediate,Lower I11,950.0,1150,Lower I11,-21.660287,-69.53489,810,,,,,,,,und,Adult,,,Bone,Bone collagen,Tibia,Adult,,,,38.7,13.3,3.3,-11.2,14.4,,,Bone apatite,Tibia,Adult,,,-5.3,-4.2,,Santana-Sagredo et al. (2016),DOI: 10.1002/oa.2437,"Quillagua Oases, Loa basin",Antofagasta,Lowlands
Cementerio Oriente de Quillagua,Late Intermediate,Late Intermediate,Lower L4,950.0,1150,Lower L4,-21.660287,-69.53489,810,,,,,,,,und,Adult,,,Bone,Bone collagen,Femur,Adult,,,,39.1,13.3,3.3,-12.6,22.4,,,Bone apatite,Femur,Adult,,,-7.9,-4.9,,Santana-Sagredo et al. (2016),DOI: 10.1002/oa.2437,"Quillagua Oases, Loa basin",Antofagasta,Lowlands
Cementerio Oriente de Quillagua,Late Intermediate,Late Intermediate,Lower F11,950.0,1150,Lower F11,-21.660287,-69.53489,810,,,,,,,,und,und,,,Tooth,Dentin collagen,Max Pm2,Infant-2/Adolescent-1,3.5,13.0,,35.1,13.0,3.1,-16.8,14.5,,,Enamel,Max Pm2,Infant-2/Child 1,3.5,6.5,-10.7,-10.0,,Santana-Sagredo et al. (2016),DOI: 10.1002/oa.2437,"Quillagua Oases, Loa basin",Antofagasta,Lowlands
Cementerio Oriente de Quillagua,Late Intermediate,Late Intermediate,Lower H7,950.0,1150,Lower H7,-21.660287,-69.53489,810,,,,,,,,und,und,,,Tooth,Dentin collagen,Max C,Infant-1/Adolescent-1,0.7,12.5,,31.4,11.2,3.2,-12.8,19.5,,,Enamel,Max C,Infant-1/Infant-2,0.7,5.0,-7.7,-4.4,,Santana-Sagredo et al. (2016),DOI: 10.1002/oa.2437,"Quillagua Oases, Loa basin",Antofagasta,Lowlands
Cementerio Oriente de Quillagua,Late Intermediate,Late Intermediate,Lower F11 (skeleton 15),950.0,1150,Lower F11 (skeleton 15),-21.660287,-69.53489,810,,,,,,,,F,Adult,,,Bone,Bone collagen,Femur,Adult,,,,37.8,13.3,3.2,-12.6,16.7,,,Bone apatite,Femur,Adult,,,-7.3,-5.2,,Santana-Sagredo et al. (2016),DOI: 10.1002/oa.2437,"Quillagua Oases, Loa basin",Antofagasta,Lowlands
Cementerio Oriente de Quillagua,Late Intermediate,Late Intermediate,Lower F11-10 (sk14),950.0,1150,Lower F11-10 (sk14),-21.660287,-69.53489,810,,,,,,,,M,Adult,,,Bone,Bone collagen,Femur,Adult,,,,37.9,12.9,3.3,-11.9,16.3,,,Bone apatite,Femur,Adult,,,-6.4,-5.3,,Santana-Sagredo et al. (2016),DOI: 10.1002/oa.2437,"Quillagua Oases, Loa basin",Antofagasta,Lowlands
Cementerio Oriente de Quillagua,Late Intermediate,Late Intermediate,Lower H11 (skeleton 12),950.0,1150,Lower H11 (skeleton 12),-21.660287,-69.53489,810,,,,,,,,und,Adult,,,Bone,Bone collagen,Femur,Adult,,,,37.7,10.7,4.0,-14.1,17.7,,,Bone apatite,Femur,Adult,,,-7.3,-4.7,,Santana-Sagredo et al. (2016),DOI: 10.1002/oa.2437,"Quillagua Oases, Loa basin",Antofagasta,Lowlands
Cementerio Oriente de Quillagua,Late Intermediate,Late Intermediate,Lower Funerary context 1,950.0,1150,Lower Funerary context 1,-21.660287,-69.53489,810,,,,,,,,F,Adult,,,Bone,Bone collagen,Rib,Adult,,,,33.6,10.6,3.6,-13.9,15.7,,,Bone apatite,Rib,Adult,,,-7.3,-6.5,,Santana-Sagredo et al. (2016),DOI: 10.1002/oa.2437,"Quillagua Oases, Loa basin",Antofagasta,Lowlands
Cementerio Oriente de Quillagua,Late Intermediate,Late Intermediate,Lower Funerary context 2,950.0,1150,Lower Funerary context 2,-21.660287,-69.53489,810,,,,,,,,M,Adult,,,Bone,Bone collagen,Rib,Adult,,,,13.1,4.1,3.6,-11.4,18.6,,,Bone apatite,Rib,Adult,,,-5.9,-6.9,,Santana-Sagredo et al. (2016),DOI: 10.1002/oa.2437,"Quillagua Oases, Loa basin",Antofagasta,Lowlands
Cementerio Oriente de Quillagua,Late Intermediate,Late Intermediate,Lower Funerary context 3,950.0,1150,Lower Funerary context 3,-21.660287,-69.53489,810,,,,,,,,F,Adult,,,Bone,Bone collagen,Rib,Adult,,,,33.5,11.3,3.3,-12.1,16.8,,,Bone apatite,Rib,Adult,,,-7.2,-8.3,,Santana-Sagredo et al. (2016),DOI: 10.1002/oa.2437,"Quillagua Oases, Loa basin",Antofagasta,Lowlands
Huancarane 1,Late Intermediate,Late Intermediate,314,1000.0,1450,314,-18.97,-69.7,1173,,,,,,,,,,,,Hair,Hair keratin,Hair,,,,,36.0,11.6,3.6,-14.4,15.0,,,,,,,,,,,Spak and Valenzuela (2020),https://doi.org/10.1371/journal.pone.0228332,"Camarones Valley, 60 km from the coast",Arica y Parinacota,Lowlands
Huancarane 1,Late Intermediate,Late Intermediate,315,1000.0,1450,315,-18.97,-69.7,1173,,,,,,,,,,,,Hair,Hair keratin,Hair,,,,,34.0,12.2,3.3,-11.6,13.9,,,,,,,,,,,Spak and Valenzuela (2020),https://doi.org/10.1371/journal.pone.0228332,"Camarones Valley, 60 km from the coast",Arica y Parinacota,Lowlands
Huancarane 1,Late Intermediate,Late Intermediate,426,1000.0,1450,426,-18.97,-69.7,1173,,,,,,,,,,,,Hair,Hair keratin,Hair,,,,,41.7,13.4,3.6,-11.4,15.4,,,,,,,,,,,Spak and Valenzuela (2020),https://doi.org/10.1371/journal.pone.0228332,"Camarones Valley, 60 km from the coast",Arica y Parinacota,Lowlands
Iquique,Late Intermediate,Late Intermediate,Alessandri 26,900.0,1450,Alessandri 26,-20.2135,-70.1503,15,,,,,,,,M,,,,Bone,Bone collagen,Rib,,,,,,,3.2,-9.7,26.8,,,Bone apatite,Rib,,,,-6.5,,,Santana-Sagredo et al. (2021),DOI: 10.4324/9781003229810-3,Iquique,Tarapacá,Coast
Iquique,Late Intermediate,Late Intermediate,Alessandri 26,900.0,1450,Alessandri 26,-20.2135,-70.1503,15,,,,,,,,M,,,,Tooth,,,,,,,,,,,,,,Enamel,Max M2,Infant-2/Child-1,2.5,8.0,-6.1,,,Santana-Sagredo et al. (2021),DOI: 10.4324/9781003229810-3,Iquique,Tarapacá,Coast
Lluta 57,Late Intermediate,Late Intermediate,C20-C2,900.0,1485,C20-C2,-18.4011,-70.2275,426,,,,,,,,F,Young Adult,20.0,24.0,Bone,Bone collagen,Pelvis,,,,,43.3,15.3,3.3,-10.1,21.8,,,,,,,,,,,Silva-Pinto & Salazar-García (2015),http://hdl.handle.net/10550/47302,Lower Lluta Valley,Arica y Parinacota,Lowlands
Lluta 57,Late Intermediate,Late Intermediate,C20-C1,900.0,1485,C20-C1,-18.4011,-70.2275,426,,,,,,,,F,Young Adult,30.0,34.0,Bone,Bone collagen,Pelvis,,,,,45.8,14.8,3.6,-10.6,20.5,,,,,,,,,,,Silva-Pinto & Salazar-García (2015),http://hdl.handle.net/10550/47302,Lower Lluta Valley,Arica y Parinacota,Lowlands
Lluta 57,Late Intermediate,Late Intermediate,C19-T14,900.0,1485,C19-T14,-18.4011,-70.2275,426,,,,,,,,F,Young Adult,30.0,34.0,Bone,Bone collagen,Pelvis,,,,,44.7,14.5,3.6,-10.0,21.1,,,,,,,,,,,Silva-Pinto & Salazar-García (2015),http://hdl.handle.net/10550/47302,Lower Lluta Valley,Arica y Parinacota,Lowlands
Lluta 57,Late Intermediate,Late Intermediate,C24-E3,900.0,1485,C24-E3,-18.4011,-70.2275,426,,,,,,,,und,Infant-2,1.0,2.0,Bone,Bone collagen,Rib,,,,,42.9,15.7,3.2,-9.3,27.2,,,,,,,,,,,Silva-Pinto & Salazar-García (2015),http://hdl.handle.net/10550/47302,Lower Lluta Valley,Arica y Parinacota,Lowlands
Lluta 57,Late Intermediate,Late Intermediate,C13-B5,900.0,1485,C13-B5,-18.4011,-70.2275,426,,,,,,,,und,Child-1,6.0,8.0,Bone,Bone collagen,Pelvis,,,,,43.7,15.2,3.3,-11.8,23.6,,,,,,,,,,,Silva-Pinto & Salazar-García (2015),http://hdl.handle.net/10550/47302,Lower Lluta Valley,Arica y Parinacota,Lowlands
Lluta 57,Late Intermediate,Late Intermediate,C13-B6,900.0,1485,C13-B6,-18.4011,-70.2275,426,,,,,,,,F,Middle Adult,35.0,39.0,Bone,Bone collagen,Pelvis,,,,,44.5,15.2,3.4,-10.8,20.3,,,,,,,,,,,Silva-Pinto & Salazar-García (2015),http://hdl.handle.net/10550/47302,Lower Lluta Valley,Arica y Parinacota,Lowlands
Lluta 57,Late Intermediate,Late Intermediate,C1-B4,900.0,1485,C1-B4,-18.4011,-70.2275,426,,,,,,,,F,Young Adult,25.0,29.0,Bone,Bone collagen,Pelvis,,,,,45.1,15.2,3.5,-10.6,20.4,,,,,,,,,,,Silva-Pinto & Salazar-García (2015),http://hdl.handle.net/10550/47302,Lower Lluta Valley,Arica y Parinacota,Lowlands
Lluta 57,Late Intermediate,Late Intermediate,C3-C3,900.0,1485,C3-C3,-18.4011,-70.2275,426,,,,,,,,und,Adolescent-1,12.0,15.0,Bone,Bone collagen,Pelvis,,,,,45.3,14.2,3.7,-14.1,16.4,,,,,,,,,,,Silva-Pinto & Salazar-García (2015),http://hdl.handle.net/10550/47302,Lower Lluta Valley,Arica y Parinacota,Lowlands
Lluta 57,Late Intermediate,Late Intermediate,C20-B2,900.0,1485,C20-B2,-18.4011,-70.2275,426,,,,,,,,und,Adolescent-1,12.0,15.0,Bone,Bone collagen,Pelvis,,,,,43.9,14.8,3.5,-11.2,22.7,,,,,,,,,,,Silva-Pinto & Salazar-García (2015),http://hdl.handle.net/10550/47302,Lower Lluta Valley,Arica y Parinacota,Lowlands
Lluta 57,Late Intermediate,Late Intermediate,C19-C2,900.0,1485,C19-C2,-18.4011,-70.2275,426,,,,,,,,F,Young Adult,30.0,34.0,Bone,Bone collagen,Pelvis,,,,,44.6,14.8,3.5,-11.8,21.7,,,,,,,,,,,Silva-Pinto & Salazar-García (2015),http://hdl.handle.net/10550/47302,Lower Lluta Valley,Arica y Parinacota,Lowlands
Lluta 57,Late Intermediate,Late Intermediate,C21-T3,900.0,1485,C21-T3,-18.4011,-70.2275,426,,,,,,,,und,Child-1,5.0,7.0,Bone,Bone collagen,Pelvis,,,,,45.2,14.7,3.6,-12.7,19.7,,,,,,,,,,,Silva-Pinto & Salazar-García (2015),http://hdl.handle.net/10550/47302,Lower Lluta Valley,Arica y Parinacota,Lowlands
Lluta 57,Late Intermediate,Late Intermediate,C12-C3,900.0,1485,C12-C3,-18.4011,-70.2275,426,,,,,,,,M,Young Adult,25.0,29.0,Bone,Bone collagen,Pelvis,,,,,45.7,13.9,3.8,-11.7,19.5,,,,,,,,,,,Silva-Pinto & Salazar-García (2015),http://hdl.handle.net/10550/47302,Lower Lluta Valley,Arica y Parinacota,Lowlands
Lluta 57,Late Intermediate,Late Intermediate,C12-B1,900.0,1485,C12-B1,-18.4011,-70.2275,426,,,,,,,,F,Adolescent-2,17.0,20.0,Bone,Bone collagen,Pelvis,,,,,44.9,15.0,3.5,-10.4,23.0,,,,,,,,,,,Silva-Pinto & Salazar-García (2015),http://hdl.handle.net/10550/47302,Lower Lluta Valley,Arica y Parinacota,Lowlands
Lluta 57,Late Intermediate,Late Intermediate,C12-C3,900.0,1485,C12-C3,-18.4011,-70.2275,426,,,,,,,,M,Young Adult,25.0,29.0,Bone,Bone collagen,Pelvis,,,,,44.6,15.3,3.4,-9.6,21.1,,,,,,,,,,,Silva-Pinto & Salazar-García (2015),http://hdl.handle.net/10550/47302,Lower Lluta Valley,Arica y Parinacota,Lowlands
Lluta 57,Late Intermediate,Late Intermediate,C19-B3,900.0,1485,C19-B3,-18.4011,-70.2275,426,,,,,,,,F,Young Adult,25.0,29.0,Bone,Bone collagen,Pelvis,,,,,44.8,15.1,3.5,-10.8,22.0,,,,,,,,,,,Silva-Pinto & Salazar-García (2015),http://hdl.handle.net/10550/47302,Lower Lluta Valley,Arica y Parinacota,Lowlands
Lluta 57,Late Intermediate,Late Intermediate,C12-C2,900.0,1485,C12-C2,-18.4011,-70.2275,426,,,,,,,,M,Young Adult,30.0,34.0,Bone,Bone collagen,Pelvis,,,,,47.8,13.0,4.3,-12.2,19.5,,,,,,,,,,,Silva-Pinto & Salazar-García (2015),http://hdl.handle.net/10550/47302,Lower Lluta Valley,Arica y Parinacota,Lowlands
Los Verdes 5,Late Intermediate,Late Intermediate,LV5 243,900.0,1450,LV5 243,-20.4257,-70.1618,26,,,,,,,,M,,,,Bone,Bone collagen,Rib,,,,,,,3.3,-13.7,24.8,,,Bone apatite,Rib,,,,-11.1,,,Santana-Sagredo et al. (2021),DOI: 10.4324/9781003229810-3,20 km south of Iquique,Tarapacá,Coast
Molle Pampa (Medio),Late Intermediate,Late Intermediate,425-U-58,1100.0,1450,425-U-58,-18.423189,-70.089039,583,,,,,,,,,,,,Bone,Bone collagen,,,,,34.2,31.9,11.2,3.3,-14.9,16.4,,,Bone apatite,,,,,,,,Aufderheide and Santoro (1999),http://rchn.biologiachile.cl/pdfs/1999/2/Aufderheide_&_Santoro_1999.pdf,"Middle Lluta Valley, Poconchile",Arica y Parinacota,Lowlands
Molle Pampa (Medio),Late Intermediate,Late Intermediate,425-U-59,1100.0,1450,425-U-59,-18.423189,-70.089039,583,,,,,,,,,,,,Bone,Bone collagen,,,,,21.5,40.3,14.3,3.3,-17.6,14.7,,,Bone apatite,,,,,-10.5,,,Aufderheide and Santoro (1999),http://rchn.biologiachile.cl/pdfs/1999/2/Aufderheide_&_Santoro_1999.pdf,"Middle Lluta Valley, Poconchile",Arica y Parinacota,Lowlands
Molle Pampa (Medio),Late Intermediate,Late Intermediate,423-U-63,1100.0,1450,423-U-63,-18.423189,-70.089039,583,,,,,,,,,,,,Bone,Bone collagen,,,,,24.7,32.9,10.5,3.6,-13.5,19.2,,,Bone apatite,,,,,-9.0,,,Aufderheide and Santoro (1999),http://rchn.biologiachile.cl/pdfs/1999/2/Aufderheide_&_Santoro_1999.pdf,"Middle Lluta Valley, Poconchile",Arica y Parinacota,Lowlands
Molle Pampa (Medio),Late Intermediate,Late Intermediate,423-U-63,1100.0,1450,423-U-63,-18.423189,-70.089039,583,,,,,,,,,,,,Bone,Bone collagen,,,,,26.7,36.8,13.1,3.3,-13.3,19.4,,,Bone apatite,,,,,-8.3,,,Aufderheide and Santoro (1999),http://rchn.biologiachile.cl/pdfs/1999/2/Aufderheide_&_Santoro_1999.pdf,"Middle Lluta Valley, Poconchile",Arica y Parinacota,Lowlands
Molle Pampa (Medio),Late Intermediate,Late Intermediate,36-U-1,1100.0,1450,36-U-1,-18.423189,-70.089039,583,,,,,,,,,,,,Bone,Bone collagen,,,,,13.6,39.5,13.8,3.4,-12.2,21.3,,,Bone apatite,,,,,-7.1,,,Aufderheide and Santoro (1999),http://rchn.biologiachile.cl/pdfs/1999/2/Aufderheide_&_Santoro_1999.pdf,"Middle Lluta Valley, Poconchile",Arica y Parinacota,Lowlands
Molle Pampa (Medio),Late Intermediate,Late Intermediate,33-U-4,1100.0,1450,33-U-4,-18.423189,-70.089039,583,,,,,,,,,,,,Bone,Bone collagen,,,,,25.3,39.6,13.1,3.5,-10.6,22.7,,,Bone apatite,,,,,-7.5,,,Aufderheide and Santoro (1999),http://rchn.biologiachile.cl/pdfs/1999/2/Aufderheide_&_Santoro_1999.pdf,"Middle Lluta Valley, Poconchile",Arica y Parinacota,Lowlands
Molle Pampa (Medio),Late Intermediate,Late Intermediate,36-U-3,1100.0,1450,36-U-3,-18.423189,-70.089039,583,,,,,,,,,,,,Bone,Bone collagen,,,,,29.5,,,,,22.2,,,Bone apatite,,,,,-4.4,,,Aufderheide and Santoro (1999),http://rchn.biologiachile.cl/pdfs/1999/2/Aufderheide_&_Santoro_1999.pdf,"Middle Lluta Valley, Poconchile",Arica y Parinacota,Lowlands
Molle Pampa (Medio),Late Intermediate,Late Intermediate,27-I-1,1100.0,1450,27-I-1,-18.423189,-70.089039,583,,,,,,,,,,,,Bone,Bone collagen,,,,,29.0,34.9,12.6,3.2,-16.9,15.0,,,Bone apatite,,,,,,,,Aufderheide and Santoro (1999),http://rchn.biologiachile.cl/pdfs/1999/2/Aufderheide_&_Santoro_1999.pdf,"Middle Lluta Valley, Poconchile",Arica y Parinacota,Lowlands
Molle Pampa (Medio),Late Intermediate,Late Intermediate,425-U-65,1100.0,1450,425-U-65,-18.423189,-70.089039,583,,,,,,,,,,,,Bone,Bone collagen,Rib,,,,27.0,32.4,11.3,3.4,-9.6,22.3,,,Bone apatite,,,,,-3.9,,,Aufderheide and Santoro (1999),http://rchn.biologiachile.cl/pdfs/1999/2/Aufderheide_&_Santoro_1999.pdf,"Middle Lluta Valley, Poconchile",Arica y Parinacota,Lowlands
Molle Pampa (Medio),Late Intermediate,Late Intermediate,33-U-1,1100.0,1450,33-U-1,-18.423189,-70.089039,583,,,,,,,,,,,,Bone,Bone collagen,,,,,25.6,48.4,17.3,3.3,-10.4,20.4,,,Bone apatite,,,,,-5.1,,,Aufderheide and Santoro (1999),http://rchn.biologiachile.cl/pdfs/1999/2/Aufderheide_&_Santoro_1999.pdf,"Middle Lluta Valley, Poconchile",Arica y Parinacota,Lowlands
Molle Pampa (Medio),Late Intermediate,Late Intermediate,425-U-60,1100.0,1450,425-U-60,-18.423189,-70.089039,583,,,,,,,,,,,,Bone,Bone collagen,Tibia,,,,24.4,37.9,13.7,3.2,-9.7,23.1,,,Bone apatite,,,,,-3.8,,,Aufderheide and Santoro (1999),http://rchn.biologiachile.cl/pdfs/1999/2/Aufderheide_&_Santoro_1999.pdf,"Middle Lluta Valley, Poconchile",Arica y Parinacota,Lowlands
Molle Pampa (Medio),Late Intermediate,Late Intermediate,55-U-1,1100.0,1450,55-U-1,-18.423189,-70.089039,583,,,,,,,,,,,,Bone,,,,,,,,,,,,,,Bone apatite,,,,,,,0.70784,Aufderheide and Santoro (1999),http://rchn.biologiachile.cl/pdfs/1999/2/Aufderheide_&_Santoro_1999.pdf,"Middle Lluta Valley, Poconchile",Arica y Parinacota,Lowlands
Molle Pampa (Medio),Late Intermediate,Late Intermediate,36-U-3,1100.0,1450,36-U-3,-18.423189,-70.089039,583,,,,,,,,,,,,Bone,,,,,,,,,,,,,,Bone apatite,,,,,,,0.707525,Aufderheide and Santoro (1999),http://rchn.biologiachile.cl/pdfs/1999/2/Aufderheide_&_Santoro_1999.pdf,"Middle Lluta Valley, Poconchile",Arica y Parinacota,Lowlands
Quitor 1,Late Intermediate,Late Intermediate,I42,1000.0,1450,3486,-22.902611,-68.208056,2458,,,,,,,,und,,,,Bone,Bone collagen,,,,,16.5,43.3,15.5,3.3,-12.2,11.7,,,Bone apatite,,,,,-7.4,,,Pestle et al. (2016),http://dx.doi.org/10.1016/j.jasrep.2016.03.048,San Pedro de Atacama Oasis,Antofagasta,Precordillera
Quitor 1,Late Intermediate,Late Intermediate,I43,1000.0,1450,3454,-22.902749,-68.208019,2458,,,,,,,,und,,,,Bone,Bone collagen,,,,,14.9,34.1,12.2,3.3,-13.2,11.0,,,Bone apatite,,,,,-7.8,,,Pestle et al. (2016),http://dx.doi.org/10.1016/j.jasrep.2016.03.048,San Pedro de Atacama Oasis,Antofagasta,Precordillera
Quitor 1,Late Intermediate,Late Intermediate,I44,1000.0,1450,3487,-22.902749,-68.208019,2458,,,,,,,,und,,,,Bone,Bone collagen,,,,,6.3,22.3,7.6,3.4,-15.2,13.0,,,Bone apatite,,,,,-9.3,,,Pestle et al. (2016),http://dx.doi.org/10.1016/j.jasrep.2016.03.048,San Pedro de Atacama Oasis,Antofagasta,Precordillera
Quitor 1,Late Intermediate,Late Intermediate,I45,1000.0,1450,3443,-22.902749,-68.208019,2458,,,,,,,,und,,,,Bone,Bone collagen,,,,,7.9,33.1,12.7,3.0,-13.4,11.1,,,Bone apatite,,,,,-7.1,,,Pestle et al. (2016),http://dx.doi.org/10.1016/j.jasrep.2016.03.048,San Pedro de Atacama Oasis,Antofagasta,Precordillera
Quitor 1,Late Intermediate,Late Intermediate,I46,1000.0,1450,3455,-22.902749,-68.208019,2458,,,,,,,,und,,,,Bone,Bone collagen,,,,,1.8,10.5,2.9,4.3,-12.8,12.7,,,Bone apatite,,,,,-8.0,,,Pestle et al. (2016),http://dx.doi.org/10.1016/j.jasrep.2016.03.048,San Pedro de Atacama Oasis,Antofagasta,Precordillera
Quitor 1,Late Intermediate,Late Intermediate,I47,1000.0,1450,3493,-22.902749,-68.208019,2458,,,,,,,,und,,,,Bone,Bone collagen,,,,,22.8,38.2,13.9,3.2,-14.0,9.5,,,Bone apatite,,,,,-7.4,,,Pestle et al. (2016),http://dx.doi.org/10.1016/j.jasrep.2016.03.048,San Pedro de Atacama Oasis,Antofagasta,Precordillera
Quitor 6,Late Intermediate,Late Intermediate,T02,900.0,1485,T02,-22.903611,-68.207222,2451,,,,,,,,M,Adult,,,Bone,Bone collagen,Rib,Adult,,,22.4,40.9,14.8,3.2,-13.2,11.9,,,Bone apatite,Rib,Adult,,,-7.7,-3.7,,Santana-Sagredo et al. (2015a),DOI: 10.1002/ajpa.22663,San Pedro de Atacama Oasis,Antofagasta,Precordillera
Quitor 6,Late Intermediate,Late Intermediate,T09,900.0,1485,T09,-22.905268,-68.207185,2451,,,,,,,,F,Adult,,,Bone,Bone collagen,Rib,Adult,,,19.4,39.1,13.4,3.4,-14.8,10.6,,,Bone apatite,Rib,Adult,,,-7.9,-3.9,,Santana-Sagredo et al. (2015a),DOI: 10.1002/ajpa.22663,San Pedro de Atacama Oasis,Antofagasta,Precordillera
Quitor 6,Late Intermediate,Late Intermediate,T11,900.0,1485,T11,-22.905268,-68.207185,2451,,,,,,,,M,Adult,,,Bone,Bone collagen,Rib,Adult,,,25.2,44.3,16.1,3.2,-15.3,11.6,,,Bone apatite,Rib,Adult,,,-9.0,-4.5,,Santana-Sagredo et al. (2015a),DOI: 10.1002/ajpa.22663,San Pedro de Atacama Oasis,Antofagasta,Precordillera
Quitor 6,Late Intermediate,Late Intermediate,T19,900.0,1485,T19,-22.905268,-68.207185,2451,,,,,,,,M,Adult,,,Bone,Bone collagen,Rib,Adult,,,9.3,37.2,11.4,3.8,-17.4,11.4,,,Bone apatite,Rib,Adult,,,-8.0,-5.0,,Santana-Sagredo et al. (2015a),DOI: 10.1002/ajpa.22663,San Pedro de Atacama Oasis,Antofagasta,Precordillera
Quitor 6,Late Intermediate,Late Intermediate,T31,900.0,1485,T31,-22.905268,-68.207185,2451,,,,,,,,M,Adult,,,Bone,Bone collagen,Rib,Adult,,,17.1,42.7,15.5,3.2,-14.5,11.4,,,Bone apatite,Rib,Adult,,,-8.6,-4.7,,Santana-Sagredo et al. (2015a),DOI: 10.1002/ajpa.22663,San Pedro de Atacama Oasis,Antofagasta,Precordillera
Quitor 6,Late Intermediate,Late Intermediate,T34,900.0,1485,T34,-22.905268,-68.207185,2451,,,,,,,,F,Adult,,,Bone,Bone collagen,Rib,Adult,,,,,,,,,,,Bone apatite,Rib,Adult,,,-8.5,-4.8,,Santana-Sagredo et al. (2015a),DOI: 10.1002/ajpa.22663,San Pedro de Atacama Oasis,Antofagasta,Precordillera
Quitor 6,Late Intermediate,Late Intermediate,T35,900.0,1485,T35,-22.905268,-68.207185,2451,,,,,,,,M,Adult,,,Bone,Bone collagen,Phalange,Adult,,,5.4,42.1,14.3,3.4,-15.3,10.1,,,Bone apatite,Phalange,Adult,,,-8.7,-4.0,,Santana-Sagredo et al. (2015a),DOI: 10.1002/ajpa.22663,San Pedro de Atacama Oasis,Antofagasta,Precordillera
Quitor 6,Late Intermediate,Late Intermediate,T36,900.0,1485,T36,-22.905268,-68.207185,2451,,,,,,,,M,Adult,,,Bone,Bone collagen,Rib,Adult,,,23.1,44.1,15.8,3.3,-13.8,11.2,,,Bone apatite,Rib,Adult,,,-7.9,-4.5,,Santana-Sagredo et al. (2015a),DOI: 10.1002/ajpa.22663,San Pedro de Atacama Oasis,Antofagasta,Precordillera
Quitor 6,Late Intermediate,Late Intermediate,T39,900.0,1485,T39,-22.905268,-68.207185,2451,,,,,,,,F,Adult,,,Bone,Bone collagen,Rib,Adult,,,,,,,,,,,Bone apatite,Rib,Adult,,,-8.1,-4.3,,Santana-Sagredo et al. (2015a),DOI: 10.1002/ajpa.22663,San Pedro de Atacama Oasis,Antofagasta,Precordillera
Quitor 6,Late Intermediate,Late Intermediate,T42,900.0,1485,T42,-22.905268,-68.207185,2451,,,,,,,,F,Adult,,,Bone,Bone collagen,Rib,Adult,,,16.8,39.7,14.4,3.2,-14.2,11.0,,,Bone apatite,Rib,Adult,,,-9.8,-4.1,,Santana-Sagredo et al. (2015a),DOI: 10.1002/ajpa.22663,San Pedro de Atacama Oasis,Antofagasta,Precordillera
Quitor 6,Late Intermediate,Late Intermediate,T45,900.0,1485,T45,-22.905268,-68.207185,2451,,,,,,,,und,Adult,,,Bone,Bone collagen,Rib,Adult,,,16.2,41.9,15.3,3.2,-14.8,9.5,,,Bone apatite,Rib,Adult,,,-8.4,-2.9,,Santana-Sagredo et al. (2015a),DOI: 10.1002/ajpa.22663,San Pedro de Atacama Oasis,Antofagasta,Precordillera
Quitor 6,Late Intermediate,Late Intermediate,T46,900.0,1485,T46,-22.905268,-68.207185,2451,,,,,,,,F,Adult,,,Bone,Bone collagen,Rib,Adult,,,20.5,40.6,15.0,3.2,-14.1,11.8,,,Bone apatite,Rib,Adult,,,-8.6,-4.0,,Santana-Sagredo et al. (2015a),DOI: 10.1002/ajpa.22663,San Pedro de Atacama Oasis,Antofagasta,Precordillera
Quitor 6,Late Intermediate,Late Intermediate,T47,900.0,1485,T47,-22.905268,-68.207185,2451,,,,,,,,F,Adult,,,Bone,Bone collagen,Rib,Adult,,,9.0,39.3,13.9,3.3,-15.5,10.6,,,Bone apatite,Rib,Adult,,,-8.9,-3.5,,Santana-Sagredo et al. (2015a),DOI: 10.1002/ajpa.22663,San Pedro de Atacama Oasis,Antofagasta,Precordillera
Quitor 6,Late Intermediate,Late Intermediate,T50,900.0,1485,T50,-22.905268,-68.207185,2451,,,,,,,,und,Adult,,,Bone,Bone collagen,Rib,Adult,,,23.8,43.7,15.2,3.3,-14.8,10.6,,,Bone apatite,Rib,Adult,,,-8.2,-2.6,,Santana-Sagredo et al. (2015a),DOI: 10.1002/ajpa.22663,San Pedro de Atacama Oasis,Antofagasta,Precordillera
Quitor 6,Late Intermediate,Late Intermediate,T52,900.0,1485,T52,-22.905268,-68.207185,2451,,,,,,,,F,Adult,,,Bone,Bone collagen,Rib,Adult,,,30.5,46.7,17.1,3.2,-11.6,11.5,,,Bone apatite,Rib,Adult,,,-8.6,-3.9,,Santana-Sagredo et al. (2015a),DOI: 10.1002/ajpa.22663,San Pedro de Atacama Oasis,Antofagasta,Precordillera
Quitor 6,Late Intermediate,Late Intermediate,T54,900.0,1485,T54,-22.905268,-68.207185,2451,,,,,,,,F,Adult,,,Bone,Bone collagen,Rib,Adult,,,9.8,34.2,11.6,3.5,-15.3,10.8,,,Bone apatite,Rib,Adult,,,,,,Santana-Sagredo et al. (2015a),DOI: 10.1002/ajpa.22663,San Pedro de Atacama Oasis,Antofagasta,Precordillera
Quitor 6,Late Intermediate,Late Intermediate,ACL-1532,750.0,1250,QT6–0595,-22.905268,-68.207185,2451,,,,,,,,F,Young Adult,21.0,35.0,Tooth,,,Adult,,,,,,,,,,,Enamel,Max RM3,Child-2/Adolescent-1,8.5,14.0,-7.6,-2.0,,Knudson et al. (2015),DOI: 10.1002/ajpa.22694,San Pedro de Atacama Oasis,Antofagasta,Precordillera
Quitor 6,Late Intermediate,Late Intermediate,G43,1000.0,1450,T23,-22.905268,-68.207185,2451,,,,,,,,und,,,,Bone,Bone collagen,,,,,0.9,10.3,2.6,4.6,-17.3,9.1,,,Bone apatite,,,,,-8.5,,,Pestle et al. (2016),http://dx.doi.org/10.1016/j.jasrep.2016.03.048,San Pedro de Atacama Oasis,Antofagasta,Precordillera
Quitor 6,Late Intermediate,Late Intermediate,H95,1000.0,1450,469/470,-22.905268,-68.207185,2451,,,,,,,,F,,,,Bone,Bone collagen,,,,,19.2,39.2,14.5,3.2,-13.6,10.8,,,Bone apatite,,,,,-7.8,,,Pestle et al. (2016),http://dx.doi.org/10.1016/j.jasrep.2016.03.048,San Pedro de Atacama Oasis,Antofagasta,Precordillera
Quitor 6,Late Intermediate,Late Intermediate,H96,1000.0,1450,871,-22.905268,-68.207185,2451,,,,,,,,M,,,,Bone,Bone collagen,,,,,19.3,38.0,13.6,3.3,-15.9,10.8,,,Bone apatite,,,,,-10.3,,,Pestle et al. (2016),http://dx.doi.org/10.1016/j.jasrep.2016.03.048,San Pedro de Atacama Oasis,Antofagasta,Precordillera
Quitor 6,Late Intermediate,Late Intermediate,H97,1000.0,1450,88/89,-22.905268,-68.207185,2451,,,,,,,,F,,,,Bone,Bone collagen,,,,,8.3,32.2,11.6,3.2,-13.9,10.5,,,Bone apatite,,,,,-8.5,,,Pestle et al. (2016),http://dx.doi.org/10.1016/j.jasrep.2016.03.048,San Pedro de Atacama Oasis,Antofagasta,Precordillera
Quitor 6,Late Intermediate,Late Intermediate,H98,1000.0,1450,943,-22.905268,-68.207185,2451,,,,,,,,F,,,,Bone,Bone collagen,,,,,3.8,25.5,8.8,3.4,-13.7,11.4,,,Bone apatite,,,,,-8.0,,,Pestle et al. (2016),http://dx.doi.org/10.1016/j.jasrep.2016.03.048,San Pedro de Atacama Oasis,Antofagasta,Precordillera
Quitor 6,Late Intermediate,Late Intermediate,H99,1000.0,1450,694,-22.905268,-68.207185,2451,,,,,,,,und,,,,Bone,Bone collagen,,,,,14.2,35.6,13.1,3.2,-13.0,9.9,,,Bone apatite,,,,,-7.7,,,Pestle et al. (2016),http://dx.doi.org/10.1016/j.jasrep.2016.03.048,San Pedro de Atacama Oasis,Antofagasta,Precordillera
Quitor 6,Late Intermediate,Late Intermediate,H100,1000.0,1450,876,-22.905268,-68.207185,2451,,,,,,,,und,,,,Bone,Bone collagen,,,,,21.0,38.0,13.9,3.2,-15.6,9.3,,,Bone apatite,,,,,-8.8,,,Pestle et al. (2016),http://dx.doi.org/10.1016/j.jasrep.2016.03.048,San Pedro de Atacama Oasis,Antofagasta,Precordillera
Quitor 6,Late Intermediate,Late Intermediate,H101,1000.0,1450,877,-22.905268,-68.207185,2451,,,,,,,,F,,,,Bone,Bone collagen,,,,,20.4,37.2,13.6,3.2,-15.2,9.7,,,Bone apatite,,,,,-10.1,,,Pestle et al. (2016),http://dx.doi.org/10.1016/j.jasrep.2016.03.048,San Pedro de Atacama Oasis,Antofagasta,Precordillera
Quitor 6,Late Intermediate,Late Intermediate,H102,1000.0,1450,432/433,-22.905268,-68.207185,2451,,,,,,,,und,,,,Bone,Bone collagen,,,,,2.4,1.3,0.4,4.1,-15.1,10.3,,,Bone apatite,,,,,-6.6,,,Pestle et al. (2016),http://dx.doi.org/10.1016/j.jasrep.2016.03.048,San Pedro de Atacama Oasis,Antofagasta,Precordillera
Quitor 6,Late Intermediate,Late Intermediate,H103,1000.0,1450,222/223,-22.905268,-68.207185,2451,,,,,,,,F,,,,Bone,Bone collagen,,,,,21.2,36.1,13.3,3.2,-13.2,10.3,,,Bone apatite,,,,,-7.3,,,Pestle et al. (2016),http://dx.doi.org/10.1016/j.jasrep.2016.03.048,San Pedro de Atacama Oasis,Antofagasta,Precordillera
Quitor 6,Late Intermediate,Late Intermediate,H104,1000.0,1450,104,-22.905268,-68.207185,2451,,,,,,,,F,,,,Bone,Bone collagen,,,,,22.1,39.0,14.4,3.2,-13.0,11.4,,,Bone apatite,,,,,-7.8,,,Pestle et al. (2016),http://dx.doi.org/10.1016/j.jasrep.2016.03.048,San Pedro de Atacama Oasis,Antofagasta,Precordillera
Quitor 6,Late Intermediate,Late Intermediate,H105,1000.0,1450,80/81,-22.905268,-68.207185,2451,,,,,,,,F,,,,Bone,Bone collagen,,,,,4.8,28.3,9.9,3.3,-14.4,10.7,,,Bone apatite,,,,,-8.7,,,Pestle et al. (2016),http://dx.doi.org/10.1016/j.jasrep.2016.03.048,San Pedro de Atacama Oasis,Antofagasta,Precordillera
Quitor 6,Late Intermediate,Late Intermediate,H-106,1000.0,1450,667,-22.905268,-68.207185,2451,,,,,,,,F,,,,Bone,Bone collagen,,,,,1.7,10.9,3.5,3.6,-13.7,10.9,,,Bone apatite,,,,,-7.9,,,Pestle et al. (2016),http://dx.doi.org/10.1016/j.jasrep.2016.03.048,San Pedro de Atacama Oasis,Antofagasta,Precordillera
Quitor 6,Late Intermediate,Late Intermediate,H-107,1000.0,1450,685,-22.905268,-68.207185,2451,,,,,,,,und,,,,Bone,Bone collagen,,,,,7.0,31.7,11.7,3.2,-11.2,11.5,,,Bone apatite,,,,,-6.2,,,Pestle et al. (2016),http://dx.doi.org/10.1016/j.jasrep.2016.03.048,San Pedro de Atacama Oasis,Antofagasta,Precordillera
Quitor 6,Late Intermediate,Late Intermediate,595,1000.0,1450,595,-22.905268,-68.207185,2451,,,,,,,,,,,,Tooth,,,,,,,,,,,,,,Enamel,M3,,,,-7.6,,,Santana-Sagredo et al. (2019),https://doi.org/10.1016/j.quaint.2018.05.013,San Pedro de Atacama Oasis,Antofagasta,Precordillera
Quitor 9,Late Intermediate,Late Intermediate,H88,1000.0,1450,3250,-22.908383,-68.205559,2443,,,,,,,,F,,,,Bone,Bone collagen,,,,,2.4,18.8,6.4,3.4,-13.7,12.1,,,Bone apatite,,,,,-8.2,,,Pestle et al. (2016),http://dx.doi.org/10.1016/j.jasrep.2016.03.048,San Pedro de Atacama Oasis,Antofagasta,Precordillera
Quitor 9,Late Intermediate,Late Intermediate,H89,1000.0,1450,3242,-22.908383,-68.205559,2443,,,,,,,,und,,,,Bone,Bone collagen,,,,,1.1,,,,-20.5,9.3,,,Bone apatite,,,,,-10.9,,,Pestle et al. (2016),http://dx.doi.org/10.1016/j.jasrep.2016.03.048,San Pedro de Atacama Oasis,Antofagasta,Precordillera
Quitor 9,Late Intermediate,Late Intermediate,H90,1000.0,1450,3237,-22.908383,-68.205559,2443,,,,,,,,M,,,,Bone,Bone collagen,,,,,21.5,40.2,14.8,3.2,-11.5,12.3,,,Bone apatite,,,,,-7.4,,,Pestle et al. (2016),http://dx.doi.org/10.1016/j.jasrep.2016.03.048,San Pedro de Atacama Oasis,Antofagasta,Precordillera
Quitor 9,Late Intermediate,Late Intermediate,H91,1000.0,1450,3236,-22.908383,-68.205559,2443,,,,,,,,M,,,,Bone,Bone collagen,,,,,14.3,38.9,14.2,3.2,-11.4,12.5,,,Bone apatite,,,,,-6.0,,,Pestle et al. (2016),http://dx.doi.org/10.1016/j.jasrep.2016.03.048,San Pedro de Atacama Oasis,Antofagasta,Precordillera
Quitor 9,Late Intermediate,Late Intermediate,H92,1000.0,1450,3249,-22.908383,-68.205559,2443,,,,,,,,M,,,,Bone,Bone collagen,,,,,17.4,39.2,14.6,3.1,-11.7,11.2,,,Bone apatite,,,,,-5.9,,,Pestle et al. (2016),http://dx.doi.org/10.1016/j.jasrep.2016.03.048,San Pedro de Atacama Oasis,Antofagasta,Precordillera
Quitor 9,Late Intermediate,Late Intermediate,H93,1000.0,1450,3251,-22.908383,-68.205559,2443,,,,,,,,und,,,,Bone,Bone collagen,,,,,2.3,9.4,2.8,3.9,-14.1,11.8,,,Bone apatite,,,,,-8.4,,,Pestle et al. (2016),http://dx.doi.org/10.1016/j.jasrep.2016.03.048,San Pedro de Atacama Oasis,Antofagasta,Precordillera
Quitor 9,Late Intermediate,Late Intermediate,H94,1000.0,1450,3239,-22.908383,-68.205559,2443,,,,,,,,und,,,,Bone,Bone collagen,,,,,2.7,3.6,0.8,5.5,-13.7,14.0,,,Bone apatite,,,,,-6.6,,,Pestle et al. (2016),http://dx.doi.org/10.1016/j.jasrep.2016.03.048,San Pedro de Atacama Oasis,Antofagasta,Precordillera
San Lorenzo de Tarapacá,Late Intermediate,Late Intermediate,SLT M1,900.0,1450,SLT M1,-19.9235,-69.5094,1414,,,,,,,,M,,,,Bone,Bone collagen,Phalange,,,,,,,3.2,-10.2,15.0,,,Bone apatite,Phalange,,,,-6.1,,,Santana-Sagredo et al. (2021),DOI: 10.4324/9781003229810-3,Tarapacá,Tarapacá,Lowlands
San Lorenzo de Tarapacá,Late Intermediate,Late Intermediate,SLT 121,900.0,1450,SLT 121,-19.9235,-69.5094,1414,,,,,,,,F,,,,Bone,Bone collagen,Rib,,,,,,,3.2,-13.6,13.9,,,Bone apatite,Rib,,,,-11.2,,,Santana-Sagredo et al. (2021),DOI: 10.4324/9781003229810-3,Tarapacá,Tarapacá,Lowlands
Toconao Oriente,Late Intermediate,Late Intermediate,TO 1,900.0,1485,TO 1,-23.8089,-68.0676,2679,,,,,,,,F,,,,Bone,Bone collagen,Rib,,,,,,,3.6,-15.1,10.9,,,Bone apatite,Rib,,,,-10.4,-3.7,,Santana-Sagredo et al. (2019),https://doi.org/10.1016/j.quaint.2018.05.013,"Upper Loa basin, Calama",Antofagasta,Precordillera
Toconao Oriente,Late Intermediate,Late Intermediate,TO 2,900.0,1485,TO 2,-23.8089,-68.0676,2679,,,,,,,,F,,,,Bone,Bone collagen,Rib,,,,,,,3.2,-14.5,11.1,,,Bone apatite,Rib,,,,-10.5,-4.0,,Santana-Sagredo et al. (2019),https://doi.org/10.1016/j.quaint.2018.05.013,"Upper Loa basin, Calama",Antofagasta,Precordillera
Toconao Oriente,Late Intermediate,Late Intermediate,TO 3,900.0,1485,TO 3,-23.8089,-68.0676,2679,,,,,,,,M,,,,Bone,Bone collagen,Rib,,,,,,,,,,,,Bone apatite,Rib,,,,-8.3,-3.7,,Santana-Sagredo et al. (2019),https://doi.org/10.1016/j.quaint.2018.05.013,"Upper Loa basin, Calama",Antofagasta,Precordillera
Toconao Oriente,Late Intermediate,Late Intermediate,TO 4,900.0,1485,TO 4,-23.8089,-68.0676,2679,,,,,,,,M,,,,Bone,Bone collagen,Clavicle,,,,,,,3.4,-14.1,11.7,,,Bone apatite,Clavicle,,,,-8.7,-3.8,,Santana-Sagredo et al. (2019),https://doi.org/10.1016/j.quaint.2018.05.013,"Upper Loa basin, Calama",Antofagasta,Precordillera
Toconao Oriente,Late Intermediate,Late Intermediate,TO 5,900.0,1485,TO 5,-23.8089,-68.0676,2679,,,,,,,,M,,,,Bone,Bone collagen,Rib,,,,,,,3.3,-14.9,10.8,,,Bone apatite,Rib,,,,-11.6,-5.1,,Santana-Sagredo et al. (2019),https://doi.org/10.1016/j.quaint.2018.05.013,"Upper Loa basin, Calama",Antofagasta,Precordillera
Toconao Oriente,Late Intermediate,Late Intermediate,TO 6,900.0,1485,TO 6,-23.8089,-68.0676,2679,,,,,,,,F,,,,Bone,Bone collagen,Rib,,,,,,,3.3,-14.6,11.0,,,Bone apatite,Rib,,,,-10.0,-4.0,,Santana-Sagredo et al. (2019),https://doi.org/10.1016/j.quaint.2018.05.013,"Upper Loa basin, Calama",Antofagasta,Precordillera
Toconao Oriente,Late Intermediate,Late Intermediate,TO 7,900.0,1485,TO 7,-23.8089,-68.0676,2679,,,,,,,,F,,,,Bone,Bone collagen,Phalange,,,,,,,3.2,-14.4,11.2,,,Bone apatite,Phalange,,,,-8.4,-2.2,,Santana-Sagredo et al. (2019),https://doi.org/10.1016/j.quaint.2018.05.013,"Upper Loa basin, Calama",Antofagasta,Precordillera
Toconao Oriente,Late Intermediate,Late Intermediate,TO 8,900.0,1485,TO 8,-23.8089,-68.0676,2679,,,,,,,,F,,,,Bone,Bone collagen,Rib,,,,,,,3.7,-15.5,10.5,,,Bone apatite,Rib,,,,-10.2,-4.1,,Santana-Sagredo et al. (2019),https://doi.org/10.1016/j.quaint.2018.05.013,"Upper Loa basin, Calama",Antofagasta,Precordillera
Toconao Oriente,Late Intermediate,Late Intermediate,TO 9,900.0,1485,TO 9,-23.8089,-68.0676,2679,,,,,,,,M,,,,Bone,,,,,,,,,,,,,,Bone apatite,Cranial bone,,,,-8.4,-2.7,,Santana-Sagredo et al. (2019),https://doi.org/10.1016/j.quaint.2018.05.013,"Upper Loa basin, Calama",Antofagasta,Precordillera
Toconao Oriente,Late Intermediate,Late Intermediate,TO 11.C1,900.0,1485,TO 11.C1,-23.8089,-68.0676,2679,,,,,,,,M,,,,Bone,,,,,,,,,,,,,,Bone apatite,Cranial bone,,,,-11.3,-6.7,,Santana-Sagredo et al. (2019),https://doi.org/10.1016/j.quaint.2018.05.013,"Upper Loa basin, Calama",Antofagasta,Precordillera
Toconao Oriente,Late Intermediate,Late Intermediate,TO 12,900.0,1485,TO 12,-23.8089,-68.0676,2679,,,,,,,,M,,,,Bone,Bone collagen,Rib,,,,,,,3.2,-13.2,12.7,,,Bone apatite,Rib,,,,-10.0,-2.9,,Santana-Sagredo et al. (2019),https://doi.org/10.1016/j.quaint.2018.05.013,"Upper Loa basin, Calama",Antofagasta,Precordillera
Toconao Oriente,Late Intermediate,Late Intermediate,TO 13,900.0,1485,TO 13,-23.8089,-68.0676,2679,,,,,,,,F,,,,Bone,Bone collagen,Cranial bone,,,,,,,4.2,-16.6,7.9,,,Bone apatite,Cranial bone,,,,-10.2,-4.6,,Santana-Sagredo et al. (2019),https://doi.org/10.1016/j.quaint.2018.05.013,"Upper Loa basin, Calama",Antofagasta,Precordillera
Toconao Oriente,Late Intermediate,Late Intermediate,TO 14,900.0,1485,TO 14,-23.8089,-68.0676,2679,,,,,,,,M,,,,Bone,Bone collagen,Cranial bone,,,,,,,3.6,-16.6,7.3,,,Bone apatite,Cranial bone,,,,-9.7,-3.9,,Santana-Sagredo et al. (2019),https://doi.org/10.1016/j.quaint.2018.05.013,"Upper Loa basin, Calama",Antofagasta,Precordillera
Toconao Oriente,Late Intermediate,Late Intermediate,TO 15,900.0,1485,TO 15,-23.8089,-68.0676,2679,,,,,,,,F,,,,Bone,Bone collagen,Cranial bone,,,,,,,3.4,-14.6,13.6,,,Bone apatite,Cranial bone,,,,-8.6,-3.1,,Santana-Sagredo et al. (2019),https://doi.org/10.1016/j.quaint.2018.05.013,"Upper Loa basin, Calama",Antofagasta,Precordillera
Toconao Oriente,Late Intermediate,Late Intermediate,TO 16,900.0,1485,TO 16,-23.8089,-68.0676,2679,,,,,,,,M,,,,Bone,Bone collagen,Cranial bone,,,,,,,3.6,-14.5,12.9,,,Bone apatite,Cranial bone,,,,-9.1,-3.9,,Santana-Sagredo et al. (2019),https://doi.org/10.1016/j.quaint.2018.05.013,"Upper Loa basin, Calama",Antofagasta,Precordillera
Toconce,Late Intermediate,Late Intermediate,TOC 76,900.0,1485,TOC 76,-22.263972,-68.166845,3295,,,,,,,,F,,,,Bone,Bone collagen,Cranial bone,,,,,,,3.3,-14.2,11.5,,,Bone apatite,Cranial bone,,,,-8.9,-5.7,,Santana-Sagredo et al. (2019),https://doi.org/10.1016/j.quaint.2018.05.013,"Upper Loa basin, Calama",Antofagasta,Precordillera
Azapa 8,Late Intermediate/Late,Late Intermediate/Late,T1,1450.0,1540,T1,-18.5119,-70.1787,357,,,,,,,,M,Young Adult,21.0,35.0,Bone,Bone collagen,Rib,Adult,,,,46.2,13.1,3.5,-17.5,15.2,,,,,,,,,,,Alfonso-Durruty et al. (2019),https://doi.org/10.1016/j.quascirev.2019.04.022,"San Miguel de Azapa, Lower Azapa Valley",Arica y Parinacota,Lowlands
Azapa 8,Late Intermediate/Late,Late Intermediate/Late,T5B,1450.0,1540,T5B,-18.5119,-70.1787,357,,,,,,,,M,Young Adult,21.0,35.0,Bone,Bone collagen,Rib,Adult,,,,49.5,14.3,3.5,-12.8,19.1,,,,,,,,,,,Alfonso-Durruty et al. (2019),https://doi.org/10.1016/j.quascirev.2019.04.022,"San Miguel de Azapa, Lower Azapa Valley",Arica y Parinacota,Lowlands
Azapa 8,Late Intermediate/Late,Late Intermediate/Late,T7B,1450.0,1540,T7B,-18.5119,-70.1787,357,,,,,,,,M,Middle Adult,36.0,50.0,Bone,Bone collagen,Rib,Adult,,,,50.2,14.6,3.4,-13.5,18.4,,,,,,,,,,,Alfonso-Durruty et al. (2019),https://doi.org/10.1016/j.quascirev.2019.04.022,"San Miguel de Azapa, Lower Azapa Valley",Arica y Parinacota,Lowlands
Azapa 8,Late Intermediate/Late,Late Intermediate/Late,T15,1450.0,1540,T15,-18.5119,-70.1787,357,,,,,,,,F,Young Adult,21.0,35.0,Bone,Bone collagen,Rib,Adult,,,,43.7,14.5,3.0,-15.0,19.2,,,,,,,,,,,Alfonso-Durruty et al. (2019),https://doi.org/10.1016/j.quascirev.2019.04.022,"San Miguel de Azapa, Lower Azapa Valley",Arica y Parinacota,Lowlands
Azapa 8,Late Intermediate/Late,Late Intermediate/Late,T19,1450.0,1540,T19,-18.5119,-70.1787,357,,,,,,,,F,Middle Adult,36.0,50.0,Bone,Bone collagen,Rib,Adult,,,,46.1,14.1,3.3,-11.3,18.3,,,,,,,,,,,Alfonso-Durruty et al. (2019),https://doi.org/10.1016/j.quascirev.2019.04.022,"San Miguel de Azapa, Lower Azapa Valley",Arica y Parinacota,Lowlands
Azapa 8,Late Intermediate/Late,Late Intermediate/Late,T23,1450.0,1540,T23,-18.5119,-70.1787,357,,,,,,,,F,Middle Adult,36.0,50.0,Bone,Bone collagen,Rib,Adult,,,,43.9,14.2,3.1,-12.0,16.0,,,,,,,,,,,Alfonso-Durruty et al. (2019),https://doi.org/10.1016/j.quascirev.2019.04.022,"San Miguel de Azapa, Lower Azapa Valley",Arica y Parinacota,Lowlands
Azapa 8,Late Intermediate/Late,Late Intermediate/Late,T25,1450.0,1540,T25,-18.5119,-70.1787,357,,,,,,,,M,Young Adult,21.0,35.0,Bone,Bone collagen,Rib,Adult,,,,47.9,14.3,3.3,-10.9,16.4,,,,,,,,,,,Alfonso-Durruty et al. (2019),https://doi.org/10.1016/j.quascirev.2019.04.022,"San Miguel de Azapa, Lower Azapa Valley",Arica y Parinacota,Lowlands
Azapa 8,Late Intermediate/Late,Late Intermediate/Late,T35,1450.0,1540,T35,-18.5119,-70.1787,357,,,,,,,,M,Young Adult,21.0,35.0,Bone,Bone collagen,Rib,Adult,,,,45.9,14.2,3.2,-12.7,18.3,,,,,,,,,,,Alfonso-Durruty et al. (2019),https://doi.org/10.1016/j.quascirev.2019.04.022,"San Miguel de Azapa, Lower Azapa Valley",Arica y Parinacota,Lowlands
Azapa 8,Late Intermediate/Late,Late Intermediate/Late,T36,1450.0,1540,T36,-18.5119,-70.1787,357,,,,,,,,F,Young Adult,21.0,35.0,Bone,Bone collagen,Rib,Adult,,,,55.0,9.7,5.6,-16.0,13.6,,,,,,,,,,,Alfonso-Durruty et al. (2019),https://doi.org/10.1016/j.quascirev.2019.04.022,"San Miguel de Azapa, Lower Azapa Valley",Arica y Parinacota,Lowlands
Azapa 8,Late Intermediate/Late,Late Intermediate/Late,T38,1450.0,1540,T38,-18.5119,-70.1787,357,,,,,,,,F,Young Adult,21.0,35.0,Bone,Bone collagen,Rib,Adult,,,,48.7,12.9,3.8,-15.4,18.0,,,,,,,,,,,Alfonso-Durruty et al. (2019),https://doi.org/10.1016/j.quascirev.2019.04.022,"San Miguel de Azapa, Lower Azapa Valley",Arica y Parinacota,Lowlands
Azapa 8,Late Intermediate/Late,Late Intermediate/Late,T-15 Mandible,1100.0,1476,T-15 Mandible,-18.5119,-70.1787,357,,,,,,,,,,,,Dental calculus,,Mand RI2. RM3,,,,,8.2,1.3,6.1,-14.7,25.9,,,,,,,,,,,Poulson et al. (2013),https://doi.org/10.1016/j.jas.2013.07.009,"San Miguel de Azapa, Lower Azapa Valley",Arica y Parinacota,Lowlands
Azapa 8,Late Intermediate/Late,Late Intermediate/Late,T-25 Mandible,1100.0,1476,T-25 Mandible,-18.5119,-70.1787,357,,,,,,,,,,,,Dental calculus,,Mand RI1. RI2.LI1. LI2. RC,,,,,9.7,1.3,7.3,-16.5,21.7,,,,,,,,,,,Poulson et al. (2013),https://doi.org/10.1016/j.jas.2013.07.009,"San Miguel de Azapa, Lower Azapa Valley",Arica y Parinacota,Lowlands
Azapa 8,Late Intermediate/Late,Late Intermediate/Late,T-27 Mandible,1100.0,1476,T-27 Mandible,-18.5119,-70.1787,357,,,,,,,,,,,,Dental calculus,,Mand RM2. RM3,,,,,9.1,1.4,6.5,-16.4,25.4,,,,,,,,,,,Poulson et al. (2013),https://doi.org/10.1016/j.jas.2013.07.009,"San Miguel de Azapa, Lower Azapa Valley",Arica y Parinacota,Lowlands
Azapa 8,Late Intermediate/Late,Late Intermediate/Late,T-35 Mandible,1100.0,1476,T-35 Mandible,-18.5119,-70.1787,357,,,,,,,,,,,,Dental calculus,,Mand I1. I2,,,,,7.2,1.2,5.9,-14.4,22.6,,,,,,,,,,,Poulson et al. (2013),https://doi.org/10.1016/j.jas.2013.07.009,"San Miguel de Azapa, Lower Azapa Valley",Arica y Parinacota,Lowlands
Azapa 8,Late Intermediate/Late,Late Intermediate/Late,T-42 Mandible,1100.0,1476,T-42 Mandible,-18.5119,-70.1787,357,,,,,,,,,,,,Dental calculus,,Several teeth,,,,,7.4,1.2,6.3,-18.1,22.7,,,,,,,,,,,Poulson et al. (2013),https://doi.org/10.1016/j.jas.2013.07.009,"San Miguel de Azapa, Lower Azapa Valley",Arica y Parinacota,Lowlands
Azapa 8,Late Intermediate/Late,Late Intermediate/Late,T-42 Mandible,1100.0,1476,T-42 Mandible,-18.5119,-70.1787,357,,,,,,,,,,,,Dental calculus,,Mand RM1. LM1,,,,,9.5,1.3,7.4,-18.8,21.4,,,,,,,,,,,Poulson et al. (2013),https://doi.org/10.1016/j.jas.2013.07.009,"San Miguel de Azapa, Lower Azapa Valley",Arica y Parinacota,Lowlands
Caleta Vitor,Late Intermediate/Late,Late Intermediate/Late,CV6 B1 S2,1100.0,1476,CV6 B1 S2,-18.757965,-70.333852,5,,,,,,,,und,Adult,,,Bone,Bone collagen,Femur,Adult,,,25.5,42.6,13.2,3.2,-13.9,19.7,,,,,,,,,,,Roberts et al. (2013),http://dx.doi.org/10.1016/j.jas.2013.01.009,"Quebrada Chaca mouth, 25 km south of Arica",Arica y Parinacota,Coast
Caleta Vitor,Late Intermediate/Late,Late Intermediate/Late,CV6 B3 S2,1100.0,1476,CV6 B3 S2,-18.757965,-70.333852,5,,,,,,,,und,Adult,,,Bone,Bone collagen,Femur,Adult,,,25.8,46.3,13.3,3.5,-14.7,17.3,,,,,,,,,,,Roberts et al. (2013),http://dx.doi.org/10.1016/j.jas.2013.01.009,"Quebrada Chaca mouth, 25 km south of Arica",Arica y Parinacota,Coast
Caleta Vitor,Late Intermediate/Late,Late Intermediate/Late,CV6 B4 S3,1100.0,1476,CV6 B4 S3,-18.757965,-70.333852,5,,,,,,,,und,Adult,,,Bone,Bone collagen,Humerus,Adult,,,10.4,45.3,14.4,3.2,-12.4,26.7,,,,,,,,,,,Roberts et al. (2013),http://dx.doi.org/10.1016/j.jas.2013.01.009,"Quebrada Chaca mouth, 25 km south of Arica",Arica y Parinacota,Coast
Caleta Vitor,Late Intermediate/Late,Late Intermediate/Late,CV6 B5,1100.0,1476,CV6 B5,-18.757965,-70.333852,5,,,,,,,,und,Adult,,,Bone,Bone collagen,Humerus,Adult,,,15.9,44.8,14.1,3.2,-13.4,24.7,,,,,,,,,,,Roberts et al. (2013),http://dx.doi.org/10.1016/j.jas.2013.01.009,"Quebrada Chaca mouth, 25 km south of Arica",Arica y Parinacota,Coast
Camarones 8,Late Intermediate/Late,Late Intermediate/Late,T3,1450.0,1540,T3,-19.191619,-70.260076,44,,,,,,,,F,Middle Adult,36.0,50.0,Bone,Bone collagen,Rib,Adult,,,,47.6,14.6,3.3,-13.4,22.3,,,,,,,,,,,Alfonso-Durruty et al. (2019),https://doi.org/10.1016/j.quascirev.2019.04.022,Lower Camarones Valley,Arica y Parinacota,Coast
Camarones 8,Late Intermediate/Late,Late Intermediate/Late,T8,1450.0,1540,T8,-19.191619,-70.260076,44,,,,,,,,M,Middle Adult,36.0,50.0,Bone,Bone collagen,Rib,Adult,,,,53.6,14.1,3.8,-13.2,20.9,,,,,,,,,,,Alfonso-Durruty et al. (2019),https://doi.org/10.1016/j.quascirev.2019.04.022,Lower Camarones Valley,Arica y Parinacota,Coast
Camarones 8,Late Intermediate/Late,Late Intermediate/Late,T9,1450.0,1540,T9,-19.191619,-70.260076,44,,,,,,,,F,Young Adult,21.0,35.0,Bone,Bone collagen,Rib,Adult,,,,45.2,14.0,3.2,-12.4,21.5,,,,,,,,,,,Alfonso-Durruty et al. (2019),https://doi.org/10.1016/j.quascirev.2019.04.022,Lower Camarones Valley,Arica y Parinacota,Coast
Camarones 8,Late Intermediate/Late,Late Intermediate/Late,T10,1450.0,1540,T10,-19.191619,-70.260076,44,,,,,,,,M,Young Adult,21.0,35.0,Bone,Bone collagen,Rib,Adult,,,,47.6,14.3,3.3,-14.9,21.5,,,,,,,,,,,Alfonso-Durruty et al. (2019),https://doi.org/10.1016/j.quascirev.2019.04.022,Lower Camarones Valley,Arica y Parinacota,Coast
Camarones 8,Late Intermediate/Late,Late Intermediate/Late,T15,1450.0,1540,T15,-19.191619,-70.260076,44,,,,,,,,F,Middle Adult,36.0,50.0,Bone,Bone collagen,Rib,Adult,,,,52.7,14.2,3.7,-13.8,19.2,,,,,,,,,,,Alfonso-Durruty et al. (2019),https://doi.org/10.1016/j.quascirev.2019.04.022,Lower Camarones Valley,Arica y Parinacota,Coast
Camarones 8,Late Intermediate/Late,Late Intermediate/Late,T19,1450.0,1540,T19,-19.191619,-70.260076,44,,,,,,,,F,Middle Adult,36.0,50.0,Bone,Bone collagen,Rib,Adult,,,,44.1,13.6,3.2,-12.4,20.7,,,,,,,,,,,Alfonso-Durruty et al. (2019),https://doi.org/10.1016/j.quascirev.2019.04.022,Lower Camarones Valley,Arica y Parinacota,Coast
Camarones 8,Late Intermediate/Late,Late Intermediate/Late,TUW1,1450.0,1540,TUW1,-19.191619,-70.260076,44,,,,,,,,M,Young Adult,21.0,35.0,Bone,Bone collagen,Rib,Adult,,,,47.6,14.5,3.3,-13.1,18.8,,,,,,,,,,,Alfonso-Durruty et al. (2019),https://doi.org/10.1016/j.quascirev.2019.04.022,Lower Camarones Valley,Arica y Parinacota,Coast
Camarones 8,Late Intermediate/Late,Late Intermediate/Late,TA1,1450.0,1540,TA1,-19.191619,-70.260076,44,,,,,,,,F,Young Adult,21.0,35.0,Bone,Bone collagen,Rib,Adult,,,,49.1,14.4,3.4,-13.2,21.7,,,,,,,,,,,Alfonso-Durruty et al. (2019),https://doi.org/10.1016/j.quascirev.2019.04.022,Lower Camarones Valley,Arica y Parinacota,Coast
Camarones 8,Late Intermediate/Late,Late Intermediate/Late,TA2,1450.0,1540,TA2,-19.191619,-70.260076,44,,,,,,,,M,Middle Adult,36.0,50.0,Bone,Bone collagen,Rib,Adult,,,,49.8,14.8,3.4,-13.2,20.2,,,,,,,,,,,Alfonso-Durruty et al. (2019),https://doi.org/10.1016/j.quascirev.2019.04.022,Lower Camarones Valley,Arica y Parinacota,Coast
Camarones 8,Late Intermediate/Late,Late Intermediate/Late,TA4,1450.0,1540,TA4,-19.191619,-70.260076,44,,,,,,,,M,Middle Adult,36.0,50.0,Bone,Bone collagen,Rib,Adult,,,,45.6,14.3,3.2,-11.7,20.6,,,,,,,,,,,Alfonso-Durruty et al. (2019),https://doi.org/10.1016/j.quascirev.2019.04.022,Lower Camarones Valley,Arica y Parinacota,Coast
Lluta 54,Late Intermediate/Late,Late Intermediate/Late,T3,1450.0,1540,T3,-18.4011,-70.2275,426,,,,,,,,M,Young Adult,21.0,35.0,Bone,Bone collagen,Rib,Adult,,,,49.0,14.2,3.4,-16.2,11.6,,,,,,,,,,,Alfonso-Durruty et al. (2019),https://doi.org/10.1016/j.quascirev.2019.04.022,Lower Lluta Valley,Arica y Parinacota,Lowlands
Lluta 54,Late Intermediate/Late,Late Intermediate/Late,T4,1450.0,1540,T4,-18.4011,-70.2275,426,,,,,,,,M,Middle Adult,36.0,50.0,Bone,Bone collagen,Rib,Adult,,,,49.2,14.6,3.4,-11.5,22.3,,,,,,,,,,,Alfonso-Durruty et al. (2019),https://doi.org/10.1016/j.quascirev.2019.04.022,Lower Lluta Valley,Arica y Parinacota,Lowlands
Lluta 54,Late Intermediate/Late,Late Intermediate/Late,T9,1450.0,1540,T9,-18.4011,-70.2275,426,,,,,,,,F,Young Adult,21.0,35.0,Bone,Bone collagen,Rib,Adult,,,,58.9,16.5,3.6,-10.4,21.1,,,,,,,,,,,Alfonso-Durruty et al. (2019),https://doi.org/10.1016/j.quascirev.2019.04.022,Lower Lluta Valley,Arica y Parinacota,Lowlands
Lluta 54,Late Intermediate/Late,Late Intermediate/Late,T11,1450.0,1540,T11,-18.4011,-70.2275,426,,,,,,,,M,Middle Adult,36.0,50.0,Bone,Bone collagen,Rib,Adult,,,,48.9,14.8,3.3,-11.1,20.1,,,,,,,,,,,Alfonso-Durruty et al. (2019),https://doi.org/10.1016/j.quascirev.2019.04.022,Lower Lluta Valley,Arica y Parinacota,Lowlands
Lluta 54,Late Intermediate/Late,Late Intermediate/Late,T17,1450.0,1540,T17,-18.4011,-70.2275,426,,,,,,,,M,Adolescent,12.0,20.0,Bone,Bone collagen,Rib,Adolescent,12.0,20.0,,50.5,14.9,3.4,-10.8,20.3,,,,,,,,,,,Alfonso-Durruty et al. (2019),https://doi.org/10.1016/j.quascirev.2019.04.022,Lower Lluta Valley,Arica y Parinacota,Lowlands
Lluta 54,Late Intermediate/Late,Late Intermediate/Late,T20,1450.0,1540,T20,-18.4011,-70.2275,426,,,,,,,,F,Adolescent,12.0,20.0,Bone,Bone collagen,Fibula,Adolescent,12.0,20.0,,50.9,14.7,3.5,-11.2,21.0,,,,,,,,,,,Alfonso-Durruty et al. (2019),https://doi.org/10.1016/j.quascirev.2019.04.022,Lower Lluta Valley,Arica y Parinacota,Lowlands
Lluta 54,Late Intermediate/Late,Late Intermediate/Late,T21,1450.0,1540,T21,-18.4011,-70.2275,426,,,,,,,,M,Middle Adult,36.0,50.0,Bone,Bone collagen,Rib,Adult,,,,46.4,13.7,3.4,-8.9,19.5,,,,,,,,,,,Alfonso-Durruty et al. (2019),https://doi.org/10.1016/j.quascirev.2019.04.022,Lower Lluta Valley,Arica y Parinacota,Lowlands
Lluta 54,Late Intermediate/Late,Late Intermediate/Late,T32,1450.0,1540,T32,-18.4011,-70.2275,426,,,,,,,,F,Middle Adult,36.0,50.0,Bone,Bone collagen,Rib,Adult,,,,47.1,14.8,3.2,-13.4,19.5,,,,,,,,,,,Alfonso-Durruty et al. (2019),https://doi.org/10.1016/j.quascirev.2019.04.022,Lower Lluta Valley,Arica y Parinacota,Lowlands
Lluta 54,Late Intermediate/Late,Late Intermediate/Late,T32C1,1450.0,1540,T32C1,-18.4011,-70.2275,426,,,,,,,,F,Middle Adult,36.0,50.0,Bone,Bone collagen,Rib,Adult,,,,45.9,14.0,3.3,-12.5,19.3,,,,,,,,,,,Alfonso-Durruty et al. (2019),https://doi.org/10.1016/j.quascirev.2019.04.022,Lower Lluta Valley,Arica y Parinacota,Lowlands
Lluta 54,Late Intermediate/Late,Late Intermediate/Late,T33,1450.0,1540,T33,-18.4011,-70.2275,426,,,,,,,,M,Middle Adult,36.0,50.0,Bone,Bone collagen,Rib,Adult,,,,46.6,14.2,3.3,-8.7,20.0,,,,,,,,,,,Alfonso-Durruty et al. (2019),https://doi.org/10.1016/j.quascirev.2019.04.022,Lower Lluta Valley,Arica y Parinacota,Lowlands
Solcor 3,Middle,Middle,F1670,400.0,1000,SC3-5,-22.915,-68.19833,2438,,,,,,,,M,Middle Adult,35.0,39.0,Tooth,,,,,,,,,,,,,,Enamel,Mand RM1,Infant-1/Infant-2,0.4,3.5,-5.3,-5.0,0.708206,Nado et al. (2012),http://dx.doi.org/10.4067/S0717-73562012000200010,San Pedro de Atacama Oasis,Antofagasta,Precordillera
Solcor 3,Middle,Middle,F1672,400.0,1000,SC3-6(1078),-22.915,-68.19833,2438,,,,,,,,M,Young Adult,25.0,29.0,Bone,,,,,,,,,,,,,,Bone apatite,Rib,Adult,,,-8.9,-12.3,0.70848,Nado et al. (2012),http://dx.doi.org/10.4067/S0717-73562012000200010,San Pedro de Atacama Oasis,Antofagasta,Precordillera
Solcor 3,Middle,Middle,F1671,400.0,1000,SC3-6(1078),-22.915,-68.19833,2438,,,,,,,,M,Young Adult,25.0,29.0,Tooth,,,,,,,,,,,,,,Enamel,Mand LM1,Infant-1/Infant-2,0.4,3.5,,,0.707892,Nado et al. (2012),http://dx.doi.org/10.4067/S0717-73562012000200010,San Pedro de Atacama Oasis,Antofagasta,Precordillera
Solcor 3,Middle,Middle,F1674,400.0,1000,SC3-6(1080),-22.915,-68.19833,2438,,,,,,,,F,Old Adult,50.0,54.0,Bone,,,,,,,,,,,,,,Bone apatite,Rib,Adult,,,-11.1,-8.0,0.70886,Nado et al. (2012),http://dx.doi.org/10.4067/S0717-73562012000200010,San Pedro de Atacama Oasis,Antofagasta,Precordillera
Solcor 3,Middle,Middle,F1673,400.0,1000,SC3-6(1080),-22.915,-68.19833,2438,,,,,,,,F,Old Adult,50.0,54.0,Tooth,,,,,,,,,,,,,,Enamel,Max LM1,Infant-1/Infant-2,0.4,3.5,,,0.707663,Nado et al. (2012),http://dx.doi.org/10.4067/S0717-73562012000200010,San Pedro de Atacama Oasis,Antofagasta,Precordillera
Solcor 3,Middle,Middle,F1676,400.0,1000,SC3-8,-22.915,-68.19833,2438,,,,,,,,F,Middle Adult,40.0,44.0,Bone,,,,,,,,,,,,,,Bone apatite,Rib,Adult,,,-10.5,-9.9,0.70776,Nado et al. (2012),http://dx.doi.org/10.4067/S0717-73562012000200010,San Pedro de Atacama Oasis,Antofagasta,Precordillera
Solcor 3,Middle,Middle,F1675,400.0,1000,SC3-8,-22.915,-68.19833,2438,,,,,,,,F,Middle Adult,40.0,44.0,Tooth,,,,,,,,,,,,,,Enamel,Mand RM2,Infant-2/Child-1,2.5,8.0,,,0.707725,Nado et al. (2012),http://dx.doi.org/10.4067/S0717-73562012000200010,San Pedro de Atacama Oasis,Antofagasta,Precordillera
Solcor 3,Middle,Middle,F1677,400.0,1000,SC3-12,-22.915,-68.19833,2438,,,,,,,,M,Young Adult,20.0,24.0,Tooth,,,,,,,,,,,,,,Enamel,Mand LM1,Infant-1/Infant-2,0.4,3.5,,,0.708015,Nado et al. (2012),http://dx.doi.org/10.4067/S0717-73562012000200010,San Pedro de Atacama Oasis,Antofagasta,Precordillera
Solcor 3,Middle,Middle,F1678,400.0,1000,SC3-16,-22.915,-68.19833,2438,,,,,,,,F,Young Adult,20.0,24.0,Tooth,,,,,,,,,,,,,,Enamel,Mand LM1,Infant-1/Infant-2,0.4,3.5,-9.6,-10.0,0.707823,Nado et al. (2012),http://dx.doi.org/10.4067/S0717-73562012000200010,San Pedro de Atacama Oasis,Antofagasta,Precordillera
Solcor 3,Middle,Middle,F1679,400.0,1000,SC3-20,-22.915,-68.19833,2438,,,,,,,,M,Young Adult,30.0,34.0,Tooth,,,,,,,,,,,,,,Enamel,Mand RM1,Infant-1/Infant-2,0.4,3.5,,,0.707975,Nado et al. (2012),http://dx.doi.org/10.4067/S0717-73562012000200010,San Pedro de Atacama Oasis,Antofagasta,Precordillera
Solcor 3,Middle,Middle,F1680,400.0,1000,SC3-27,-22.915,-68.19833,2438,,,,,,,,F,Middle Adult,40.0,44.0,Tooth,,,,,,,,,,,,,,Enamel,Mand LM1,Infant-1/Infant-2,0.4,3.5,,,0.70758,Nado et al. (2012),http://dx.doi.org/10.4067/S0717-73562012000200010,San Pedro de Atacama Oasis,Antofagasta,Precordillera
Solcor 3,Middle,Middle,ACL-1821,400.0,1000,SC3-38,-22.915,-68.19833,2438,,,,,,,,F,Young Adult,21.0,35.0,Tooth,,,,,,,,,,,,,,Enamel,Mand RPm2,Infant-2/Child 1,2.5,6.5,-9.5,-5.5,0.70815,Nado et al. (2012),http://dx.doi.org/10.4067/S0717-73562012000200010,San Pedro de Atacama Oasis,Antofagasta,Precordillera
Solcor 3,Middle,Middle,ACL-1533,400.0,1000,SC3-50,-22.915,-68.19833,2438,,,,,,,,M,Middle Adult,40.0,44.0,Tooth,,,,,,,,,,,,,,Enamel,Mand LM2,Infant-2/Child-1,2.5,8.0,-8.5,-9.5,0.70929,Nado et al. (2012),http://dx.doi.org/10.4067/S0717-73562012000200010,San Pedro de Atacama Oasis,Antofagasta,Precordillera
Solcor 3,Middle,Middle,F1681,400.0,1000,SC3-50,-22.915,-68.19833,2438,,,,,,,,M,Middle Adult,40.0,44.0,Tooth,,,,,,,,,,,,,,Enamel,Max RM1,Infant-1/Infant-2,0.4,3.5,-2.2,-5.3,0.712522,Nado et al. (2012),http://dx.doi.org/10.4067/S0717-73562012000200010,San Pedro de Atacama Oasis,Antofagasta,Precordillera
Solcor 3,Middle,Middle,F1682,400.0,1000,SC3-50,-22.915,-68.19833,2438,,,,,,,,M,Middle Adult,40.0,44.0,Tooth,,,,,,,,,,,,,,Enamel,Mand RM2,Infant-2/Child-1,2.5,8.0,-10.3,-11.1,0.70781,Nado et al. (2012),http://dx.doi.org/10.4067/S0717-73562012000200010,San Pedro de Atacama Oasis,Antofagasta,Precordillera
Solcor 3,Middle,Middle,F1683,400.0,1000,SC3-50,-22.915,-68.19833,2438,,,,,,,,M,Middle Adult,40.0,44.0,Bone,,,,,,,,,,,,,,Bone apatite,Rib,Adult,,,,,0.70795,Nado et al. (2012),http://dx.doi.org/10.4067/S0717-73562012000200010,San Pedro de Atacama Oasis,Antofagasta,Precordillera
Solcor 3,Middle,Middle,F1684,400.0,1000,SC3-52,-22.915,-68.19833,2438,,,,,,,,M,Young Adult,30.0,34.0,Tooth,,,,,,,,,,,,,,Enamel,Mand LM1,Infant-1/Infant-2,0.4,3.5,-8.9,-11.0,0.708204,Nado et al. (2012),http://dx.doi.org/10.4067/S0717-73562012000200010,San Pedro de Atacama Oasis,Antofagasta,Precordillera
Solcor 3,Middle,Middle,F1685,400.0,1000,SC3-52,-22.915,-68.19833,2438,,,,,,,,M,Young Adult,30.0,34.0,Bone,,,,,,,,,,,,,,Bone apatite,Rib,Adult,,,,,0.70837,Nado et al. (2012),http://dx.doi.org/10.4067/S0717-73562012000200010,San Pedro de Atacama Oasis,Antofagasta,Precordillera
Solcor 3,Middle,Middle,F1687,400.0,1000,SC3-55,-22.915,-68.19833,2438,,,,,,,,M,Young Adult,30.0,34.0,Bone,,,,,,,,,,,,,,Bone apatite,Rib,Adult,,,-10.4,-8.0,0.70822,Nado et al. (2012),http://dx.doi.org/10.4067/S0717-73562012000200010,San Pedro de Atacama Oasis,Antofagasta,Precordillera
Solcor 3,Middle,Middle,F1686,400.0,1000,SC3-55,-22.915,-68.19833,2438,,,,,,,,M,Young Adult,30.0,34.0,Tooth,,,,,,,,,,,,,,Enamel,Mand LM1,Infant-1/Infant-2,0.4,3.5,,,0.708118,Nado et al. (2012),http://dx.doi.org/10.4067/S0717-73562012000200010,San Pedro de Atacama Oasis,Antofagasta,Precordillera
Solcor 3,Middle,Middle,F1688,400.0,1000,SC3-67,-22.915,-68.19833,2438,,,,,,,,M,Young Adult,30.0,34.0,Tooth,,,,,,,,,,,,,,Enamel,Max RM1,Infant-1/Infant-2,0.4,3.5,-8.2,-11.1,0.7077,Nado et al. (2012),http://dx.doi.org/10.4067/S0717-73562012000200010,San Pedro de Atacama Oasis,Antofagasta,Precordillera
Solcor 3,Middle,Middle,F1689,400.0,1000,SC3-67,-22.915,-68.19833,2438,,,,,,,,M,Young Adult,30.0,34.0,Bone,,,,,,,,,,,,,,Bone apatite,Rib,Adult,,,,,0.7079,Nado et al. (2012),http://dx.doi.org/10.4067/S0717-73562012000200010,San Pedro de Atacama Oasis,Antofagasta,Precordillera
Solcor 3,Middle,Middle,F1690,400.0,1000,SC3-69,-22.915,-68.19833,2438,,,,,,,,M,Young Adult,30.0,34.0,Tooth,,,,,,,,,,,,,,Enamel,Mand RM2,Infant-2/Child-1,2.5,8.0,-6.7,-6.1,0.708072,Nado et al. (2012),http://dx.doi.org/10.4067/S0717-73562012000200010,San Pedro de Atacama Oasis,Antofagasta,Precordillera
Solcor 3,Middle,Middle,F1691,400.0,1000,SC3-69,-22.915,-68.19833,2438,,,,,,,,M,Young Adult,30.0,34.0,Bone,,,,,,,,,,,,,,Bone apatite,Rib,Adult,,,-8.5,-9.0,0.70805,Nado et al. (2012),http://dx.doi.org/10.4067/S0717-73562012000200010,San Pedro de Atacama Oasis,Antofagasta,Precordillera
Solcor 3,Middle,Middle,ACL-1822,400.0,1000,SC3-71,-22.915,-68.19833,2438,,,,,,,,F,Middle Adult,36.0,50.0,Tooth,,,,,,,,,,,,,,Enamel,Mand RPm2,Infant-2/Child 1,2.5,6.5,-6.1,-0.1,0.70812,Nado et al. (2012),http://dx.doi.org/10.4067/S0717-73562012000200010,San Pedro de Atacama Oasis,Antofagasta,Precordillera
Solcor 3,Middle,Middle,ACL-1823,400.0,1000,SC3-71,-22.915,-68.19833,2438,,,,,,,,F,Middle Adult,36.0,50.0,Bone,,,,,,,,,,,,,,Bone apatite,Rib,Adult,,,-8.9,-7.5,0.7078,Nado et al. (2012),http://dx.doi.org/10.4067/S0717-73562012000200010,San Pedro de Atacama Oasis,Antofagasta,Precordillera
Solcor 3,Middle,Middle,F1692,400.0,1000,SC3-78,-22.915,-68.19833,2438,,,,,,,,M,Middle Adult,40.0,44.0,Tooth,,,,,,,,,,,,,,Enamel,Mand LM1,Infant-1/Infant-2,0.4,3.5,-5.4,-3.4,0.70784,Nado et al. (2012),http://dx.doi.org/10.4067/S0717-73562012000200010,San Pedro de Atacama Oasis,Antofagasta,Precordillera
Solcor 3,Middle,Middle,F1693,400.0,1000,SC3-78,-22.915,-68.19833,2438,,,,,,,,M,Middle Adult,40.0,44.0,Bone,,,,,,,,,,,,,,Bone apatite,Rib,Adult,,,,,0.70804,Nado et al. (2012),http://dx.doi.org/10.4067/S0717-73562012000200010,San Pedro de Atacama Oasis,Antofagasta,Precordillera
Solcor 3,Middle,Middle,ACL-1826,400.0,1000,SC3-97,-22.915,-68.19833,2438,,,,,,,,F,Middle Adult,36.0,50.0,Tooth,,,,,,,,,,,,,,Enamel,Mand LM1,Infant-1/Infant-2,0.4,3.5,-7.4,-10.4,0.70909,Nado et al. (2012),http://dx.doi.org/10.4067/S0717-73562012000200010,San Pedro de Atacama Oasis,Antofagasta,Precordillera
Solcor 3,Middle,Middle,ACL-1827,400.0,1000,SC3-97,-22.915,-68.19833,2438,,,,,,,,F,Middle Adult,36.0,50.0,Bone,,,,,,,,,,,,,,Bone apatite,Rib,Adult,,,-7.1,-9.8,0.70884,Nado et al. (2012),http://dx.doi.org/10.4067/S0717-73562012000200010,San Pedro de Atacama Oasis,Antofagasta,Precordillera
Solcor 3,Middle,Middle,F1694,400.0,1000,SC3-106,-22.915,-68.19833,2438,,,,,,,,F,Adult,,,Tooth,,,,,,,,,,,,,,Enamel,Mand LM1,Infant-1/Infant-2,0.4,3.5,,,0.708093,Nado et al. (2012),http://dx.doi.org/10.4067/S0717-73562012000200010,San Pedro de Atacama Oasis,Antofagasta,Precordillera
Solcor 3,Middle,Middle,ACL-1817,400.0,1000,SC3-107,-22.915,-68.19833,2438,,,,,,,,M,Young Adult,21.0,35.0,Tooth,,,,,,,,,,,,,,Enamel,Mand RM3,Child-2/Adolescent-1,8.5,14.0,-6.4,-2.7,0.70839,Nado et al. (2012),http://dx.doi.org/10.4067/S0717-73562012000200010,San Pedro de Atacama Oasis,Antofagasta,Precordillera
Solcor 3,Middle,Middle,ACL-1818,400.0,1000,SC3-107,-22.915,-68.19833,2438,,,,,,,,M,Young Adult,21.0,35.0,Tooth,,,,,,,,,,,,,,Enamel,Mand RM2,Infant-2/Child-1,2.5,8.0,-6.1,-4.9,0.70812,Nado et al. (2012),http://dx.doi.org/10.4067/S0717-73562012000200010,San Pedro de Atacama Oasis,Antofagasta,Precordillera
Solcor 3,Middle,Middle,ACL-1819,400.0,1000,SC3-107,-22.915,-68.19833,2438,,,,,,,,M,Young Adult,21.0,35.0,Tooth,,,,,,,,,,,,,,Enamel,Max LI1,Infant-1/Infant-2,0.4,3.5,-5.0,-4.9,0.70809,Nado et al. (2012),http://dx.doi.org/10.4067/S0717-73562012000200010,San Pedro de Atacama Oasis,Antofagasta,Precordillera
Solcor 3,Middle,Middle,ACL-1825,400.0,1000,SC3-111,-22.915,-68.19833,2438,,,,,,,,M,Middle Adult,36.0,50.0,Bone,,,,,,,,,,,,,,Bone apatite,Rib,Adult,,,-8.3,-5.6,0.70781,Nado et al. (2012),http://dx.doi.org/10.4067/S0717-73562012000200010,San Pedro de Atacama Oasis,Antofagasta,Precordillera
Solcor 3,Middle,Middle,ACL-1824,400.0,1000,SC3-111,-22.915,-68.19833,2438,,,,,,,,M,Middle Adult,36.0,50.0,Tooth,,,,,,,,,,,,,,Enamel,Max LM1,Infant-1/Infant-2,0.4,3.5,,,0.70829,Nado et al. (2012),http://dx.doi.org/10.4067/S0717-73562012000200010,San Pedro de Atacama Oasis,Antofagasta,Precordillera
Solcor 3,Middle,Middle,ACL-1814,400.0,1000,SC3-113,-22.915,-68.19833,2438,,,,,,,,F,Young Adult,21.0,35.0,Tooth,,,,,,,,,,,,,,Enamel,Max RM3,Child-2/Adolescent-1,8.5,14.0,-8.9,-0.1,0.70808,Nado et al. (2012),http://dx.doi.org/10.4067/S0717-73562012000200010,San Pedro de Atacama Oasis,Antofagasta,Precordillera
Solcor 3,Middle,Middle,ACL-1816,400.0,1000,SC3-113,-22.915,-68.19833,2438,,,,,,,,F,Young Adult,21.0,35.0,Tooth,,,,,,,,,,,,,,Enamel,Mand LI1,Infant-1/Infant-2,0.4,4.0,-7.6,-3.8,0.70805,Nado et al. (2012),http://dx.doi.org/10.4067/S0717-73562012000200010,San Pedro de Atacama Oasis,Antofagasta,Precordillera
Solcor 3,Middle,Middle,ACL-1815,400.0,1000,SC3-113,-22.915,-68.19833,2438,,,,,,,,F,Young Adult,21.0,35.0,Tooth,,,,,,,,,,,,,,Enamel,Max LM2,Infant-2/Child-1,2.5,8.0,,,0.70805,Nado et al. (2012),http://dx.doi.org/10.4067/S0717-73562012000200010,San Pedro de Atacama Oasis,Antofagasta,Precordillera
Solcor 3,Middle,Middle,ACL-1820,400.0,1000,SC3-115,-22.915,-68.19833,2438,,,,,,,,F,Young Adult,21.0,35.0,Tooth,,,,,,,,,,,,,,Enamel,Mand LM2,Infant-2/Child-1,2.5,8.0,-7.6,-5.1,0.70815,Nado et al. (2012),http://dx.doi.org/10.4067/S0717-73562012000200010,San Pedro de Atacama Oasis,Antofagasta,Precordillera
Solcor 3,Middle,Middle,F1695,400.0,1000,SC3-117,-22.915,-68.19833,2438,,,,,,,,M,Young Adult,25.0,29.0,Tooth,,,,,,,,,,,,,,Enamel,Mand RM1,Infant-1/Infant-2,0.4,3.5,,,0.708052,Nado et al. (2012),http://dx.doi.org/10.4067/S0717-73562012000200010,San Pedro de Atacama Oasis,Antofagasta,Precordillera
Solcor 3,Middle,Middle,1161A,400.0,1000,1161A,-22.915,-68.19833,2438,,,,,,,,,,,,Bone,Bone collagen,,,,,,,,,-17.6,10.1,,,Bone apatite,,,,,-10.5,,,Pestle et al. (2015b),http://dx.doi.org/10.4067/S0717-73562015005000013,San Pedro de Atacama Oasis,Antofagasta,Precordillera
Solcor 3,Middle,Middle,1558,400.0,1000,1558,-22.915,-68.19833,2438,,,,,,,,,,,,Bone,Bone collagen,,,,,,,,,-15.9,11.4,,,,,,,,,,,Pestle et al. (2015b),http://dx.doi.org/10.4067/S0717-73562015005000013,San Pedro de Atacama Oasis,Antofagasta,Precordillera
Solcor Plaza,Middle,Middle,ACL-1834,400.0,1000,SCP-0611,-22.922476,-68.200741,2440,,,,,,,,F,Young Adult,21.0,35.0,Tooth,,,,,,,,,,,,,,Enamel,Max LM2,Infant-2/Child-1,2.5,8.0,-3.2,-3.0,0.70779,Nado et al. (2012),http://dx.doi.org/10.4067/S0717-73562012000200010,San Pedro de Atacama Oasis,Antofagasta,Precordillera
Solcor Plaza,Middle,Middle,ACL-1840,400.0,1000,SCP-0613,-22.922476,-68.200741,2440,,,,,,,,M,Young Adult,21.0,35.0,Tooth,,,,,,,,,,,,,,Enamel,Max RM1,Infant-1/Infant-2,0.4,3.5,-6.7,-7.0,0.70784,Nado et al. (2012),http://dx.doi.org/10.4067/S0717-73562012000200010,San Pedro de Atacama Oasis,Antofagasta,Precordillera
Solcor Plaza,Middle,Middle,ACL-1839,400.0,1000,SCP-0621,-22.922476,-68.200741,2440,,,,,,,,M,Middle Adult,36.0,50.0,Tooth,,,,,,,,,,,,,,Enamel,Max RC,Infant-1/Infant-2,0.7,5.0,-5.1,-4.8,0.70826,Nado et al. (2012),http://dx.doi.org/10.4067/S0717-73562012000200010,San Pedro de Atacama Oasis,Antofagasta,Precordillera
Solcor Plaza,Middle,Middle,ACL-1832,400.0,1000,SCP-0625,-22.922476,-68.200741,2440,,,,,,,,M,Middle Adult,36.0,50.0,Tooth,,,,,,,,,,,,,,Enamel,Max RPm1,Infant-2/Child 1,2.5,6.0,-10.8,-10.6,0.71097,Nado et al. (2012),http://dx.doi.org/10.4067/S0717-73562012000200010,San Pedro de Atacama Oasis,Antofagasta,Precordillera
Solcor Plaza,Middle,Middle,ACL-1841,400.0,1000,SCP-0628,-22.922476,-68.200741,2440,,,,,,,,F,Young Adult,21.0,35.0,Tooth,,,,,,,,,,,,,,Enamel,Max LM2,Infant-2/Child-1,2.5,8.0,-6.0,-2.6,0.70783,Nado et al. (2012),http://dx.doi.org/10.4067/S0717-73562012000200010,San Pedro de Atacama Oasis,Antofagasta,Precordillera
Solcor Plaza,Middle,Middle,ACL-1835,400.0,1000,SCP-0629,-22.922476,-68.200741,2440,,,,,,,,F,Middle Adult,36.0,50.0,Tooth,,,,,,,,,,,,,,Enamel,Max RM2,Infant-2/Child-1,2.5,8.0,-6.5,-6.5,0.70773,Nado et al. (2012),http://dx.doi.org/10.4067/S0717-73562012000200010,San Pedro de Atacama Oasis,Antofagasta,Precordillera
Solcor Plaza,Middle,Middle,ACL-1836,400.0,1000,SCP-0A95,-22.922476,-68.200741,2440,,,,,,,,M,Young Adult,21.0,35.0,Tooth,,,,,,,,,,,,,,Enamel,Max RM2,Infant-2/Child-1,2.5,8.0,-5.4,-0.3,0.70775,Nado et al. (2012),http://dx.doi.org/10.4067/S0717-73562012000200010,San Pedro de Atacama Oasis,Antofagasta,Precordillera
Solcor Plaza,Middle,Middle,ACL-1828,400.0,1000,SCP-1029,-22.922476,-68.200741,2440,,,,,,,,und,Subadult,,,Tooth,,,,,,,,,,,,,,Enamel,Max LM1,Infant-1/Infant-2,0.4,3.5,-6.1,-6.2,0.70772,Nado et al. (2012),http://dx.doi.org/10.4067/S0717-73562012000200010,San Pedro de Atacama Oasis,Antofagasta,Precordillera
Solcor Plaza,Middle,Middle,ACL-1838,400.0,1000,SCP-1245,-22.922476,-68.200741,2440,,,,,,,,F,Young Adult,21.0,35.0,Tooth,,,,,,,,,,,,,,Enamel,Max LM2,Infant-2/Child-1,2.5,8.0,-8.0,-3.8,0.70771,Nado et al. (2012),http://dx.doi.org/10.4067/S0717-73562012000200010,San Pedro de Atacama Oasis,Antofagasta,Precordillera
Solcor Plaza,Middle,Middle,ACL-1831,400.0,1000,SCP-1377,-22.922476,-68.200741,2440,,,,,,,,M,Middle Adult,36.0,50.0,Tooth,,,,,,,,,,,,,,Enamel,Max LM1,Infant-1/Infant-2,0.4,3.5,-6.0,-4.0,0.70776,Nado et al. (2012),http://dx.doi.org/10.4067/S0717-73562012000200010,San Pedro de Atacama Oasis,Antofagasta,Precordillera
Solcor Plaza,Middle,Middle,ACL-1837,400.0,1000,SCP-1378,-22.922476,-68.200741,2440,,,,,,,,M,Young Adult,21.0,35.0,Tooth,,,,,,,,,,,,,,Enamel,Max RM1,Infant-1/Infant-2,0.4,3.5,-7.1,0.1,0.7078,Nado et al. (2012),http://dx.doi.org/10.4067/S0717-73562012000200010,San Pedro de Atacama Oasis,Antofagasta,Precordillera
Solcor Plaza,Middle,Middle,ACL-1829,400.0,1000,SCP-2938,-22.922476,-68.200741,2440,,,,,,,,F,Middle Adult,36.0,50.0,Tooth,,,,,,,,,,,,,,Enamel,Max RM1,Infant-1/Infant-2,0.4,3.5,-5.3,-9.0,0.71061,Nado et al. (2012),http://dx.doi.org/10.4067/S0717-73562012000200010,San Pedro de Atacama Oasis,Antofagasta,Precordillera
Solcor Plaza,Middle,Middle,ACL-1833,400.0,1000,SCP-2940,-22.922476,-68.200741,2440,,,,,,,,F,Young Adult,21.0,35.0,Tooth,,,,,,,,,,,,,,Enamel,Max LM1,Infant-1/Infant-2,0.4,3.5,-10.7,-7.5,0.71088,Nado et al. (2012),http://dx.doi.org/10.4067/S0717-73562012000200010,San Pedro de Atacama Oasis,Antofagasta,Precordillera
Solcor Plaza,Middle,Middle,ACL-1830,400.0,1000,SCP-0627,-22.922476,-68.200741,2440,,,,,,,,und,,,,Tooth,,,,,,,,,,,,,,Enamel,Max LPm1,Infant-2/Child 1,2.5,6.0,,,0.70766,Nado et al. (2012),http://dx.doi.org/10.4067/S0717-73562012000200010,San Pedro de Atacama Oasis,Antofagasta,Precordillera
Solcor Plaza,Middle,Middle,ACL-1842,400.0,1000,SCP-1394,-22.922476,-68.200741,2440,,,,,,,,F,Adult,,,Tooth,,,,,,,,,,,,,,Enamel,Max RM1,Infant-1/Infant-2,0.4,3.5,,,0.70786,Nado et al. (2012),http://dx.doi.org/10.4067/S0717-73562012000200010,San Pedro de Atacama Oasis,Antofagasta,Precordillera
Solcor Plaza,Middle,Middle,ACL-1843,400.0,1000,SCP-1379,-22.922476,-68.200741,2440,,,,,,,,M,Adult,,,Tooth,,,,,,,,,,,,,,Enamel,Max RM2,Infant-2/Child-1,2.5,8.0,,,0.70774,Nado et al. (2012),http://dx.doi.org/10.4067/S0717-73562012000200010,San Pedro de Atacama Oasis,Antofagasta,Precordillera
Tchecar (Túmulo Sur),Middle,Middle,ACL-0184,400.0,1000,TCH-0666,-22.935778,-68.209444,2415,,,,,,,,und,Young Adult,21.0,35.0,Tooth,,,,,,,,,,,,,,Enamel,Max LPm1,Infant-2/Child 1,2.5,6.0,-8.5,-4.5,,Knudson et al. (2015),DOI: 10.1002/ajpa.22694,San Pedro de Atacama Oasis,Antofagasta,Precordillera
Tchecar (Túmulo Sur),Middle,Middle,ACL-0185,400.0,1000,TCH-0666,-22.935778,-68.209444,2415,,,,,,,,und,Young Adult,21.0,35.0,Tooth,,,,,,,,,,,,,,Enamel,Max LM1,Infant-1/Infant-2,0.4,3.5,-7.2,-4.0,,Knudson et al. (2015),DOI: 10.1002/ajpa.22694,San Pedro de Atacama Oasis,Antofagasta,Precordillera
Tchecar (Túmulo Sur),Middle,Middle,ACL-0186,400.0,1000,TCH-0666,-22.935778,-68.209444,2415,,,,,,,,und,Young Adult,21.0,35.0,Tooth,,,,,,,,,,,,,,Enamel,Max LM2,Infant-2/Child-1,2.5,8.0,-6.0,-5.9,,Knudson et al. (2015),DOI: 10.1002/ajpa.22694,San Pedro de Atacama Oasis,Antofagasta,Precordillera
Tchecar (Túmulo Sur),Middle,Middle,ACL-0188,400.0,1000,TCH-0688,-22.935778,-68.209444,2415,,,,,,,,F,Middle Adult,36.0,50.0,Tooth,,,,,,,,,,,,,,Enamel,Max RM1,Infant-1/Infant-2,0.4,3.5,-6.5,-5.4,,Knudson et al. (2015),DOI: 10.1002/ajpa.22694,San Pedro de Atacama Oasis,Antofagasta,Precordillera
Tchecar (Túmulo Sur),Middle,Middle,ACL-0189,400.0,1000,TCH-0688,-22.935778,-68.209444,2415,,,,,,,,F,Middle Adult,36.0,50.0,Tooth,,,,,,,,,,,,,,Enamel,Max RM2,Infant-2/Child-1,2.5,8.0,-7.8,-5.1,,Knudson et al. (2015),DOI: 10.1002/ajpa.22694,San Pedro de Atacama Oasis,Antofagasta,Precordillera
Tchecar (Túmulo Sur),Middle,Middle,ACL-0190,400.0,1000,TCH-0690,-22.935778,-68.209444,2415,,,,,,,,M,Middle Adult,36.0,50.0,Tooth,,,,,,,,,,,,,,Enamel,Max LC,Infant-1/Infant-2,0.7,5.0,-6.2,-4.2,,Knudson et al. (2015),DOI: 10.1002/ajpa.22694,San Pedro de Atacama Oasis,Antofagasta,Precordillera
Tchecar (Túmulo Sur),Middle,Middle,ACL-0191,400.0,1000,TCH-0690,-22.935778,-68.209444,2415,,,,,,,,M,Middle Adult,36.0,50.0,Tooth,,,,,,,,,,,,,,Enamel,Max RM3,Child-2/Adolescent-1,8.5,14.0,-2.9,-7.2,,Knudson et al. (2015),DOI: 10.1002/ajpa.22694,San Pedro de Atacama Oasis,Antofagasta,Precordillera
Tchecar (Túmulo Sur),Middle,Middle,ACL-0192,400.0,1000,TCH-0699,-22.935778,-68.209444,2415,,,,,,,,F,Subadult,,,Tooth,,,,,,,,,,,,,,Enamel,Max LPm1,Infant-2/Child 1,2.5,6.0,-4.5,-3.3,,Knudson et al. (2015),DOI: 10.1002/ajpa.22694,San Pedro de Atacama Oasis,Antofagasta,Precordillera
Tchecar (Túmulo Sur),Middle,Middle,ACL-0193,400.0,1000,TCH-0699,-22.935778,-68.209444,2415,,,,,,,,F,Subadult,,,Tooth,,,,,,,,,,,,,,Enamel,Max RM2,Infant-2/Child-1,2.5,8.0,-6.1,-4.7,,Knudson et al. (2015),DOI: 10.1002/ajpa.22694,San Pedro de Atacama Oasis,Antofagasta,Precordillera
Tchecar (Túmulo Sur),Middle,Middle,ACL-0194,400.0,1000,TCH-0701,-22.935778,-68.209444,2415,,,,,,,,M,Young Adult,21.0,35.0,Tooth,,,,,,,,,,,,,,Enamel,Max LM1,Infant-1/Infant-2,0.4,3.5,-6.3,-4.7,,Knudson et al. (2015),DOI: 10.1002/ajpa.22694,San Pedro de Atacama Oasis,Antofagasta,Precordillera
Tchecar (Túmulo Sur),Middle,Middle,ACL-0195,400.0,1000,TCH-0709,-22.935778,-68.209444,2415,,,,,,,,M,Middle Adult,36.0,50.0,Tooth,,,,,,,,,,,,,,Enamel,Max LM2,Infant-2/Child-1,2.5,8.0,-6.3,-4.6,,Knudson et al. (2015),DOI: 10.1002/ajpa.22694,San Pedro de Atacama Oasis,Antofagasta,Precordillera
Tchecar (Túmulo Sur),Middle,Middle,ACL-0196,400.0,1000,TCH-0709,-22.935778,-68.209444,2415,,,,,,,,M,Middle Adult,36.0,50.0,Tooth,,,,,,,,,,,,,,Enamel,Max LM3,Child-2/Adolescent-1,8.5,14.0,-7.3,-5.0,,Knudson et al. (2015),DOI: 10.1002/ajpa.22694,San Pedro de Atacama Oasis,Antofagasta,Precordillera
Tchecar (Túmulo Sur),Middle,Middle,ACL-0197,400.0,1000,TCH-0783,-22.935778,-68.209444,2415,,,,,,,,M,Young Adult,21.0,35.0,Tooth,,,,,,,,,,,,,,Enamel,Max LPm2,Infant-2/Child-1,3.5,6.5,-6.4,-3.9,,Knudson et al. (2015),DOI: 10.1002/ajpa.22694,San Pedro de Atacama Oasis,Antofagasta,Precordillera
Tchecar (Túmulo Sur),Middle,Middle,ACL-0198,400.0,1000,TCH-0783,-22.935778,-68.209444,2415,,,,,,,,M,Young Adult,21.0,35.0,Tooth,,,,,,,,,,,,,,Enamel,Max LM2,Infant-2/Child-1,2.5,8.0,-5.0,-4.2,,Knudson et al. (2015),DOI: 10.1002/ajpa.22694,San Pedro de Atacama Oasis,Antofagasta,Precordillera
Tchecar (Túmulo Sur),Middle,Middle,ACL-0199,400.0,1000,TCH-0800,-22.935778,-68.209444,2415,,,,,,,,F,Subadult,,,Tooth,,,,,,,,,,,,,,Enamel,Max RM1,Infant-1/Infant-2,0.4,3.5,-7.7,-4.0,,Knudson et al. (2015),DOI: 10.1002/ajpa.22694,San Pedro de Atacama Oasis,Antofagasta,Precordillera
Tchecar (Túmulo Sur),Middle,Middle,ACL-0200,400.0,1000,TCH-0800,-22.935778,-68.209444,2415,,,,,,,,F,Subadult,,,Tooth,,,,,,,,,,,,,,Enamel,Max LM2,Infant-2/Child-1,2.5,8.0,-6.7,-4.4,,Knudson et al. (2015),DOI: 10.1002/ajpa.22694,San Pedro de Atacama Oasis,Antofagasta,Precordillera
Tchecar (Túmulo Sur),Middle,Middle,ACL-0201,400.0,1000,TCH-0803,-22.935778,-68.209444,2415,,,,,,,,M,Middle Adult,36.0,50.0,Tooth,,,,,,,,,,,,,,Enamel,Max RC,Infant-1/Infant-2,0.7,5.0,-5.9,-4.0,,Knudson et al. (2015),DOI: 10.1002/ajpa.22694,San Pedro de Atacama Oasis,Antofagasta,Precordillera
Tchecar (Túmulo Sur),Middle,Middle,ACL-0202,400.0,1000,TCH-0803,-22.935778,-68.209444,2415,,,,,,,,M,Middle Adult,36.0,50.0,Tooth,,,,,,,,,,,,,,Enamel,Max RM2,Infant-2/Child-1,2.5,8.0,-6.6,-4.2,,Knudson et al. (2015),DOI: 10.1002/ajpa.22694,San Pedro de Atacama Oasis,Antofagasta,Precordillera
Tchecar (Túmulo Sur),Middle,Middle,ACL-0203,400.0,1000,TCH-0817,-22.935778,-68.209444,2415,,,,,,,,F,Subadult,,,Tooth,,,,,,,,,,,,,,Enamel,Max RM1,Infant-1/Infant-2,0.4,3.5,-5.0,-3.9,,Knudson et al. (2015),DOI: 10.1002/ajpa.22694,San Pedro de Atacama Oasis,Antofagasta,Precordillera
Tchecar (Túmulo Sur),Middle,Middle,ACL-0204,400.0,1000,TCH-0817,-22.935778,-68.209444,2415,,,,,,,,F,Subadult,,,Tooth,,,,,,,,,,,,,,Enamel,Max LM3,Child-2/Adolescent-1,8.5,14.0,-7.4,-5.4,,Knudson et al. (2015),DOI: 10.1002/ajpa.22694,San Pedro de Atacama Oasis,Antofagasta,Precordillera
Tchecar (Túmulo Sur),Middle,Middle,ACL-0205,400.0,1000,TCH-0836,-22.935778,-68.209444,2415,,,,,,,,M,Middle Adult,36.0,50.0,Tooth,,,,,,,,,,,,,,Enamel,Max LM2,Infant-2/Child-1,2.5,8.0,-6.7,-5.6,,Knudson et al. (2015),DOI: 10.1002/ajpa.22694,San Pedro de Atacama Oasis,Antofagasta,Precordillera
Tchecar (Túmulo Sur),Middle,Middle,ACL-0206,400.0,1000,TCH-0844,-22.935778,-68.209444,2415,,,,,,,,M,Middle Adult,36.0,50.0,Tooth,,,,,,,,,,,,,,Enamel,Max LC,Infant-1/Infant-2,0.7,5.0,-6.2,-4.9,,Knudson et al. (2015),DOI: 10.1002/ajpa.22694,San Pedro de Atacama Oasis,Antofagasta,Precordillera
Tchecar (Túmulo Sur),Middle,Middle,ACL-0207,400.0,1000,TCH-0844,-22.935778,-68.209444,2415,,,,,,,,M,Middle Adult,36.0,50.0,Tooth,,,,,,,,,,,,,,Enamel,Max LM2,Infant-2/Child-1,2.5,8.0,-5.8,-4.5,,Knudson et al. (2015),DOI: 10.1002/ajpa.22694,San Pedro de Atacama Oasis,Antofagasta,Precordillera
Tchecar (Túmulo Sur),Middle,Middle,ACL-0208,400.0,1000,TCH-0845,-22.935778,-68.209444,2415,,,,,,,,und,Young Adult,21.0,35.0,Tooth,,,,,,,,,,,,,,Enamel,Max LPm2,Infant-2/Child-1,3.5,6.5,-7.1,-4.3,,Knudson et al. (2015),DOI: 10.1002/ajpa.22694,San Pedro de Atacama Oasis,Antofagasta,Precordillera
Tchecar (Túmulo Sur),Middle,Middle,ACL-0209,400.0,1000,TCH-0845,-22.935778,-68.209444,2415,,,,,,,,und,Young Adult,21.0,35.0,Tooth,,,,,,,,,,,,,,Enamel,Max LM2,Infant-2/Child-1,2.5,8.0,-6.7,-4.3,,Knudson et al. (2015),DOI: 10.1002/ajpa.22694,San Pedro de Atacama Oasis,Antofagasta,Precordillera
Tchecar (Túmulo Sur),Middle,Middle,ACL-0210,400.0,1000,TCH-0845,-22.935778,-68.209444,2415,,,,,,,,und,Young Adult,21.0,35.0,Tooth,,,,,,,,,,,,,,Enamel,Max LM3,Child-2/Adolescent-1,8.5,14.0,-6.7,-5.0,,Knudson et al. (2015),DOI: 10.1002/ajpa.22694,San Pedro de Atacama Oasis,Antofagasta,Precordillera
Tchecar (Túmulo Sur),Middle,Middle,ACL-0211,400.0,1000,TCH-0847,-22.935778,-68.209444,2415,,,,,,,,F,Subadult,,,Tooth,,,,,,,,,,,,,,Enamel,Max LM2,Infant-2/Child-1,2.5,8.0,-6.0,-4.0,,Knudson et al. (2015),DOI: 10.1002/ajpa.22694,San Pedro de Atacama Oasis,Antofagasta,Precordillera
Tchecar (Túmulo Sur),Middle,Middle,ACL-0212,400.0,1000,TCH-0849,-22.935778,-68.209444,2415,,,,,,,,M,Middle Adult,36.0,50.0,Tooth,,,,,,,,,,,,,,Enamel,Max LC,Infant-1/Infant-2,0.7,5.0,-7.0,-3.8,,Knudson et al. (2015),DOI: 10.1002/ajpa.22694,San Pedro de Atacama Oasis,Antofagasta,Precordillera
Tchecar (Túmulo Sur),Middle,Middle,ACL-0213,400.0,1000,TCH-0849,-22.935778,-68.209444,2415,,,,,,,,M,Middle Adult,36.0,50.0,Tooth,,,,,,,,,,,,,,Enamel,Max LPm1,Infant-2/Child 1,2.5,6.0,-7.7,-4.5,,Knudson et al. (2015),DOI: 10.1002/ajpa.22694,San Pedro de Atacama Oasis,Antofagasta,Precordillera
Tchecar (Túmulo Sur),Middle,Middle,ACL-0214,400.0,1000,TCH-0849,-22.935778,-68.209444,2415,,,,,,,,M,Middle Adult,36.0,50.0,Tooth,,,,,,,,,,,,,,Enamel,Max LM3,Child-2/Adolescent-1,8.5,14.0,-8.4,-6.2,,Knudson et al. (2015),DOI: 10.1002/ajpa.22694,San Pedro de Atacama Oasis,Antofagasta,Precordillera
Tchecar (Túmulo Sur),Middle,Middle,ACL-0215,400.0,1000,TCH-0850,-22.935778,-68.209444,2415,,,,,,,,M,Young Adult,21.0,35.0,Tooth,,,,,,,,,,,,,,Enamel,Max LI2,Infant-1/Infant-2,0.8,5.0,-7.9,-4.3,,Knudson et al. (2015),DOI: 10.1002/ajpa.22694,San Pedro de Atacama Oasis,Antofagasta,Precordillera
Tchecar (Túmulo Sur),Middle,Middle,ACL-0216,400.0,1000,TCH-0850,-22.935778,-68.209444,2415,,,,,,,,M,Young Adult,21.0,35.0,Tooth,,,,,,,,,,,,,,Enamel,Max LM2,Infant-2/Child-1,2.5,8.0,-7.4,-3.5,,Knudson et al. (2015),DOI: 10.1002/ajpa.22694,San Pedro de Atacama Oasis,Antofagasta,Precordillera
Tchecar (Túmulo Sur),Middle,Middle,ACL-0217,400.0,1000,TCH-0850,-22.935778,-68.209444,2415,,,,,,,,M,Young Adult,21.0,35.0,Tooth,,,,,,,,,,,,,,Enamel,Max LM3,Child-2/Adolescent-1,8.5,14.0,-4.8,-6.7,,Knudson et al. (2015),DOI: 10.1002/ajpa.22694,San Pedro de Atacama Oasis,Antofagasta,Precordillera
Tchecar (Túmulo Sur),Middle,Middle,ACL-0218,400.0,1000,TCH-0851,-22.935778,-68.209444,2415,,,,,,,,M,Middle Adult,36.0,50.0,Tooth,,,,,,,,,,,,,,Enamel,Max RPm1,Infant-2/Child 1,2.5,6.0,-4.8,-4.3,,Knudson et al. (2015),DOI: 10.1002/ajpa.22694,San Pedro de Atacama Oasis,Antofagasta,Precordillera
Tchecar (Túmulo Sur),Middle,Middle,ACL-0219,400.0,1000,TCH-0851,-22.935778,-68.209444,2415,,,,,,,,M,Middle Adult,36.0,50.0,Tooth,,,,,,,,,,,,,,Enamel,Max LM2,Infant-2/Child-1,2.5,8.0,-5.5,-4.7,,Knudson et al. (2015),DOI: 10.1002/ajpa.22694,San Pedro de Atacama Oasis,Antofagasta,Precordillera
Tchecar (Túmulo Sur),Middle,Middle,ACL-0220,400.0,1000,TCH-0860,-22.935778,-68.209444,2415,,,,,,,,F,Subadult,,,Tooth,,,,,,,,,,,,,,Enamel,Max RM1,Infant-1/Infant-2,0.4,3.5,-7.3,-4.3,,Knudson et al. (2015),DOI: 10.1002/ajpa.22694,San Pedro de Atacama Oasis,Antofagasta,Precordillera
Tchecar (Túmulo Sur),Middle,Middle,ACL-0221,400.0,1000,TCH-0860,-22.935778,-68.209444,2415,,,,,,,,F,Subadult,,,Tooth,,,,,,,,,,,,,,Enamel,Max LM2,Infant-2/Child-1,2.5,8.0,-7.3,-4.1,,Knudson et al. (2015),DOI: 10.1002/ajpa.22694,San Pedro de Atacama Oasis,Antofagasta,Precordillera
Tchecar (Túmulo Sur),Middle,Middle,ACL-0222,400.0,1000,TCH-0863,-22.935778,-68.209444,2415,,,,,,,,F,Subadult,,,Tooth,,,,,,,,,,,,,,Enamel,Max LC,Infant-1/Infant-2,0.7,5.0,-8.1,-5.0,,Knudson et al. (2015),DOI: 10.1002/ajpa.22694,San Pedro de Atacama Oasis,Antofagasta,Precordillera
Tchecar (Túmulo Sur),Middle,Middle,ACL-0223,400.0,1000,TCH-0863,-22.935778,-68.209444,2415,,,,,,,,F,Subadult,,,Tooth,,,,,,,,,,,,,,Enamel,Max RM3,Child-2/Adolescent-1,8.5,14.0,-7.9,-4.1,,Knudson et al. (2015),DOI: 10.1002/ajpa.22694,San Pedro de Atacama Oasis,Antofagasta,Precordillera
Tchecar (Túmulo Sur),Middle,Middle,ACL-0225,400.0,1000,TCH-1115,-22.935778,-68.209444,2415,,,,,,,,M,Young Adult,21.0,35.0,Tooth,,,,,,,,,,,,,,Enamel,Max LM2,Infant-2/Child-1,2.5,8.0,-6.9,-4.6,,Knudson et al. (2015),DOI: 10.1002/ajpa.22694,San Pedro de Atacama Oasis,Antofagasta,Precordillera
Tchecar (Túmulo Sur),Middle,Middle,ACL-0226,400.0,1000,TCH-1115,-22.935778,-68.209444,2415,,,,,,,,M,Young Adult,21.0,35.0,Tooth,,,,,,,,,,,,,,Enamel,Max LM3,Child-2/Adolescent-1,8.5,14.0,-9.0,-4.7,,Knudson et al. (2015),DOI: 10.1002/ajpa.22694,San Pedro de Atacama Oasis,Antofagasta,Precordillera
Tchecar (Túmulo Sur),Middle,Middle,ACL-0227,400.0,1000,TCH-1159,-22.935778,-68.209444,2415,,,,,,,,und,Young Adult,21.0,35.0,Tooth,,,,,,,,,,,,,,Enamel,Max RPm1,Infant-2/Child 1,2.5,6.0,-6.8,-4.2,,Knudson et al. (2015),DOI: 10.1002/ajpa.22694,San Pedro de Atacama Oasis,Antofagasta,Precordillera
Tchecar (Túmulo Sur),Middle,Middle,ACL-0228,400.0,1000,TCH-1159,-22.935778,-68.209444,2415,,,,,,,,und,Young Adult,21.0,35.0,Tooth,,,,,,,,,,,,,,Enamel,Max RM2,Infant-2/Child-1,2.5,8.0,-8.0,-3.7,,Knudson et al. (2015),DOI: 10.1002/ajpa.22694,San Pedro de Atacama Oasis,Antofagasta,Precordillera
Tchecar (Túmulo Sur),Middle,Middle,ACL-0229,400.0,1000,TCH-1159,-22.935778,-68.209444,2415,,,,,,,,und,Young Adult,21.0,35.0,Tooth,,,,,,,,,,,,,,Enamel,Max RM3,Child-2/Adolescent-1,8.5,14.0,-7.4,-6.6,,Knudson et al. (2015),DOI: 10.1002/ajpa.22694,San Pedro de Atacama Oasis,Antofagasta,Precordillera
Tchecar (Túmulo Sur),Middle,Middle,ACL-0230,400.0,1000,TCH-1170,-22.935778,-68.209444,2415,,,,,,,,M,Middle Adult,36.0,50.0,Tooth,,,,,,,,,,,,,,Enamel,Max RM1,Infant-1/Infant-2,0.4,3.5,-8.1,-3.1,,Knudson et al. (2015),DOI: 10.1002/ajpa.22694,San Pedro de Atacama Oasis,Antofagasta,Precordillera
Tchecar (Túmulo Sur),Middle,Middle,ACL-0231,400.0,1000,TCH-1170,-22.935778,-68.209444,2415,,,,,,,,M,Middle Adult,36.0,50.0,Tooth,,,,,,,,,,,,,,Enamel,Max RM2,Infant-2/Child-1,2.5,8.0,-8.9,-4.1,,Knudson et al. (2015),DOI: 10.1002/ajpa.22694,San Pedro de Atacama Oasis,Antofagasta,Precordillera
Tchecar (Túmulo Sur),Middle,Middle,ACL-0233,400.0,1000,TCH-1195,-22.935778,-68.209444,2415,,,,,,,,M,Young Adult,21.0,35.0,Tooth,,,,,,,,,,,,,,Enamel,Max RPm2,Infant-2/Child-1,3.5,6.5,-6.5,-4.2,,Knudson et al. (2015),DOI: 10.1002/ajpa.22694,San Pedro de Atacama Oasis,Antofagasta,Precordillera
Tchecar (Túmulo Sur),Middle,Middle,ACL-0234,400.0,1000,TCH-1195,-22.935778,-68.209444,2415,,,,,,,,M,Young Adult,21.0,35.0,Tooth,,,,,,,,,,,,,,Enamel,Max RM1,Infant-1/Infant-2,0.4,3.5,-5.1,-4.8,,Knudson et al. (2015),DOI: 10.1002/ajpa.22694,San Pedro de Atacama Oasis,Antofagasta,Precordillera
Tchecar (Túmulo Sur),Middle,Middle,ACL-0235,400.0,1000,TCH-1195,-22.935778,-68.209444,2415,,,,,,,,M,Young Adult,21.0,35.0,Tooth,,,,,,,,,,,,,,Enamel,Max RM3,Child-2/Adolescent-1,8.5,14.0,-6.6,-5.1,,Knudson et al. (2015),DOI: 10.1002/ajpa.22694,San Pedro de Atacama Oasis,Antofagasta,Precordillera
Tchecar (Túmulo Sur),Middle,Middle,ACL-0236,400.0,1000,TCH-1196,-22.935778,-68.209444,2415,,,,,,,,M,Young Adult,21.0,35.0,Tooth,,,,,,,,,,,,,,Enamel,Max LM2,Infant-2/Child-1,2.5,8.0,-6.8,-3.9,,Knudson et al. (2015),DOI: 10.1002/ajpa.22694,San Pedro de Atacama Oasis,Antofagasta,Precordillera
Tchecar (Túmulo Sur),Middle,Middle,ACL-0237,400.0,1000,TCH-1196,-22.935778,-68.209444,2415,,,,,,,,M,Young Adult,21.0,35.0,Tooth,,,,,,,,,,,,,,Enamel,Max LM3,Child-2/Adolescent-1,8.5,14.0,-7.4,-5.4,,Knudson et al. (2015),DOI: 10.1002/ajpa.22694,San Pedro de Atacama Oasis,Antofagasta,Precordillera
Tchecar (Túmulo Sur),Middle,Middle,ACL-0238,400.0,1000,TCH-1208,-22.935778,-68.209444,2415,,,,,,,,F,Subadult,,,Tooth,,,,,,,,,,,,,,Enamel,Max LM2,Infant-2/Child-1,2.5,8.0,-7.6,-6.0,,Knudson et al. (2015),DOI: 10.1002/ajpa.22694,San Pedro de Atacama Oasis,Antofagasta,Precordillera
Tchecar (Túmulo Sur),Middle,Middle,ACL-0239,400.0,1000,TCH-1208,-22.935778,-68.209444,2415,,,,,,,,F,Subadult,,,Tooth,,,,,,,,,,,,,,Enamel,Max RM3,Child-2/Adolescent-1,8.5,14.0,-7.5,-6.1,,Knudson et al. (2015),DOI: 10.1002/ajpa.22694,San Pedro de Atacama Oasis,Antofagasta,Precordillera
Tchecar (Túmulo Sur),Middle,Middle,ACL-0240,400.0,1000,TCH-1213,-22.935778,-68.209444,2415,,,,,,,,und,Young Adult,21.0,35.0,Tooth,,,,,,,,,,,,,,Enamel,Max LC,Infant-1/Infant-2,0.7,5.0,-7.4,-4.2,,Knudson et al. (2015),DOI: 10.1002/ajpa.22694,San Pedro de Atacama Oasis,Antofagasta,Precordillera
Tchecar (Túmulo Sur),Middle,Middle,ACL-0241,400.0,1000,TCH-1213,-22.935778,-68.209444,2415,,,,,,,,und,Young Adult,21.0,35.0,Tooth,,,,,,,,,,,,,,Enamel,Max RM2,Infant-2/Child-1,2.5,8.0,-8.6,-4.6,,Knudson et al. (2015),DOI: 10.1002/ajpa.22694,San Pedro de Atacama Oasis,Antofagasta,Precordillera
Tchecar (Túmulo Sur),Middle,Middle,ACL-0242,400.0,1000,TCH-1219,-22.935778,-68.209444,2415,,,,,,,,M,Young Adult,21.0,35.0,Tooth,,,,,,,,,,,,,,Enamel,Mand LC,Infant-1/Infant-2,0.9,5.5,-5.7,-4.5,,Knudson et al. (2015),DOI: 10.1002/ajpa.22694,San Pedro de Atacama Oasis,Antofagasta,Precordillera
Tchecar (Túmulo Sur),Middle,Middle,ACL-0243,400.0,1000,TCH-1219,-22.935778,-68.209444,2415,,,,,,,,M,Young Adult,21.0,35.0,Tooth,,,,,,,,,,,,,,Enamel,Max LM2,Infant-2/Child-1,2.5,8.0,-6.3,-5.1,,Knudson et al. (2015),DOI: 10.1002/ajpa.22694,San Pedro de Atacama Oasis,Antofagasta,Precordillera
Tchecar (Túmulo Sur),Middle,Middle,ACL-0244,400.0,1000,TCH-1219,-22.935778,-68.209444,2415,,,,,,,,M,Young Adult,21.0,35.0,Tooth,,,,,,,,,,,,,,Enamel,Mand RM3,Child-2/Adolescent-1,8.5,14.0,-6.8,-5.2,,Knudson et al. (2015),DOI: 10.1002/ajpa.22694,San Pedro de Atacama Oasis,Antofagasta,Precordillera
Tchecar (Túmulo Sur),Middle,Middle,Scaffidi and Knudson (2020): TCH1,400.0,1000,Scaffidi and Knudson (2020): TCH1,-22.935778,-68.209444,2415,,,,,,,,F,Subadult,,,Tooth,,,,,,,,,,,,,,Enamel,Max RM1,Infant-1/Infant-2,0.4,3.5,,,0.70765,Knudson and Torres-Rouff (2014),DOI: https://doi.org/10.7183/1045-6635.25.2.170,San Pedro de Atacama Oasis,Antofagasta,Precordillera
Tchecar (Túmulo Sur),Middle,Middle,Scaffidi and Knudson (2020): TCH2,400.0,1000,Scaffidi and Knudson (2020): TCH2,-22.935778,-68.209444,2415,,,,,,,,F,Middle Adult,36.0,50.0,Tooth,,,,,,,,,,,,,,Enamel,Max RM1,Infant-1/Infant-2,0.4,3.5,,,0.70773,Knudson and Torres-Rouff (2014),DOI: https://doi.org/10.7183/1045-6635.25.2.170,San Pedro de Atacama Oasis,Antofagasta,Precordillera
Tchecar (Túmulo Sur),Middle,Middle,Scaffidi and Knudson (2020): TCH3,400.0,1000,Scaffidi and Knudson (2020): TCH3,-22.935778,-68.209444,2415,,,,,,,,F,Subadult,,,Tooth,,,,,,,,,,,,,,Enamel,Max RM1,Infant-1/Infant-2,0.4,3.5,,,0.70776,Knudson and Torres-Rouff (2014),DOI: https://doi.org/10.7183/1045-6635.25.2.170,San Pedro de Atacama Oasis,Antofagasta,Precordillera
Tchecar (Túmulo Sur),Middle,Middle,Scaffidi and Knudson (2020): TCH4,400.0,1000,Scaffidi and Knudson (2020): TCH4,-22.935778,-68.209444,2415,,,,,,,,F,Subadult,,,Tooth,,,,,,,,,,,,,,Enamel,Max RM1,Infant-1/Infant-2,0.4,3.5,,,0.70807,Knudson and Torres-Rouff (2014),DOI: https://doi.org/10.7183/1045-6635.25.2.170,San Pedro de Atacama Oasis,Antofagasta,Precordillera
Tchecar (Túmulo Sur),Middle,Middle,Scaffidi and Knudson (2020): TCH5,400.0,1000,Scaffidi and Knudson (2020): TCH5,-22.935778,-68.209444,2415,,,,,,,,M,Young Adult,21.0,35.0,Tooth,,,,,,,,,,,,,,Enamel,Max RM1,Infant-1/Infant-2,0.4,3.5,,,0.70764,Knudson and Torres-Rouff (2014),DOI: https://doi.org/10.7183/1045-6635.25.2.170,San Pedro de Atacama Oasis,Antofagasta,Precordillera
Tchecar (Túmulo Sur),Middle,Middle,Scaffidi and Knudson (2020): TCH6,400.0,1000,Scaffidi and Knudson (2020): TCH6,-22.935778,-68.209444,2415,,,,,,,,M,Young Adult,21.0,35.0,Tooth,,,,,,,,,,,,,,Enamel,Max LM1,Infant-1/Infant-2,0.4,3.5,,,0.70776,Knudson and Torres-Rouff (2014),DOI: https://doi.org/10.7183/1045-6635.25.2.170,San Pedro de Atacama Oasis,Antofagasta,Precordillera
Tchecar (Túmulo Sur),Middle,Middle,Scaffidi and Knudson (2020): TCH7,400.0,1000,Scaffidi and Knudson (2020): TCH7,-22.935778,-68.209444,2415,,,,,,,,M,Middle Adult,36.0,50.0,Tooth,,,,,,,,,,,,,,Enamel,Max RM1,Infant-1/Infant-2,0.4,3.5,,,0.70785,Knudson and Torres-Rouff (2014),DOI: https://doi.org/10.7183/1045-6635.25.2.170,San Pedro de Atacama Oasis,Antofagasta,Precordillera
Tchecar (Túmulo Sur),Middle,Middle,Scaffidi and Knudson (2020): TCH8,400.0,1000,Scaffidi and Knudson (2020): TCH8,-22.935778,-68.209444,2415,,,,,,,,M,Young Adult,21.0,35.0,Tooth,,,,,,,,,,,,,,Enamel,Max LI2,,,,,,0.70976,Knudson and Torres-Rouff (2014),DOI: https://doi.org/10.7183/1045-6635.25.2.170,San Pedro de Atacama Oasis,Antofagasta,Precordillera
Tchecar (Túmulo Sur),Middle,Middle,Scaffidi and Knudson (2020): TCH9,400.0,1000,Scaffidi and Knudson (2020): TCH9,-22.935778,-68.209444,2415,,,,,,,,und,Young Adult,21.0,35.0,Tooth,,,,,,,,,,,,,,Enamel,Max LM1,Infant-1/Infant-2,0.4,3.5,,,0.70769,Knudson and Torres-Rouff (2014),DOI: https://doi.org/10.7183/1045-6635.25.2.170,San Pedro de Atacama Oasis,Antofagasta,Precordillera
Tchecar (Túmulo Sur),Middle,Middle,Scaffidi and Knudson (2020): TCH10,400.0,1000,Scaffidi and Knudson (2020): TCH10,-22.935778,-68.209444,2415,,,,,,,,und,Young Adult,21.0,35.0,Bone,,,,,,,,,,,,,,Bone apatite,Zygomatic bone,Adult,,,,,0.70766,Knudson and Torres-Rouff (2014),DOI: https://doi.org/10.7183/1045-6635.25.2.170,San Pedro de Atacama Oasis,Antofagasta,Precordillera
Tchecar (Túmulo Sur),Middle,Middle,Scaffidi and Knudson (2020): TCH11,400.0,1000,Scaffidi and Knudson (2020): TCH11,-22.935778,-68.209444,2415,,,,,,,,F,Subadult,,,Tooth,,,,,,,,,,,,,,Enamel,Max LM2,Infant-2/Child-1,2.5,8.0,,,0.70762,Knudson and Torres-Rouff (2014),DOI: https://doi.org/10.7183/1045-6635.25.2.170,San Pedro de Atacama Oasis,Antofagasta,Precordillera
Tchecar (Túmulo Sur),Middle,Middle,Scaffidi and Knudson (2020): TCH12,400.0,1000,Scaffidi and Knudson (2020): TCH12,-22.935778,-68.209444,2415,,,,,,,,F,Subadult,,,Tooth,,,,,,,,,,,,,,Enamel,Max LM2,Infant-2/Child-1,2.5,8.0,,,0.70768,Knudson and Torres-Rouff (2014),DOI: https://doi.org/10.7183/1045-6635.25.2.170,San Pedro de Atacama Oasis,Antofagasta,Precordillera
Tchecar (Túmulo Sur),Middle,Middle,Scaffidi and Knudson (2020): TCH13,400.0,1000,Scaffidi and Knudson (2020): TCH13,-22.935778,-68.209444,2415,,,,,,,,F,Middle Adult,36.0,50.0,Tooth,,,,,,,,,,,,,,Enamel,Max RM2,Infant-2/Child-1,2.5,8.0,,,0.70769,Knudson and Torres-Rouff (2014),DOI: https://doi.org/10.7183/1045-6635.25.2.170,San Pedro de Atacama Oasis,Antofagasta,Precordillera
Tchecar (Túmulo Sur),Middle,Middle,Scaffidi and Knudson (2020): TCH14,400.0,1000,Scaffidi and Knudson (2020): TCH14,-22.935778,-68.209444,2415,,,,,,,,F,Subadult,,,Tooth,,,,,,,,,,,,,,Enamel,Max LM2,Infant-2/Child-1,2.5,8.0,,,0.70773,Knudson and Torres-Rouff (2014),DOI: https://doi.org/10.7183/1045-6635.25.2.170,San Pedro de Atacama Oasis,Antofagasta,Precordillera
Tchecar (Túmulo Sur),Middle,Middle,Scaffidi and Knudson (2020): TCH15,400.0,1000,Scaffidi and Knudson (2020): TCH15,-22.935778,-68.209444,2415,,,,,,,,F,Subadult,,,Tooth,,,,,,,,,,,,,,Enamel,Max LPm1,Infant-2/Child 1,2.5,6.0,,,0.70774,Knudson and Torres-Rouff (2014),DOI: https://doi.org/10.7183/1045-6635.25.2.170,San Pedro de Atacama Oasis,Antofagasta,Precordillera
Tchecar (Túmulo Sur),Middle,Middle,Scaffidi and Knudson (2020): TCH16,400.0,1000,Scaffidi and Knudson (2020): TCH16,-22.935778,-68.209444,2415,,,,,,,,F,Subadult,,,Tooth,,,,,,,,,,,,,,Enamel,Max LM2,Infant-2/Child-1,2.5,8.0,,,0.70783,Knudson and Torres-Rouff (2014),DOI: https://doi.org/10.7183/1045-6635.25.2.170,San Pedro de Atacama Oasis,Antofagasta,Precordillera
Tchecar (Túmulo Sur),Middle,Middle,Scaffidi and Knudson (2020): TCH17,400.0,1000,Scaffidi and Knudson (2020): TCH17,-22.935778,-68.209444,2415,,,,,,,,F,Subadult,,,Tooth,,,,,,,,,,,,,,Enamel,Max LC,Infant-1/Infant-2,0.7,5.0,,,0.70786,Knudson and Torres-Rouff (2014),DOI: https://doi.org/10.7183/1045-6635.25.2.170,San Pedro de Atacama Oasis,Antofagasta,Precordillera
Tchecar (Túmulo Sur),Middle,Middle,Scaffidi and Knudson (2020): TCH18,400.0,1000,Scaffidi and Knudson (2020): TCH18,-22.935778,-68.209444,2415,,,,,,,,F,Subadult,,,Tooth,,,,,,,,,,,,,,Enamel,Max RM2,Infant-2/Child-1,2.5,8.0,,,0.70788,Knudson and Torres-Rouff (2014),DOI: https://doi.org/10.7183/1045-6635.25.2.170,San Pedro de Atacama Oasis,Antofagasta,Precordillera
Tchecar (Túmulo Sur),Middle,Middle,Scaffidi and Knudson (2020): TCH19,400.0,1000,Scaffidi and Knudson (2020): TCH19,-22.935778,-68.209444,2415,,,,,,,,M,Young Adult,21.0,35.0,Tooth,,,,,,,,,,,,,,Enamel,Max LM2,Infant-2/Child-1,2.5,8.0,,,0.70765,Knudson and Torres-Rouff (2014),DOI: https://doi.org/10.7183/1045-6635.25.2.170,San Pedro de Atacama Oasis,Antofagasta,Precordillera
Tchecar (Túmulo Sur),Middle,Middle,Scaffidi and Knudson (2020): TCH20,400.0,1000,Scaffidi and Knudson (2020): TCH20,-22.935778,-68.209444,2415,,,,,,,,M,Young Adult,21.0,35.0,Tooth,,,,,,,,,,,,,,Enamel,Max RPm2,Infant-2/Child-1,3.5,6.5,,,0.70765,Knudson and Torres-Rouff (2014),DOI: https://doi.org/10.7183/1045-6635.25.2.170,San Pedro de Atacama Oasis,Antofagasta,Precordillera
Tchecar (Túmulo Sur),Middle,Middle,Scaffidi and Knudson (2020): TCH21,400.0,1000,Scaffidi and Knudson (2020): TCH21,-22.935778,-68.209444,2415,,,,,,,,M,Middle Adult,36.0,50.0,Tooth,,,,,,,,,,,,,,Enamel,Max LM2,Infant-2/Child-1,2.5,8.0,,,0.70767,Knudson and Torres-Rouff (2014),DOI: https://doi.org/10.7183/1045-6635.25.2.170,San Pedro de Atacama Oasis,Antofagasta,Precordillera
Tchecar (Túmulo Sur),Middle,Middle,Scaffidi and Knudson (2020): TCH22,400.0,1000,Scaffidi and Knudson (2020): TCH22,-22.935778,-68.209444,2415,,,,,,,,M,Young Adult,21.0,35.0,Tooth,,,,,,,,,,,,,,Enamel,Max LM2,Infant-2/Child-1,2.5,8.0,,,0.70767,Knudson and Torres-Rouff (2014),DOI: https://doi.org/10.7183/1045-6635.25.2.170,San Pedro de Atacama Oasis,Antofagasta,Precordillera
Tchecar (Túmulo Sur),Middle,Middle,Scaffidi and Knudson (2020): TCH23,400.0,1000,Scaffidi and Knudson (2020): TCH23,-22.935778,-68.209444,2415,,,,,,,,M,Young Adult,21.0,35.0,Tooth,,,,,,,,,,,,,,Enamel,Max LPm2,Infant-2/Child-1,3.5,6.5,,,0.70768,Knudson and Torres-Rouff (2014),DOI: https://doi.org/10.7183/1045-6635.25.2.170,San Pedro de Atacama Oasis,Antofagasta,Precordillera
Tchecar (Túmulo Sur),Middle,Middle,Scaffidi and Knudson (2020): TCH24,400.0,1000,Scaffidi and Knudson (2020): TCH24,-22.935778,-68.209444,2415,,,,,,,,M,Young Adult,21.0,35.0,Tooth,,,,,,,,,,,,,,Enamel,Mand LC,,,,,,0.70769,Knudson and Torres-Rouff (2014),DOI: https://doi.org/10.7183/1045-6635.25.2.170,San Pedro de Atacama Oasis,Antofagasta,Precordillera
Tchecar (Túmulo Sur),Middle,Middle,Scaffidi and Knudson (2020): TCH25,400.0,1000,Scaffidi and Knudson (2020): TCH25,-22.935778,-68.209444,2415,,,,,,,,M,Middle Adult,36.0,50.0,Tooth,,,,,,,,,,,,,,Enamel,Max RPm1,Infant-2/Child 1,2.5,6.0,,,0.7077,Knudson and Torres-Rouff (2014),DOI: https://doi.org/10.7183/1045-6635.25.2.170,San Pedro de Atacama Oasis,Antofagasta,Precordillera
Tchecar (Túmulo Sur),Middle,Middle,Scaffidi and Knudson (2020): TCH26,400.0,1000,Scaffidi and Knudson (2020): TCH26,-22.935778,-68.209444,2415,,,,,,,,M,Young Adult,21.0,35.0,Tooth,,,,,,,,,,,,,,Enamel,Max LM2,Infant-2/Child-1,2.5,8.0,,,0.70773,Knudson and Torres-Rouff (2014),DOI: https://doi.org/10.7183/1045-6635.25.2.170,San Pedro de Atacama Oasis,Antofagasta,Precordillera
Tchecar (Túmulo Sur),Middle,Middle,Scaffidi and Knudson (2020): TCH27,400.0,1000,Scaffidi and Knudson (2020): TCH27,-22.935778,-68.209444,2415,,,,,,,,M,Young Adult,21.0,35.0,Tooth,,,,,,,,,,,,,,Enamel,Max LPm2,Infant-2/Child-1,3.5,6.5,,,0.70773,Knudson and Torres-Rouff (2014),DOI: https://doi.org/10.7183/1045-6635.25.2.170,San Pedro de Atacama Oasis,Antofagasta,Precordillera
Tchecar (Túmulo Sur),Middle,Middle,Scaffidi and Knudson (2020): TCH28,400.0,1000,Scaffidi and Knudson (2020): TCH28,-22.935778,-68.209444,2415,,,,,,,,M,Middle Adult,36.0,50.0,Tooth,,,,,,,,,,,,,,Enamel,Max LM2,Infant-2/Child-1,2.5,8.0,,,0.70776,Knudson and Torres-Rouff (2014),DOI: https://doi.org/10.7183/1045-6635.25.2.170,San Pedro de Atacama Oasis,Antofagasta,Precordillera
Tchecar (Túmulo Sur),Middle,Middle,Scaffidi and Knudson (2020): TCH29,400.0,1000,Scaffidi and Knudson (2020): TCH29,-22.935778,-68.209444,2415,,,,,,,,M,Middle Adult,36.0,50.0,Tooth,,,,,,,,,,,,,,Enamel,Max RC,Infant-1/Infant-2,0.7,5.0,,,0.70776,Knudson and Torres-Rouff (2014),DOI: https://doi.org/10.7183/1045-6635.25.2.170,San Pedro de Atacama Oasis,Antofagasta,Precordillera
Tchecar (Túmulo Sur),Middle,Middle,Scaffidi and Knudson (2020): TCH30,400.0,1000,Scaffidi and Knudson (2020): TCH30,-22.935778,-68.209444,2415,,,,,,,,M,Middle Adult,36.0,50.0,Tooth,,,,,,,,,,,,,,Enamel,Max RM2,Infant-2/Child-1,2.5,8.0,,,0.70778,Knudson and Torres-Rouff (2014),DOI: https://doi.org/10.7183/1045-6635.25.2.170,San Pedro de Atacama Oasis,Antofagasta,Precordillera
Tchecar (Túmulo Sur),Middle,Middle,Scaffidi and Knudson (2020): TCH31,400.0,1000,Scaffidi and Knudson (2020): TCH31,-22.935778,-68.209444,2415,,,,,,,,M,Middle Adult,36.0,50.0,Tooth,,,,,,,,,,,,,,Enamel,Max LM2,Infant-2/Child-1,2.5,8.0,,,0.7079,Knudson and Torres-Rouff (2014),DOI: https://doi.org/10.7183/1045-6635.25.2.170,San Pedro de Atacama Oasis,Antofagasta,Precordillera
Tchecar (Túmulo Sur),Middle,Middle,Scaffidi and Knudson (2020): TCH32,400.0,1000,Scaffidi and Knudson (2020): TCH32,-22.935778,-68.209444,2415,,,,,,,,M,Young Adult,21.0,35.0,Tooth,,,,,,,,,,,,,,Enamel,Max LM2,Infant-2/Child-1,2.5,8.0,,,0.70791,Knudson and Torres-Rouff (2014),DOI: https://doi.org/10.7183/1045-6635.25.2.170,San Pedro de Atacama Oasis,Antofagasta,Precordillera
Tchecar (Túmulo Sur),Middle,Middle,Scaffidi and Knudson (2020): TCH33,400.0,1000,Scaffidi and Knudson (2020): TCH33,-22.935778,-68.209444,2415,,,,,,,,M,Middle Adult,36.0,50.0,Tooth,,,,,,,,,,,,,,Enamel,Max RM2,Infant-2/Child-1,2.5,8.0,,,0.70794,Knudson and Torres-Rouff (2014),DOI: https://doi.org/10.7183/1045-6635.25.2.170,San Pedro de Atacama Oasis,Antofagasta,Precordillera
Tchecar (Túmulo Sur),Middle,Middle,Scaffidi and Knudson (2020): TCH34,400.0,1000,Scaffidi and Knudson (2020): TCH34,-22.935778,-68.209444,2415,,,,,,,,M,Middle Adult,36.0,50.0,Tooth,,,,,,,,,,,,,,Enamel,Max LM2,Infant-2/Child-1,2.5,8.0,,,0.70796,Knudson and Torres-Rouff (2014),DOI: https://doi.org/10.7183/1045-6635.25.2.170,San Pedro de Atacama Oasis,Antofagasta,Precordillera
Tchecar (Túmulo Sur),Middle,Middle,Scaffidi and Knudson (2020): TCH35,400.0,1000,Scaffidi and Knudson (2020): TCH35,-22.935778,-68.209444,2415,,,,,,,,M,Middle Adult,36.0,50.0,Tooth,,,,,,,,,,,,,,Enamel,Max RPm1,Infant-2/Child 1,2.5,6.0,,,0.70796,Knudson and Torres-Rouff (2014),DOI: https://doi.org/10.7183/1045-6635.25.2.170,San Pedro de Atacama Oasis,Antofagasta,Precordillera
Tchecar (Túmulo Sur),Middle,Middle,Scaffidi and Knudson (2020): TCH36,400.0,1000,Scaffidi and Knudson (2020): TCH36,-22.935778,-68.209444,2415,,,,,,,,M,Middle Adult,36.0,50.0,Tooth,,,,,,,,,,,,,,Enamel,Max LC,Infant-1/Infant-2,0.7,5.0,,,0.708,Knudson and Torres-Rouff (2014),DOI: https://doi.org/10.7183/1045-6635.25.2.170,San Pedro de Atacama Oasis,Antofagasta,Precordillera
Tchecar (Túmulo Sur),Middle,Middle,Scaffidi and Knudson (2020): TCH37,400.0,1000,Scaffidi and Knudson (2020): TCH37,-22.935778,-68.209444,2415,,,,,,,,M,Middle Adult,36.0,50.0,Tooth,,,,,,,,,,,,,,Enamel,Max LC,Infant-1/Infant-2,0.7,5.0,,,0.70805,Knudson and Torres-Rouff (2014),DOI: https://doi.org/10.7183/1045-6635.25.2.170,San Pedro de Atacama Oasis,Antofagasta,Precordillera
Tchecar (Túmulo Sur),Middle,Middle,Scaffidi and Knudson (2020): TCH38,400.0,1000,Scaffidi and Knudson (2020): TCH38,-22.935778,-68.209444,2415,,,,,,,,M,Middle Adult,36.0,50.0,Tooth,,,,,,,,,,,,,,Enamel,Max LC,Infant-1/Infant-2,0.7,5.0,,,0.70822,Knudson and Torres-Rouff (2014),DOI: https://doi.org/10.7183/1045-6635.25.2.170,San Pedro de Atacama Oasis,Antofagasta,Precordillera
Tchecar (Túmulo Sur),Middle,Middle,Scaffidi and Knudson (2020): TCH39,400.0,1000,Scaffidi and Knudson (2020): TCH39,-22.935778,-68.209444,2415,,,,,,,,M,Young Adult,21.0,35.0,Tooth,,,,,,,,,,,,,,Enamel,Max LM2,Infant-2/Child-1,2.5,8.0,,,0.70826,Knudson and Torres-Rouff (2014),DOI: https://doi.org/10.7183/1045-6635.25.2.170,San Pedro de Atacama Oasis,Antofagasta,Precordillera
Tchecar (Túmulo Sur),Middle,Middle,Scaffidi and Knudson (2020): TCH40,400.0,1000,Scaffidi and Knudson (2020): TCH40,-22.935778,-68.209444,2415,,,,,,,,und,Young Adult,21.0,35.0,Tooth,,,,,,,,,,,,,,Enamel,Max LC,Infant-1/Infant-2,0.7,5.0,,,0.70764,Knudson and Torres-Rouff (2014),DOI: https://doi.org/10.7183/1045-6635.25.2.170,San Pedro de Atacama Oasis,Antofagasta,Precordillera
Tchecar (Túmulo Sur),Middle,Middle,Scaffidi and Knudson (2020): TCH41,400.0,1000,Scaffidi and Knudson (2020): TCH41,-22.935778,-68.209444,2415,,,,,,,,und,Young Adult,21.0,35.0,Tooth,,,,,,,,,,,,,,Enamel,Max RM2,Infant-2/Child-1,2.5,8.0,,,0.70766,Knudson and Torres-Rouff (2014),DOI: https://doi.org/10.7183/1045-6635.25.2.170,San Pedro de Atacama Oasis,Antofagasta,Precordillera
Tchecar (Túmulo Sur),Middle,Middle,Scaffidi and Knudson (2020): TCH42,400.0,1000,Scaffidi and Knudson (2020): TCH42,-22.935778,-68.209444,2415,,,,,,,,und,Young Adult,21.0,35.0,Tooth,,,,,,,,,,,,,,Enamel,Max LM2,Infant-2/Child-1,2.5,8.0,,,0.70767,Knudson and Torres-Rouff (2014),DOI: https://doi.org/10.7183/1045-6635.25.2.170,San Pedro de Atacama Oasis,Antofagasta,Precordillera
Tchecar (Túmulo Sur),Middle,Middle,Scaffidi and Knudson (2020): TCH43,400.0,1000,Scaffidi and Knudson (2020): TCH43,-22.935778,-68.209444,2415,,,,,,,,und,Young Adult,21.0,35.0,Tooth,,,,,,,,,,,,,,Enamel,Max RPm1,Infant-2/Child 1,2.5,6.0,,,0.70767,Knudson and Torres-Rouff (2014),DOI: https://doi.org/10.7183/1045-6635.25.2.170,San Pedro de Atacama Oasis,Antofagasta,Precordillera
Tchecar (Túmulo Sur),Middle,Middle,Scaffidi and Knudson (2020): TCH44,400.0,1000,Scaffidi and Knudson (2020): TCH44,-22.935778,-68.209444,2415,,,,,,,,und,Young Adult,21.0,35.0,Tooth,,,,,,,,,,,,,,Enamel,Max RPm1,Infant-2/Child 1,2.5,6.0,,,0.70768,Knudson and Torres-Rouff (2014),DOI: https://doi.org/10.7183/1045-6635.25.2.170,San Pedro de Atacama Oasis,Antofagasta,Precordillera
Tchecar (Túmulo Sur),Middle,Middle,Scaffidi and Knudson (2020): TCH45,400.0,1000,Scaffidi and Knudson (2020): TCH45,-22.935778,-68.209444,2415,,,,,,,,und,Young Adult,21.0,35.0,Tooth,,,,,,,,,,,,,,Enamel,Max RM2,Infant-2/Child-1,2.5,8.0,,,0.70769,Knudson and Torres-Rouff (2014),DOI: https://doi.org/10.7183/1045-6635.25.2.170,San Pedro de Atacama Oasis,Antofagasta,Precordillera
Tchecar (Túmulo Sur),Middle,Middle,Scaffidi and Knudson (2020): TCH46,400.0,1000,Scaffidi and Knudson (2020): TCH46,-22.935778,-68.209444,2415,,,,,,,,und,Young Adult,21.0,35.0,Tooth,,,,,,,,,,,,,,Enamel,Max LPm2,Infant-2/Child-1,3.5,6.5,,,0.70779,Knudson and Torres-Rouff (2014),DOI: https://doi.org/10.7183/1045-6635.25.2.170,San Pedro de Atacama Oasis,Antofagasta,Precordillera
Tchecar (Túmulo Sur),Middle,Middle,Scaffidi and Knudson (2020): TCH47,400.0,1000,Scaffidi and Knudson (2020): TCH47,-22.935778,-68.209444,2415,,,,,,,,und,Young Adult,21.0,35.0,Tooth,,,,,,,,,,,,,,Enamel,Max LM2,Infant-2/Child-1,2.5,8.0,,,0.70781,Knudson and Torres-Rouff (2014),DOI: https://doi.org/10.7183/1045-6635.25.2.170,San Pedro de Atacama Oasis,Antofagasta,Precordillera
Tchecar (Túmulo Sur),Middle,Middle,Scaffidi and Knudson (2020): TCH48,400.0,1000,Scaffidi and Knudson (2020): TCH48,-22.935778,-68.209444,2415,,,,,,,,F,Subadult,,,Tooth,,,,,,,,,,,,,,Enamel,Max RM3,Child-2/Adolescent-1,8.5,14.0,,,0.70769,Knudson and Torres-Rouff (2014),DOI: https://doi.org/10.7183/1045-6635.25.2.170,San Pedro de Atacama Oasis,Antofagasta,Precordillera
Tchecar (Túmulo Sur),Middle,Middle,Scaffidi and Knudson (2020): TCH49,400.0,1000,Scaffidi and Knudson (2020): TCH49,-22.935778,-68.209444,2415,,,,,,,,F,Subadult,,,Tooth,,,,,,,,,,,,,,Enamel,Max RM3,Child-2/Adolescent-1,8.5,14.0,,,0.70784,Knudson and Torres-Rouff (2014),DOI: https://doi.org/10.7183/1045-6635.25.2.170,San Pedro de Atacama Oasis,Antofagasta,Precordillera
Tchecar (Túmulo Sur),Middle,Middle,Scaffidi and Knudson (2020): TCH50,400.0,1000,Scaffidi and Knudson (2020): TCH50,-22.935778,-68.209444,2415,,,,,,,,F,Subadult,,,Tooth,,,,,,,,,,,,,,Enamel,Max LM3,Child-2/Adolescent-1,8.5,14.0,,,0.7089,Knudson and Torres-Rouff (2014),DOI: https://doi.org/10.7183/1045-6635.25.2.170,San Pedro de Atacama Oasis,Antofagasta,Precordillera
Tchecar (Túmulo Sur),Middle,Middle,Scaffidi and Knudson (2020): TCH51,400.0,1000,Scaffidi and Knudson (2020): TCH51,-22.935778,-68.209444,2415,,,,,,,,M,Young Adult,21.0,35.0,Tooth,,,,,,,,,,,,,,Enamel,Max RM3,Child-2/Adolescent-1,8.5,14.0,,,0.70763,Knudson and Torres-Rouff (2014),DOI: https://doi.org/10.7183/1045-6635.25.2.170,San Pedro de Atacama Oasis,Antofagasta,Precordillera
Tchecar (Túmulo Sur),Middle,Middle,Scaffidi and Knudson (2020): TCH52,400.0,1000,Scaffidi and Knudson (2020): TCH52,-22.935778,-68.209444,2415,,,,,,,,M,Young Adult,21.0,35.0,Tooth,,,,,,,,,,,,,,Enamel,Max LM3,Child-2/Adolescent-1,8.5,14.0,,,0.70765,Knudson and Torres-Rouff (2014),DOI: https://doi.org/10.7183/1045-6635.25.2.170,San Pedro de Atacama Oasis,Antofagasta,Precordillera
Tchecar (Túmulo Sur),Middle,Middle,Scaffidi and Knudson (2020): TCH53,400.0,1000,Scaffidi and Knudson (2020): TCH53,-22.935778,-68.209444,2415,,,,,,,,M,Young Adult,21.0,35.0,Tooth,,,,,,,,,,,,,,Enamel,Max RM3,Child-2/Adolescent-1,8.5,14.0,,,0.7077,Knudson and Torres-Rouff (2014),DOI: https://doi.org/10.7183/1045-6635.25.2.170,San Pedro de Atacama Oasis,Antofagasta,Precordillera
Tchecar (Túmulo Sur),Middle,Middle,Scaffidi and Knudson (2020): TCH54,400.0,1000,Scaffidi and Knudson (2020): TCH54,-22.935778,-68.209444,2415,,,,,,,,M,Middle Adult,36.0,50.0,Tooth,,,,,,,,,,,,,,Enamel,Max LM3,Child-2/Adolescent-1,8.5,14.0,,,0.70774,Knudson and Torres-Rouff (2014),DOI: https://doi.org/10.7183/1045-6635.25.2.170,San Pedro de Atacama Oasis,Antofagasta,Precordillera
Tchecar (Túmulo Sur),Middle,Middle,Scaffidi and Knudson (2020): TCH55,400.0,1000,Scaffidi and Knudson (2020): TCH55,-22.935778,-68.209444,2415,,,,,,,,M,Young Adult,21.0,35.0,Tooth,,,,,,,,,,,,,,Enamel,Max LM3,Child-2/Adolescent-1,8.5,14.0,,,0.70811,Knudson and Torres-Rouff (2014),DOI: https://doi.org/10.7183/1045-6635.25.2.170,San Pedro de Atacama Oasis,Antofagasta,Precordillera
Tchecar (Túmulo Sur),Middle,Middle,Scaffidi and Knudson (2020): TCH56,400.0,1000,Scaffidi and Knudson (2020): TCH56,-22.935778,-68.209444,2415,,,,,,,,M,Young Adult,21.0,35.0,Tooth,,,,,,,,,,,,,,Enamel,Max LM3,Child-2/Adolescent-1,8.5,14.0,,,0.70864,Knudson and Torres-Rouff (2014),DOI: https://doi.org/10.7183/1045-6635.25.2.170,San Pedro de Atacama Oasis,Antofagasta,Precordillera
Tchecar (Túmulo Sur),Middle,Middle,Scaffidi and Knudson (2020): TCH57,400.0,1000,Scaffidi and Knudson (2020): TCH57,-22.935778,-68.209444,2415,,,,,,,,M,Middle Adult,36.0,50.0,Tooth,,,,,,,,,,,,,,Enamel,Max LM3,Child-2/Adolescent-1,8.5,14.0,,,0.7101,Knudson and Torres-Rouff (2014),DOI: https://doi.org/10.7183/1045-6635.25.2.170,San Pedro de Atacama Oasis,Antofagasta,Precordillera
Tchecar (Túmulo Sur),Middle,Middle,Scaffidi and Knudson (2020): TCH58,400.0,1000,Scaffidi and Knudson (2020): TCH58,-22.935778,-68.209444,2415,,,,,,,,M,Middle Adult,36.0,50.0,Tooth,,,,,,,,,,,,,,Enamel,Max RM3,Child-2/Adolescent-1,8.5,14.0,,,0.71222,Knudson and Torres-Rouff (2014),DOI: https://doi.org/10.7183/1045-6635.25.2.170,San Pedro de Atacama Oasis,Antofagasta,Precordillera
Tchecar (Túmulo Sur),Middle,Middle,Scaffidi and Knudson (2020): TCH59,400.0,1000,Scaffidi and Knudson (2020): TCH59,-22.935778,-68.209444,2415,,,,,,,,und,Young Adult,21.0,35.0,Tooth,,,,,,,,,,,,,,Enamel,Max RM3,Child-2/Adolescent-1,8.5,14.0,,,0.70773,Knudson and Torres-Rouff (2014),DOI: https://doi.org/10.7183/1045-6635.25.2.170,San Pedro de Atacama Oasis,Antofagasta,Precordillera
Azapa 140,Middle,Middle,AZ140T38,750.0,1100,AZ140T38,-18.5381,-70.1668,356,,,,,,,,,,,,Hair,Hair keratin,,,,,,,,,,,,14.2,,,,,,,,,Macko et al. (1999),https://doi.org/10.1098/rstb.1999.0360,"San Miguel de Azapa, Lower Azapa Valley",Arica y Parinacota,Lowlands
Azapa 140,Middle,Middle,AZ140T055,750.0,1100,AZ140T055,-18.5381,-70.1668,356,,,,,,,,,,,,Hair,Hair keratin,,,,,,,,,,,,8.2,,,,,,,,,Macko et al. (1999),https://doi.org/10.1098/rstb.1999.0360,"San Miguel de Azapa, Lower Azapa Valley",Arica y Parinacota,Lowlands
Azapa 140,Middle,Middle,AZ140TXPB2A,750.0,1100,AZ140TXPB2A,-18.5381,-70.1668,356,,,,,,,,,,,,Hair,Hair keratin,,,,,,,,,,,,9.6,,,,,,,,,Macko et al. (1999),https://doi.org/10.1098/rstb.1999.0360,"San Miguel de Azapa, Lower Azapa Valley",Arica y Parinacota,Lowlands
Azapa 140,Middle,Middle,AZ140T118,750.0,1100,AZ140T118,-18.5381,-70.1668,356,,,,,,,,,,,,Hair,Hair keratin,,,,,,,,,,,,9.1,,,,,,,,,Macko et al. (1999),https://doi.org/10.1098/rstb.1999.0360,"San Miguel de Azapa, Lower Azapa Valley",Arica y Parinacota,Lowlands
Azapa 141,Middle,Middle,Az141 Des02,500.0,1000,Az141 Des02,-18.545111,-70.1543,360,,,,,,,,F,Middle Adult,36.0,50.0,Bone,Bone collagen,,Adult,,,,38.6,12.8,3.5,-13.4,23.9,,,,,,,,,,,King et al. (2018a),https://doi.org/10.1016/j.quascirev.2017.12.009,"San Miguel de Azapa, Lower Azapa Valley",Arica y Parinacota,Lowlands
Azapa 141,Middle,Middle,Az141 T22,500.0,1000,Az141 T22,-18.545111,-70.1543,360,,,,,,,,M,Middle Adult,36.0,50.0,Bone,Bone collagen,,Adult,,,15.7,37.4,13.5,3.2,-12.2,14.6,,,,,,,,,,,King et al. (2018a),https://doi.org/10.1016/j.quascirev.2017.12.009,"San Miguel de Azapa, Lower Azapa Valley",Arica y Parinacota,Lowlands
Azapa 141,Middle,Middle,Az141 T23,500.0,1000,Az141 T23,-18.545111,-70.1543,360,,,,,,,,und,und,36.0,50.0,Bone,Bone collagen,,und,,,10.7,44.1,14.4,3.6,-11.3,18.2,,,,,,,,,,,King et al. (2018a),https://doi.org/10.1016/j.quascirev.2017.12.009,"San Miguel de Azapa, Lower Azapa Valley",Arica y Parinacota,Lowlands
Azapa 141,Middle,Middle,Az141 T33,500.0,1000,Az141 T33,-18.545111,-70.1543,360,,,,,,,,M,Old Adult,50.0,,Bone,Bone collagen,,Adult,,,20.7,33.2,12.0,3.2,-12.3,11.7,,,,,,,,,,,King et al. (2018a),https://doi.org/10.1016/j.quascirev.2017.12.009,"San Miguel de Azapa, Lower Azapa Valley",Arica y Parinacota,Lowlands
Azapa 141,Middle,Middle,Az141 T52,500.0,1000,Az141 T52,-18.545111,-70.1543,360,,,,,,,,M,Middle Adult,36.0,50.0,Bone,Bone collagen,,Adult,,,15.1,41.1,14.3,3.4,-11.3,19.2,,,,,,,,,,,King et al. (2018a),https://doi.org/10.1016/j.quascirev.2017.12.009,"San Miguel de Azapa, Lower Azapa Valley",Arica y Parinacota,Lowlands
Azapa 141,Middle,Middle,Az141 T4c2,500.0,1000,Az141 T4c2,-18.545111,-70.1543,360,,,,,,,,und,Infant-2,4.0,4.0,Tooth,Dentin collagen,dm1 (section 1),Fetus,,-0.2,,41.8,14.7,3.3,-11.9,11.2,,,,,,,,,,,King et al. (2018b),http://dx.doi.org/10.4067/S0717-73562018005000802,"San Miguel de Azapa, Lower Azapa Valley",Arica y Parinacota,Lowlands
Azapa 141,Middle,Middle,Az141 T4c2,500.0,1000,Az141 T4c2,-18.545111,-70.1543,360,,,,,,,,und,Infant-2,4.0,4.0,Tooth,Dentin collagen,dm1 (section 2),Fetus/Infant-1,-0.2,0.1,,42.3,14.7,3.4,-13.2,11.8,,,,,,,,,,,King et al. (2018b),http://dx.doi.org/10.4067/S0717-73562018005000802,"San Miguel de Azapa, Lower Azapa Valley",Arica y Parinacota,Lowlands
Azapa 141,Middle,Middle,Az141 T4c2,500.0,1000,Az141 T4c2,-18.545111,-70.1543,360,,,,,,,,und,Infant-2,4.0,4.0,Tooth,Dentin collagen,dm1 (section 3),Infant-1,0.1,0.4,,42.2,14.6,3.4,-12.9,11.6,,,,,,,,,,,King et al. (2018b),http://dx.doi.org/10.4067/S0717-73562018005000802,"San Miguel de Azapa, Lower Azapa Valley",Arica y Parinacota,Lowlands
Azapa 141,Middle,Middle,Az141 T4c2,500.0,1000,Az141 T4c2,-18.545111,-70.1543,360,,,,,,,,und,Infant-2,4.0,4.0,Tooth,Dentin collagen,dm1 (section 4),Infant-1,0.4,0.7,,41.7,14.7,3.3,-12.9,11.8,,,,,,,,,,,King et al. (2018b),http://dx.doi.org/10.4067/S0717-73562018005000802,"San Miguel de Azapa, Lower Azapa Valley",Arica y Parinacota,Lowlands
Azapa 141,Middle,Middle,Az141 T4c2,500.0,1000,Az141 T4c2,-18.545111,-70.1543,360,,,,,,,,und,Infant-2,4.0,4.0,Tooth,Dentin collagen,dm1 (section 5),Infant-1,0.7,0.9,,42.1,14.8,3.3,-12.1,13.4,,,,,,,,,,,King et al. (2018b),http://dx.doi.org/10.4067/S0717-73562018005000802,"San Miguel de Azapa, Lower Azapa Valley",Arica y Parinacota,Lowlands
Azapa 141,Middle,Middle,Az141 T4c2,500.0,1000,Az141 T4c2,-18.545111,-70.1543,360,,,,,,,,und,Infant-2,4.0,4.0,Tooth,Dentin collagen,dm1 (section 6),Infant-1/Infant-2,0.9,1.2,,42.1,14.8,3.3,-12.0,12.6,,,,,,,,,,,King et al. (2018b),http://dx.doi.org/10.4067/S0717-73562018005000802,"San Miguel de Azapa, Lower Azapa Valley",Arica y Parinacota,Lowlands
Azapa 141,Middle,Middle,Az141 T4c2,500.0,1000,Az141 T4c2,-18.545111,-70.1543,360,,,,,,,,und,Infant-2,4.0,4.0,Tooth,Dentin collagen,dm1 (section 7),Infant-2,1.2,1.5,,42.1,14.9,3.3,-11.8,12.6,,,,,,,,,,,King et al. (2018b),http://dx.doi.org/10.4067/S0717-73562018005000802,"San Miguel de Azapa, Lower Azapa Valley",Arica y Parinacota,Lowlands
Azapa 141,Middle,Middle,Az141 T4c2,500.0,1000,Az141 T4c2,-18.545111,-70.1543,360,,,,,,,,und,Infant-2,4.0,4.0,Tooth,Dentin collagen,dm1 (section 8),Infant-2,1.5,1.8,,41.0,14.6,3.3,-12.6,12.0,,,,,,,,,,,King et al. (2018b),http://dx.doi.org/10.4067/S0717-73562018005000802,"San Miguel de Azapa, Lower Azapa Valley",Arica y Parinacota,Lowlands
Azapa 141,Middle,Middle,Az141 T4c2,500.0,1000,Az141 T4c2,-18.545111,-70.1543,360,,,,,,,,und,Infant-2,4.0,4.0,Tooth,Dentin collagen,dm1 (section 9),Infant-2,1.8,2.1,,41.7,14.9,3.3,-12.7,11.4,,,,,,,,,,,King et al. (2018b),http://dx.doi.org/10.4067/S0717-73562018005000802,"San Miguel de Azapa, Lower Azapa Valley",Arica y Parinacota,Lowlands
Azapa 141,Middle,Middle,Az141 T4c2,500.0,1000,Az141 T4c2,-18.545111,-70.1543,360,,,,,,,,und,Infant-2,4.0,4.0,Tooth,Dentin collagen,dm1 (section 10),Infant-2,2.1,2.4,,42.1,15.0,3.3,-11.9,11.5,,,,,,,,,,,King et al. (2018b),http://dx.doi.org/10.4067/S0717-73562018005000802,"San Miguel de Azapa, Lower Azapa Valley",Arica y Parinacota,Lowlands
Azapa 141,Middle,Middle,Az141 T4c2,500.0,1000,Az141 T4c2,-18.545111,-70.1543,360,,,,,,,,und,Infant-2,4.0,4.0,Tooth,Dentin collagen,dm1 (section 11),Infant-2,2.4,2.6,,42.0,14.9,3.3,-11.4,11.5,,,,,,,,,,,King et al. (2018b),http://dx.doi.org/10.4067/S0717-73562018005000802,"San Miguel de Azapa, Lower Azapa Valley",Arica y Parinacota,Lowlands
Azapa 141,Middle,Middle,Az141 T4c2,500.0,1000,Az141 T4c2,-18.545111,-70.1543,360,,,,,,,,und,Infant-2,4.0,4.0,Tooth,Dentin collagen,dm1 (section 12),Infant-2,2.6,2.9,,41.7,14.8,3.3,-12.7,11.4,,,,,,,,,,,King et al. (2018b),http://dx.doi.org/10.4067/S0717-73562018005000802,"San Miguel de Azapa, Lower Azapa Valley",Arica y Parinacota,Lowlands
Azapa 141,Middle,Middle,Az141 T4c2,500.0,1000,Az141 T4c2,-18.545111,-70.1543,360,,,,,,,,und,Infant-2,4.0,4.0,Tooth,Dentin collagen,dm1 (section 13),Infant-2,2.9,3.2,,42.2,14.9,3.3,-13.9,10.0,,,,,,,,,,,King et al. (2018b),http://dx.doi.org/10.4067/S0717-73562018005000802,"San Miguel de Azapa, Lower Azapa Valley",Arica y Parinacota,Lowlands
Azapa 141,Middle,Middle,Az141 T4c2,500.0,1000,Az141 T4c2,-18.545111,-70.1543,360,,,,,,,,und,Infant-2,4.0,4.0,Tooth,Dentin collagen,dm1 (section 14),Infant-2,3.2,3.5,,42.5,14.8,3.4,-12.1,9.1,,,,,,,,,,,King et al. (2018b),http://dx.doi.org/10.4067/S0717-73562018005000802,"San Miguel de Azapa, Lower Azapa Valley",Arica y Parinacota,Lowlands
Azapa 141,Middle,Middle,Az141 T4c3,500.0,1000,Az141 T4c3,-18.545111,-70.1543,360,,,,,,,,und,Child-1,7.0,7.0,Tooth,Dentin collagen,dm2 (section 1),Fetus,,-0.2,,42.1,15.1,3.3,-14.0,11.5,,,,,,,,,,,King et al. (2018b),http://dx.doi.org/10.4067/S0717-73562018005000802,"San Miguel de Azapa, Lower Azapa Valley",Arica y Parinacota,Lowlands
Azapa 141,Middle,Middle,Az141 T4c3,500.0,1000,Az141 T4c3,-18.545111,-70.1543,360,,,,,,,,und,Child-1,7.0,7.0,Tooth,Dentin collagen,dm2 (section 2),Fetus/Infant-1,-0.2,0.1,,42.5,15.0,3.3,-13.7,11.9,,,,,,,,,,,King et al. (2018b),http://dx.doi.org/10.4067/S0717-73562018005000802,"San Miguel de Azapa, Lower Azapa Valley",Arica y Parinacota,Lowlands
Azapa 141,Middle,Middle,Az141 T4c3,500.0,1000,Az141 T4c3,-18.545111,-70.1543,360,,,,,,,,und,Child-1,7.0,7.0,Tooth,Dentin collagen,dm2 (section 3),Infant-1,0.1,0.3,,42.7,15.2,3.3,-13.4,12.0,,,,,,,,,,,King et al. (2018b),http://dx.doi.org/10.4067/S0717-73562018005000802,"San Miguel de Azapa, Lower Azapa Valley",Arica y Parinacota,Lowlands
Azapa 141,Middle,Middle,Az141 T4c3,500.0,1000,Az141 T4c3,-18.545111,-70.1543,360,,,,,,,,und,Child-1,7.0,7.0,Tooth,Dentin collagen,dm2 (section 4),Infant-1,0.3,0.6,,41.9,14.8,3.3,-13.4,12.2,,,,,,,,,,,King et al. (2018b),http://dx.doi.org/10.4067/S0717-73562018005000802,"San Miguel de Azapa, Lower Azapa Valley",Arica y Parinacota,Lowlands
Azapa 141,Middle,Middle,Az141 T4c3,500.0,1000,Az141 T4c3,-18.545111,-70.1543,360,,,,,,,,und,Child-1,7.0,7.0,Tooth,Dentin collagen,dm2 (section 5),Infant-1,0.6,0.9,,41.8,14.9,3.3,-13.2,12.4,,,,,,,,,,,King et al. (2018b),http://dx.doi.org/10.4067/S0717-73562018005000802,"San Miguel de Azapa, Lower Azapa Valley",Arica y Parinacota,Lowlands
Azapa 141,Middle,Middle,Az141 T4c3,500.0,1000,Az141 T4c3,-18.545111,-70.1543,360,,,,,,,,und,Child-1,7.0,7.0,Tooth,Dentin collagen,dm2 (section 6),Infant-1/Infant-2,0.9,1.1,,42.6,14.7,3.4,-14.0,12.4,,,,,,,,,,,King et al. (2018b),http://dx.doi.org/10.4067/S0717-73562018005000802,"San Miguel de Azapa, Lower Azapa Valley",Arica y Parinacota,Lowlands
Azapa 141,Middle,Middle,Az141 T4c3,500.0,1000,Az141 T4c3,-18.545111,-70.1543,360,,,,,,,,und,Child-1,7.0,7.0,Tooth,Dentin collagen,dm2 (section 7),Infant-2,1.1,1.4,,44.5,13.8,3.8,-15.2,11.7,,,,,,,,,,,King et al. (2018b),http://dx.doi.org/10.4067/S0717-73562018005000802,"San Miguel de Azapa, Lower Azapa Valley",Arica y Parinacota,Lowlands
Azapa 141,Middle,Middle,Az141 T4c3,500.0,1000,Az141 T4c3,-18.545111,-70.1543,360,,,,,,,,und,Child-1,7.0,7.0,Tooth,Dentin collagen,dm2 (section 8),Infant-2,1.4,1.7,,42.3,14.7,3.4,-14.4,11.5,,,,,,,,,,,King et al. (2018b),http://dx.doi.org/10.4067/S0717-73562018005000802,"San Miguel de Azapa, Lower Azapa Valley",Arica y Parinacota,Lowlands
Azapa 141,Middle,Middle,Az141 T4c3,500.0,1000,Az141 T4c3,-18.545111,-70.1543,360,,,,,,,,und,Child-1,7.0,7.0,Tooth,Dentin collagen,dm2 (section 9),Infant-2,1.7,1.9,,42.6,15.0,3.3,-14.2,11.8,,,,,,,,,,,King et al. (2018b),http://dx.doi.org/10.4067/S0717-73562018005000802,"San Miguel de Azapa, Lower Azapa Valley",Arica y Parinacota,Lowlands
Azapa 141,Middle,Middle,Az141 T4c3,500.0,1000,Az141 T4c3,-18.545111,-70.1543,360,,,,,,,,und,Child-1,7.0,7.0,Tooth,Dentin collagen,dm2 (section 10),Infant-2,1.9,2.2,,42.1,14.8,3.3,-14.4,11.4,,,,,,,,,,,King et al. (2018b),http://dx.doi.org/10.4067/S0717-73562018005000802,"San Miguel de Azapa, Lower Azapa Valley",Arica y Parinacota,Lowlands
Azapa 141,Middle,Middle,Az141 T4c3,500.0,1000,Az141 T4c3,-18.545111,-70.1543,360,,,,,,,,und,Child-1,7.0,7.0,Tooth,Dentin collagen,dm2 (section 11),Infant-2,2.2,2.4,,42.0,14.8,3.3,-14.4,11.4,,,,,,,,,,,King et al. (2018b),http://dx.doi.org/10.4067/S0717-73562018005000802,"San Miguel de Azapa, Lower Azapa Valley",Arica y Parinacota,Lowlands
Azapa 141,Middle,Middle,Az141 T4c3,500.0,1000,Az141 T4c3,-18.545111,-70.1543,360,,,,,,,,und,Child-1,7.0,7.0,Tooth,Dentin collagen,dm2 (section 12),Infant-2,2.4,2.7,,41.3,14.5,3.3,-14.8,11.1,,,,,,,,,,,King et al. (2018b),http://dx.doi.org/10.4067/S0717-73562018005000802,"San Miguel de Azapa, Lower Azapa Valley",Arica y Parinacota,Lowlands
Azapa 141,Middle,Middle,Az141 T4c3,500.0,1000,Az141 T4c3,-18.545111,-70.1543,360,,,,,,,,und,Child-1,7.0,7.0,Tooth,Dentin collagen,dm2 (section 13),Infant-2,2.7,3.0,,42.0,14.7,3.3,-14.4,11.0,,,,,,,,,,,King et al. (2018b),http://dx.doi.org/10.4067/S0717-73562018005000802,"San Miguel de Azapa, Lower Azapa Valley",Arica y Parinacota,Lowlands
Azapa 141,Middle,Middle,Az141 T8,500.0,1000,Az141 T8,-18.545111,-70.1543,360,,,,,,,,und,Child-1,7.0,7.0,Tooth,Dentin collagen,dm1 (section 1),Fetus,,-0.2,,41.9,14.8,3.3,-16.0,23.2,,,,,,,,,,,King et al. (2018b),http://dx.doi.org/10.4067/S0717-73562018005000802,"San Miguel de Azapa, Lower Azapa Valley",Arica y Parinacota,Lowlands
Azapa 141,Middle,Middle,Az141 T8,500.0,1000,Az141 T8,-18.545111,-70.1543,360,,,,,,,,und,Child-1,7.0,7.0,Tooth,Dentin collagen,dm1 (section 2),Fetus/Infant-1,-0.2,0.1,,42.3,14.8,3.3,-16.4,21.8,,,,,,,,,,,King et al. (2018b),http://dx.doi.org/10.4067/S0717-73562018005000802,"San Miguel de Azapa, Lower Azapa Valley",Arica y Parinacota,Lowlands
Azapa 141,Middle,Middle,Az141 T8,500.0,1000,Az141 T8,-18.545111,-70.1543,360,,,,,,,,und,Child-1,7.0,7.0,Tooth,Dentin collagen,dm1 (section 3),Infant-1,0.1,0.3,,40.8,14.2,3.3,-16.2,21.8,,,,,,,,,,,King et al. (2018b),http://dx.doi.org/10.4067/S0717-73562018005000802,"San Miguel de Azapa, Lower Azapa Valley",Arica y Parinacota,Lowlands
Azapa 141,Middle,Middle,Az141 T8,500.0,1000,Az141 T8,-18.545111,-70.1543,360,,,,,,,,und,Child-1,7.0,7.0,Tooth,Dentin collagen,dm1 (section 4),Infant-1,0.3,0.6,,42.2,14.6,3.4,-15.9,21.6,,,,,,,,,,,King et al. (2018b),http://dx.doi.org/10.4067/S0717-73562018005000802,"San Miguel de Azapa, Lower Azapa Valley",Arica y Parinacota,Lowlands
Azapa 141,Middle,Middle,Az141 T8,500.0,1000,Az141 T8,-18.545111,-70.1543,360,,,,,,,,und,Child-1,7.0,7.0,Tooth,Dentin collagen,dm1 (section 5),Infant-1,0.6,0.9,,41.7,14.8,3.3,-15.7,21.1,,,,,,,,,,,King et al. (2018b),http://dx.doi.org/10.4067/S0717-73562018005000802,"San Miguel de Azapa, Lower Azapa Valley",Arica y Parinacota,Lowlands
Azapa 141,Middle,Middle,Az141 T8,500.0,1000,Az141 T8,-18.545111,-70.1543,360,,,,,,,,und,Child-1,7.0,7.0,Tooth,Dentin collagen,dm1 (section 6),Infant-1/Infant-2,0.9,1.1,,42.4,15.1,3.3,-15.8,20.8,,,,,,,,,,,King et al. (2018b),http://dx.doi.org/10.4067/S0717-73562018005000802,"San Miguel de Azapa, Lower Azapa Valley",Arica y Parinacota,Lowlands
Azapa 141,Middle,Middle,Az141 T8,500.0,1000,Az141 T8,-18.545111,-70.1543,360,,,,,,,,und,Child-1,7.0,7.0,Tooth,Dentin collagen,dm1 (section 7),Infant-2,1.1,1.4,,41.2,14.8,3.3,-15.8,20.4,,,,,,,,,,,King et al. (2018b),http://dx.doi.org/10.4067/S0717-73562018005000802,"San Miguel de Azapa, Lower Azapa Valley",Arica y Parinacota,Lowlands
Azapa 141,Middle,Middle,Az141 T8,500.0,1000,Az141 T8,-18.545111,-70.1543,360,,,,,,,,und,Child-1,7.0,7.0,Tooth,Dentin collagen,dm1 (section 8),Infant-2,1.4,1.7,,41.1,14.7,3.3,-15.9,20.4,,,,,,,,,,,King et al. (2018b),http://dx.doi.org/10.4067/S0717-73562018005000802,"San Miguel de Azapa, Lower Azapa Valley",Arica y Parinacota,Lowlands
Azapa 141,Middle,Middle,Az141 T8,500.0,1000,Az141 T8,-18.545111,-70.1543,360,,,,,,,,und,Child-1,7.0,7.0,Tooth,Dentin collagen,dm1 (section 9),Infant-2,1.7,1.9,,39.8,14.1,3.3,-16.2,20.2,,,,,,,,,,,King et al. (2018b),http://dx.doi.org/10.4067/S0717-73562018005000802,"San Miguel de Azapa, Lower Azapa Valley",Arica y Parinacota,Lowlands
Azapa 141,Middle,Middle,Az141 T8,500.0,1000,Az141 T8,-18.545111,-70.1543,360,,,,,,,,und,Child-1,7.0,7.0,Tooth,Dentin collagen,dm1 (section 10),Infant-2,1.9,2.2,,40.0,14.2,3.3,-16.0,20.0,,,,,,,,,,,King et al. (2018b),http://dx.doi.org/10.4067/S0717-73562018005000802,"San Miguel de Azapa, Lower Azapa Valley",Arica y Parinacota,Lowlands
Azapa 141,Middle,Middle,Az141 T8,500.0,1000,Az141 T8,-18.545111,-70.1543,360,,,,,,,,und,Child-1,7.0,7.0,Tooth,Dentin collagen,dm1 (section 11),Infant-2,2.2,2.4,,41.2,14.6,3.3,-15.9,20.0,,,,,,,,,,,King et al. (2018b),http://dx.doi.org/10.4067/S0717-73562018005000802,"San Miguel de Azapa, Lower Azapa Valley",Arica y Parinacota,Lowlands
Azapa 141,Middle,Middle,Az141 T8,500.0,1000,Az141 T8,-18.545111,-70.1543,360,,,,,,,,und,Child-1,7.0,7.0,Tooth,Dentin collagen,dm1 (section 12),Infant-2,2.4,2.7,,42.2,14.9,3.3,-15.6,20.6,,,,,,,,,,,King et al. (2018b),http://dx.doi.org/10.4067/S0717-73562018005000802,"San Miguel de Azapa, Lower Azapa Valley",Arica y Parinacota,Lowlands
Azapa 141,Middle,Middle,Az141 T8,500.0,1000,Az141 T8,-18.545111,-70.1543,360,,,,,,,,und,Child-1,7.0,7.0,Tooth,Dentin collagen,dm1 (section 13),Infant-2,2.7,3.0,,42.0,14.8,3.3,-15.6,21.1,,,,,,,,,,,King et al. (2018b),http://dx.doi.org/10.4067/S0717-73562018005000802,"San Miguel de Azapa, Lower Azapa Valley",Arica y Parinacota,Lowlands
Azapa 141,Middle,Middle,Az141 T8,500.0,1000,Az141 T8,-18.545111,-70.1543,360,,,,,,,,und,Child-1,7.0,7.0,Tooth,Dentin collagen,dm1 (section 14),Infant-2,3.0,3.2,,42.3,14.8,3.3,-16.5,20.8,,,,,,,,,,,King et al. (2018b),http://dx.doi.org/10.4067/S0717-73562018005000802,"San Miguel de Azapa, Lower Azapa Valley",Arica y Parinacota,Lowlands
Azapa 141,Middle,Middle,Az141 T8,500.0,1000,Az141 T8,-18.545111,-70.1543,360,,,,,,,,und,Child-1,7.0,7.0,Tooth,Dentin collagen,dm1 (section 15),Infant-2,3.2,3.5,,73.9,3.9,22.0,-27.6,17.8,,,,,,,,,,,King et al. (2018b),http://dx.doi.org/10.4067/S0717-73562018005000802,"San Miguel de Azapa, Lower Azapa Valley",Arica y Parinacota,Lowlands
Azapa 6,Middle,Middle,T-26 H 1/2 Mandible,500.0,900,T-26 H 1/2 Mandible,-18.5222,-70.1543,360,,,,,,,,,,,,Dental calculus,,Mand I1 & I2,,,,,11.3,1.5,7.5,-17.6,24.4,,,,,,,,,,,Poulson et al. (2013),https://doi.org/10.1016/j.jas.2013.07.009,"San Miguel de Azapa, Lower Azapa Valley",Arica y Parinacota,Lowlands
Azapa 6,Middle,Middle,T-26 H 1/2 Mandible,500.0,900,T-26 H 1/2 Mandible,-18.5222,-70.1543,360,,,,,,,,,,,,Dental calculus,,Mand LPm &M1,,,,,7.6,1.1,6.8,-17.3,22.4,,,,,,,,,,,Poulson et al. (2013),https://doi.org/10.1016/j.jas.2013.07.009,"San Miguel de Azapa, Lower Azapa Valley",Arica y Parinacota,Lowlands
Azapa 6,Middle,Middle,T-30 I 1/2 Mandible,500.0,900,T-30 I 1/2 Mandible,-18.5222,-70.1543,360,,,,,,,,,,,,Dental calculus,,Mand LM1 & LM2,,,,,6.0,1.1,5.7,-14.6,24.9,,,,,,,,,,,Poulson et al. (2013),https://doi.org/10.1016/j.jas.2013.07.009,"San Miguel de Azapa, Lower Azapa Valley",Arica y Parinacota,Lowlands
Azapa 6,Middle,Middle,T-93 Mandible,500.0,900,T-93 Mandible,-18.5222,-70.1543,360,,,,,,,,,,,,Dental calculus,,Mand LM1,,,,,37.2,2.4,15.4,,24.1,,,,,,,,,,,Poulson et al. (2013),https://doi.org/10.1016/j.jas.2013.07.009,"San Miguel de Azapa, Lower Azapa Valley",Arica y Parinacota,Lowlands
Azapa 6,Middle,Middle,T-126 Z 2/4 Maxillla,500.0,900,T-126 Z 2/4 Maxillla,-18.5222,-70.1543,360,,,,,,,,,,,,Dental calculus,,Max LM1,,,,,16.3,1.4,11.4,-18.1,22.4,,,,,,,,,,,Poulson et al. (2013),https://doi.org/10.1016/j.jas.2013.07.009,"San Miguel de Azapa, Lower Azapa Valley",Arica y Parinacota,Lowlands
Azapa 6,Middle,Middle,T-127 Z 3/1 Mandible,500.0,900,T-127 Z 3/1 Mandible,-18.5222,-70.1543,360,,,,,,,,,,,,Dental calculus,,Max RM1 & RM2,,,,,11.5,1.5,7.6,-18.4,19.6,,,,,,,,,,,Poulson et al. (2013),https://doi.org/10.1016/j.jas.2013.07.009,"San Miguel de Azapa, Lower Azapa Valley",Arica y Parinacota,Lowlands
Azapa 6,Middle,Middle,T-127 Z 3/1 Maxillla,500.0,900,T-127 Z 3/1 Maxillla,-18.5222,-70.1543,360,,,,,,,,,,,,Dental calculus,,Max M2,,,,,12.5,1.3,9.4,-19.4,19.0,,,,,,,,,,,Poulson et al. (2013),https://doi.org/10.1016/j.jas.2013.07.009,"San Miguel de Azapa, Lower Azapa Valley",Arica y Parinacota,Lowlands
Azapa 6,Middle,Middle,MC A3 Maxillla,500.0,900,MC A3 Maxillla,-18.5222,-70.1543,360,,,,,,,,,,,,Dental calculus,,Max M1,,,,,12.6,1.6,7.8,-15.6,26.6,,,,,,,,,,,Poulson et al. (2013),https://doi.org/10.1016/j.jas.2013.07.009,"San Miguel de Azapa, Lower Azapa Valley",Arica y Parinacota,Lowlands
Azapa 6,Middle,Middle,Resc. 01 Mandible,500.0,900,Resc. 01 Mandible,-18.5222,-70.1543,360,,,,,,,,,,,,Dental calculus,,Max RM1. RM2. RM3,,,,,10.5,1.7,6.1,-17.3,18.8,,,,,,,,,,,Poulson et al. (2013),https://doi.org/10.1016/j.jas.2013.07.009,"San Miguel de Azapa, Lower Azapa Valley",Arica y Parinacota,Lowlands
Azapa 6,Middle,Middle,T-183 Mandible,500.0,900,T-183 Mandible,-18.5222,-70.1543,360,,,,,,,,,,,,Dental calculus,,Mand I1 & I2,,,,,10.9,1.4,8.0,-17.4,20.1,,,,,,,,,,,Poulson et al. (2013),https://doi.org/10.1016/j.jas.2013.07.009,"San Miguel de Azapa, Lower Azapa Valley",Arica y Parinacota,Lowlands
Azapa 6,Middle,Middle,T-183 Mandible,500.0,900,T-183 Mandible,-18.5222,-70.1543,360,,,,,,,,,,,,Dental calculus,,Mand RM & LM,,,,,11.0,1.2,9.0,-18.3,21.8,,,,,,,,,,,Poulson et al. (2013),https://doi.org/10.1016/j.jas.2013.07.009,"San Miguel de Azapa, Lower Azapa Valley",Arica y Parinacota,Lowlands
Azapa 6,Middle,Middle,Az6 T19,500.0,1000,Az6 T19,-18.5222,-70.1543,360,,,,,,,,F,Young Adult,21.0,35.0,Bone,Bone collagen,,Adult,,,16.6,42.1,14.7,3.3,-10.2,25.7,,,,,,,,,,,King et al. (2018a),https://doi.org/10.1016/j.quascirev.2017.12.009,"San Miguel de Azapa, Lower Azapa Valley",Arica y Parinacota,Lowlands
Azapa 6,Middle,Middle,Az6 T36 J2/1,500.0,1000,Az6 T36 J2/1,-18.5222,-70.1543,360,,,,,,,,M,Young Adult,21.0,35.0,Bone,Bone collagen,,Adult,,,22.3,40.9,14.2,3.4,-11.2,21.1,,,,,,,,,,,King et al. (2018a),https://doi.org/10.1016/j.quascirev.2017.12.009,"San Miguel de Azapa, Lower Azapa Valley",Arica y Parinacota,Lowlands
Azapa 6,Middle,Middle,Az6 T41b,500.0,1000,Az6 T41b,-18.5222,-70.1543,360,,,,,,,,M,Middle Adult,36.0,50.0,Bone,Bone collagen,,Adult,,,22.0,42.7,14.9,3.3,-11.4,20.4,,,,,,,,,,,King et al. (2018a),https://doi.org/10.1016/j.quascirev.2017.12.009,"San Miguel de Azapa, Lower Azapa Valley",Arica y Parinacota,Lowlands
Azapa 6,Middle,Middle,Az6 T71 M5/2,500.0,1000,Az6 T71 M5/2,-18.5222,-70.1543,360,,,,,,,,M,Young Adult,21.0,35.0,Bone,Bone collagen,,Adult,,,20.2,43.0,14.8,3.4,-11.4,15.9,,,,,,,,,,,King et al. (2018a),https://doi.org/10.1016/j.quascirev.2017.12.009,"San Miguel de Azapa, Lower Azapa Valley",Arica y Parinacota,Lowlands
Azapa 6,Middle,Middle,Az6 T116 R3/2,500.0,1000,Az6 T116 R3/2,-18.5222,-70.1543,360,,,,,,,,M,Middle Adult,36.0,50.0,Bone,Bone collagen,,Adult,,,15.3,42.0,14.6,3.4,-11.1,21.6,,,,,,,,,,,King et al. (2018a),https://doi.org/10.1016/j.quascirev.2017.12.009,"San Miguel de Azapa, Lower Azapa Valley",Arica y Parinacota,Lowlands
Azapa 71,Middle,Middle,Az71-171b,400.0,1000,Az71-171b,-18.518711,-70.172905,296,,,,,,,,und,Subadult,,,Bone,Bone collagen,Metacarpal,Subadult,,,23.5,41.0,14.0,2.9,-12.6,20.6,,,,,,,,,,,Petruzzelli et al. (2012),https://www.researchgate.net/publication/267827070_Stable_carbon_and_nitrogen_isotopic_analysis_of_skeletal_remains_from_Azapa_71_and_Pica-8_Northern_Chile_an_assessment_of_humand_diet_and_landscape_use_in_the_Late_Holocene,"San Miguel de Azapa, Lower Azapa Valley",Arica y Parinacota,Lowlands
Azapa 71,Middle,Middle,Az71-177,400.0,1000,Az71-177,-18.518711,-70.172905,296,,,,,,,,und,Subadult,,,Bone,Bone collagen,Phalange,Subadult,,,26.7,44.6,13.9,3.2,-13.7,22.9,,,,,,,,,,,Petruzzelli et al. (2012),https://www.researchgate.net/publication/267827070_Stable_carbon_and_nitrogen_isotopic_analysis_of_skeletal_remains_from_Azapa_71_and_Pica-8_Northern_Chile_an_assessment_of_humand_diet_and_landscape_use_in_the_Late_Holocene,"San Miguel de Azapa, Lower Azapa Valley",Arica y Parinacota,Lowlands
Azapa 71,Middle,Middle,Az71-212,400.0,1000,Az71-212,-18.518711,-70.172905,296,,,,,,,,und,Adult,,,Bone,Bone collagen,Metacarpal,Adult,,,24.4,41.9,14.2,2.9,-14.3,17.8,,,,,,,,,,,Petruzzelli et al. (2012),https://www.researchgate.net/publication/267827070_Stable_carbon_and_nitrogen_isotopic_analysis_of_skeletal_remains_from_Azapa_71_and_Pica-8_Northern_Chile_an_assessment_of_humand_diet_and_landscape_use_in_the_Late_Holocene,"San Miguel de Azapa, Lower Azapa Valley",Arica y Parinacota,Lowlands
Azapa 75,Middle,Middle,T-103,300.0,900,T-103,-18.5242323,-70.187611,280,14C,GX18255,1570.0,220.0,245.0,660.0,Mummified tissue (liver),F,Young Adult,25.0,30.0,Bone,Bone collagen,,Adult,,,27.4,37.7,12.7,3.0,-14.8,19.0,,,Bone apatite,,Adult,,,-11.3,,,Aufderheide et al. (2002),http://dx.doi.org/10.4067/S0717-73562002000200007,"Alto de Ramirez, Lower Azapa Valley",Arica y Parinacota,Lowlands
Azapa 8,Middle,Middle,Az8 T11,500.0,1000,Az8 T11,-18.5119,-70.1787,357,,,,,,,,und,Infant-2,3.0,3.0,Tooth,Dentin collagen,dm1 (section 1),Fetus,,-0.2,,45.2,15.2,3.5,-12.1,22.3,,,,,,,,,,,King et al. (2018b),http://dx.doi.org/10.4067/S0717-73562018005000802,"San Miguel de Azapa, Lower Azapa Valley",Arica y Parinacota,Lowlands
Azapa 8,Middle,Middle,Az8 T11,500.0,1000,Az8 T11,-18.5119,-70.1787,357,,,,,,,,und,Infant-2,3.0,3.0,Tooth,Dentin collagen,dm1 (section 2),Fetus/Infant-1,-0.2,0.1,,45.0,15.3,3.4,-11.5,23.1,,,,,,,,,,,King et al. (2018b),http://dx.doi.org/10.4067/S0717-73562018005000802,"San Miguel de Azapa, Lower Azapa Valley",Arica y Parinacota,Lowlands
Azapa 8,Middle,Middle,Az8 T11,500.0,1000,Az8 T11,-18.5119,-70.1787,357,,,,,,,,und,Infant-2,3.0,3.0,Tooth,Dentin collagen,dm1 (section 3),Infant-1,0.1,0.5,,41.7,15.2,3.2,-10.9,22.9,,,,,,,,,,,King et al. (2018b),http://dx.doi.org/10.4067/S0717-73562018005000802,"San Miguel de Azapa, Lower Azapa Valley",Arica y Parinacota,Lowlands
Azapa 8,Middle,Middle,Az8 T11,500.0,1000,Az8 T11,-18.5119,-70.1787,357,,,,,,,,und,Infant-2,3.0,3.0,Tooth,Dentin collagen,dm1 (section 4),Infant-1,0.5,0.8,,44.3,15.3,3.4,-11.0,22.5,,,,,,,,,,,King et al. (2018b),http://dx.doi.org/10.4067/S0717-73562018005000802,"San Miguel de Azapa, Lower Azapa Valley",Arica y Parinacota,Lowlands
Azapa 8,Middle,Middle,Az8 T11,500.0,1000,Az8 T11,-18.5119,-70.1787,357,,,,,,,,und,Infant-2,3.0,3.0,Tooth,Dentin collagen,dm1 (section 5),Infant-1/Infant-2,0.8,1.1,,44.7,15.3,3.4,-11.2,22.3,,,,,,,,,,,King et al. (2018b),http://dx.doi.org/10.4067/S0717-73562018005000802,"San Miguel de Azapa, Lower Azapa Valley",Arica y Parinacota,Lowlands
Azapa 8,Middle,Middle,Az8 T11,500.0,1000,Az8 T11,-18.5119,-70.1787,357,,,,,,,,und,Infant-2,3.0,3.0,Tooth,Dentin collagen,dm1 (section 6),Infant-2,1.1,1.5,,43.7,15.1,3.4,-11.4,22.0,,,,,,,,,,,King et al. (2018b),http://dx.doi.org/10.4067/S0717-73562018005000802,"San Miguel de Azapa, Lower Azapa Valley",Arica y Parinacota,Lowlands
Azapa 8,Middle,Middle,Az8 T11,500.0,1000,Az8 T11,-18.5119,-70.1787,357,,,,,,,,und,Infant-2,3.0,3.0,Tooth,Dentin collagen,dm1 (section 7),Infant-2,1.5,1.8,,44.2,15.2,3.4,-11.5,22.0,,,,,,,,,,,King et al. (2018b),http://dx.doi.org/10.4067/S0717-73562018005000802,"San Miguel de Azapa, Lower Azapa Valley",Arica y Parinacota,Lowlands
Azapa 8,Middle,Middle,Az8 T11,500.0,1000,Az8 T11,-18.5119,-70.1787,357,,,,,,,,und,Infant-2,3.0,3.0,Tooth,Dentin collagen,dm1 (section 8),Infant-2,1.8,2.2,,45.4,15.0,3.5,-11.6,22.0,,,,,,,,,,,King et al. (2018b),http://dx.doi.org/10.4067/S0717-73562018005000802,"San Miguel de Azapa, Lower Azapa Valley",Arica y Parinacota,Lowlands
Azapa 8,Middle,Middle,Az8 T11,500.0,1000,Az8 T11,-18.5119,-70.1787,357,,,,,,,,und,Infant-2,3.0,3.0,Tooth,Dentin collagen,dm1 (section 9),Infant-2,2.2,2.5,,44.5,14.7,3.5,-11.6,21.7,,,,,,,,,,,King et al. (2018b),http://dx.doi.org/10.4067/S0717-73562018005000802,"San Miguel de Azapa, Lower Azapa Valley",Arica y Parinacota,Lowlands
Azapa 8,Middle,Middle,Az8 T11,500.0,1000,Az8 T11,-18.5119,-70.1787,357,,,,,,,,und,Infant-2,3.0,3.0,Tooth,Dentin collagen,dm1 (section 10),Infant-2,2.5,2.8,,39.5,13.2,3.5,-11.1,22.2,,,,,,,,,,,King et al. (2018b),http://dx.doi.org/10.4067/S0717-73562018005000802,"San Miguel de Azapa, Lower Azapa Valley",Arica y Parinacota,Lowlands
Azapa 8,Middle,Middle,Az8 T11,500.0,1000,Az8 T11,-18.5119,-70.1787,357,,,,,,,,und,Infant-2,3.0,3.0,Tooth,Dentin collagen,dm1 (section 11),Infant-2,2.8,3.2,,43.7,14.7,3.5,-11.2,22.6,,,,,,,,,,,King et al. (2018b),http://dx.doi.org/10.4067/S0717-73562018005000802,"San Miguel de Azapa, Lower Azapa Valley",Arica y Parinacota,Lowlands
Calate,Middle,Middle,CH2-5-1,400.0,1000,CH2-5-1,-21.279813,-69.922223,1030,,,,,,,,,,,,Bone,Bone collagen,,,,,,,,,-15.4,12.0,,,Bone apatite,,Infant-2/Child 1,2.5,6.5,-11.6,,,Pestle et al. (2015b),http://dx.doi.org/10.4067/S0717-73562015005000013,"Cordillera de la costa, north of Loa Valley",Tarapacá,Lowlands
Caleta Buena,Middle,Middle,Caleta Buena,250.0,950,Caleta Buena,-25.4817,-70.5323,15,14C-AMS,UGAMS15973,1570.0,25.0,1525.0,803.0,Bone collagen,F,Young Adult,25.0,30.0,Bone,Bone collagen,Long bone (Femur or Tibia),Adult,,,,,,3.2,-11.4,23.8,,,Bone apatite,Long bone (Femur or Tibia),Adult,,,-8.4,,,Andrade et al. (2015),DOI: 10.2458/azu_rc.57.18448,Taltal area,Antofagasta,Coast
Casa Parroquial,Middle,Middle,CAP-0001,400.0,1000,CAP-0001,-22.911,-68.2005,2446,,,,,,,,M,Young Adult,21.0,35.0,Bone,Bone collagen,,Adult,,,,,,,-13.7,12.8,,,Bone apatite,,Adult,,,,,,Pestle et al. (2015b),http://dx.doi.org/10.4067/S0717-73562015005000013,San Pedro de Atacama Oasis,Antofagasta,Precordillera
Casa Parroquial,Middle,Middle,ACL-0045,400.0,1000,CAP-0001,-22.911,-68.2005,2446,,,,,,,,M,Young Adult,21.0,35.0,Tooth,,,,,,,,,,,,,,Enamel,Mand LPm2,Infant-2/Child 1,2.5,6.5,-7.0,-7.9,,Knudson et al. (2015),DOI: 10.1002/ajpa.22694,San Pedro de Atacama Oasis,Antofagasta,Precordillera
Casa Parroquial,Middle,Middle,ACL-0046,400.0,1000,CAP-0001,-22.911,-68.2005,2446,,,,,,,,M,Young Adult,21.0,35.0,Tooth,,,,,,,,,,,,,,Enamel,LRM1,Infant-1/Infant-2,0.4,3.5,-7.2,-5.8,,Knudson et al. (2015),DOI: 10.1002/ajpa.22694,San Pedro de Atacama Oasis,Antofagasta,Precordillera
Casa Parroquial,Middle,Middle,ACL-0047,400.0,1000,CAP-0001,-22.911,-68.2005,2446,,,,,,,,M,Young Adult,21.0,35.0,Tooth,,,,,,,,,,,,,,Enamel,LRM3,Child-2/Adolescent-1,8.5,14.0,-6.1,-6.4,,Knudson et al. (2015),DOI: 10.1002/ajpa.22694,San Pedro de Atacama Oasis,Antofagasta,Precordillera
Casa Parroquial,Middle,Middle,ACL-0049,400.0,1000,CAP-0001,-22.911,-68.2005,2446,,,,,,,,M,Young Adult,21.0,35.0,Bone,,,,,,,,,,,,,,Bone apatite,Rib,Adult,,,-6.5,-6.0,,Knudson et al. (2015),DOI: 10.1002/ajpa.22694,San Pedro de Atacama Oasis,Antofagasta,Precordillera
Casa Parroquial,Middle,Middle,CAP-0002,400.0,1000,CAP-0002,-22.911,-68.2005,2446,,,,,,,,M,Young Adult,21.0,35.0,Bone,Bone collagen,,Adult,,,,,,,-11.1,11.9,,,,,,,,,,,Pestle et al. (2015b),http://dx.doi.org/10.4067/S0717-73562015005000013,San Pedro de Atacama Oasis,Antofagasta,Precordillera
Casa Parroquial,Middle,Middle,ACL-0050,400.0,1000,CAP-0002,-22.911,-68.2005,2446,,,,,,,,M,Young Adult,21.0,35.0,Tooth,,,,,,,,,,,,,,Enamel,Mand LPm2,Infant-2/Child 1,2.5,6.5,-5.0,-9.8,,Knudson et al. (2015),DOI: 10.1002/ajpa.22694,San Pedro de Atacama Oasis,Antofagasta,Precordillera
Casa Parroquial,Middle,Middle,ACL-0051,400.0,1000,CAP-0002,-22.911,-68.2005,2446,,,,,,,,M,Young Adult,21.0,35.0,Tooth,,,,,,,,,,,,,,Enamel,Mand LM2,Infant-2/Child-1,2.5,8.0,-4.1,-8.4,,Knudson et al. (2015),DOI: 10.1002/ajpa.22694,San Pedro de Atacama Oasis,Antofagasta,Precordillera
Casa Parroquial,Middle,Middle,ACL-0052,400.0,1000,CAP-0002,-22.911,-68.2005,2446,,,,,,,,M,Young Adult,21.0,35.0,Bone,,,,,,,,,,,,,,Bone apatite,Rib,Adult,,,-7.3,-6.3,,Knudson et al. (2015),DOI: 10.1002/ajpa.22694,San Pedro de Atacama Oasis,Antofagasta,Precordillera
Casa Parroquial,Middle,Middle,ACL-0053,400.0,1000,CAP-0002,-22.911,-68.2005,2446,,,,,,,,M,Young Adult,21.0,35.0,Bone,,,,,,,,,,,,,,Bone apatite,Humerus,Adult,,,-6.9,-5.6,,Knudson et al. (2015),DOI: 10.1002/ajpa.22694,San Pedro de Atacama Oasis,Antofagasta,Precordillera
Casa Parroquial,Middle,Middle,ACL-0054,400.0,1000,CAP-0005,-22.911,-68.2005,2446,,,,,,,,und,Middle Adult,36.0,50.0,Tooth,,,,,,,,,,,,,,Enamel,Max RM1,Infant-1/Infant-2,0.4,3.5,-9.1,-9.2,,Knudson et al. (2015),DOI: 10.1002/ajpa.22694,San Pedro de Atacama Oasis,Antofagasta,Precordillera
Casa Parroquial,Middle,Middle,ACL-0056,400.0,1000,CAP-0008,-22.911,-68.2005,2446,,,,,,,,F,Young Adult,21.0,35.0,Tooth,,,,,,,,,,,,,,Enamel,Mand RM2,Infant-2/Child-1,2.5,8.0,-5.4,-4.7,,Knudson et al. (2015),DOI: 10.1002/ajpa.22694,San Pedro de Atacama Oasis,Antofagasta,Precordillera
Casa Parroquial,Middle,Middle,ACL-0057,400.0,1000,CAP-0008,-22.911,-68.2005,2446,,,,,,,,F,Young Adult,21.0,35.0,Tooth,,,,,,,,,,,,,,Enamel,Mand LC,Infant-1/Infant-2,0.9,5.5,-7.0,-5.8,,Knudson et al. (2015),DOI: 10.1002/ajpa.22694,San Pedro de Atacama Oasis,Antofagasta,Precordillera
Casa Parroquial,Middle,Middle,ACL-0058,400.0,1000,CAP-0009,-22.911,-68.2005,2446,,,,,,,,F,Young Adult,21.0,35.0,Tooth,,,,,,,,,,,,,,Enamel,Max LM1,Infant-1/Infant-2,0.4,3.5,-7.7,-8.1,,Knudson et al. (2015),DOI: 10.1002/ajpa.22694,San Pedro de Atacama Oasis,Antofagasta,Precordillera
Casa Parroquial,Middle,Middle,ACL-0059,400.0,1000,CAP-0010,-22.911,-68.2005,2446,,,,,,,,F,Young Adult,21.0,35.0,Tooth,,,,,,,,,,,,,,Enamel,Max LPm2,Infant-2/Child-1,3.5,6.5,-5.8,-5.8,,Knudson et al. (2015),DOI: 10.1002/ajpa.22694,San Pedro de Atacama Oasis,Antofagasta,Precordillera
Casa Parroquial,Middle,Middle,ACL-0060,400.0,1000,CAP-0010,-22.911,-68.2005,2446,,,,,,,,F,Young Adult,21.0,35.0,Tooth,,,,,,,,,,,,,,Enamel,Max LM1,Infant-1/Infant-2,0.4,3.5,-7.8,-6.7,,Knudson et al. (2015),DOI: 10.1002/ajpa.22694,San Pedro de Atacama Oasis,Antofagasta,Precordillera
Casa Parroquial,Middle,Middle,ACL-0061,400.0,1000,CAP-0010,-22.911,-68.2005,2446,,,,,,,,F,Young Adult,21.0,35.0,Tooth,,,,,,,,,,,,,,Enamel,Max RM2,Infant-2/Child-1,2.5,8.0,-5.7,-6.1,,Knudson et al. (2015),DOI: 10.1002/ajpa.22694,San Pedro de Atacama Oasis,Antofagasta,Precordillera
Casa Parroquial,Middle,Middle,ACL-0062,400.0,1000,CAP-0010,-22.911,-68.2005,2446,,,,,,,,F,Young Adult,21.0,35.0,Tooth,,,,,,,,,,,,,,Enamel,Mand RM3,Child-2/Adolescent-1,8.5,14.0,-5.9,-6.2,,Knudson et al. (2015),DOI: 10.1002/ajpa.22694,San Pedro de Atacama Oasis,Antofagasta,Precordillera
Casa Parroquial,Middle,Middle,CAP-0011,400.0,1000,CAP-0011,-22.911,-68.2005,2446,,,,,,,,M,Adult,,,Bone,Bone collagen,,Adult,,,,,,,-11.2,12.6,,,,,,,,,,,Pestle et al. (2015b),http://dx.doi.org/10.4067/S0717-73562015005000013,San Pedro de Atacama Oasis,Antofagasta,Precordillera
Casa Parroquial,Middle,Middle,ACL-0063,400.0,1000,CAP-0011,-22.911,-68.2005,2446,,,,,,,,M,Adult,,,Tooth,,,,,,,,,,,,,,Enamel,Mand RM1,Infant-1/Infant-2,0.4,3.5,-5.4,-3.0,,Knudson et al. (2015),DOI: 10.1002/ajpa.22694,San Pedro de Atacama Oasis,Antofagasta,Precordillera
Casa Parroquial,Middle,Middle,ACL-0064,400.0,1000,CAP-0011,-22.911,-68.2005,2446,,,,,,,,M,Adult,,,Tooth,,,,,,,,,,,,,,Enamel,Mand RM2,Infant-2/Child-1,2.5,8.0,-6.2,-6.7,,Knudson et al. (2015),DOI: 10.1002/ajpa.22694,San Pedro de Atacama Oasis,Antofagasta,Precordillera
Casa Parroquial,Middle,Middle,ACL-0065,400.0,1000,CAP-0011,-22.911,-68.2005,2446,,,,,,,,M,Adult,,,Tooth,,,,,,,,,,,,,,Enamel,Mand LM3,Child-2/Adolescent-1,8.5,14.0,-6.4,-6.8,,Knudson et al. (2015),DOI: 10.1002/ajpa.22694,San Pedro de Atacama Oasis,Antofagasta,Precordillera
Casa Parroquial,Middle,Middle,ACL-0066,400.0,1000,CAP-0011,-22.911,-68.2005,2446,,,,,,,,M,Adult,,,Bone,,,,,,,,,,,,,,Bone apatite,Rib,Adult,,,-6.1,-7.7,,Knudson et al. (2015),DOI: 10.1002/ajpa.22694,San Pedro de Atacama Oasis,Antofagasta,Precordillera
Casa Parroquial,Middle,Middle,ACL-0067,400.0,1000,CAP-0011,-22.911,-68.2005,2446,,,,,,,,M,Adult,,,Bone,,,,,,,,,,,,,,Bone apatite,Femur,Adult,,,-5.6,-6.5,,Knudson et al. (2015),DOI: 10.1002/ajpa.22694,San Pedro de Atacama Oasis,Antofagasta,Precordillera
Casa Parroquial,Middle,Middle,ACL-0068,400.0,1000,CAP-0012,-22.911,-68.2005,2446,,,,,,,,und,Subadult,,,Tooth,,,,,,,,,,,,,,Enamel,Mand LM2,Infant-2/Child-1,2.5,8.0,-8.9,-5.2,,Knudson et al. (2015),DOI: 10.1002/ajpa.22694,San Pedro de Atacama Oasis,Antofagasta,Precordillera
Casa Parroquial,Middle,Middle,ACL-0069,400.0,1000,CAP-0014,-22.911,-68.2005,2446,,,,,,,,F,Adult,,,Tooth,,,,,,,,,,,,,,Enamel,Max RC1,Infant-1/Infant-2,0.7,5.0,-4.6,-10.4,,Knudson et al. (2015),DOI: 10.1002/ajpa.22694,San Pedro de Atacama Oasis,Antofagasta,Precordillera
Casa Parroquial,Middle,Middle,ACL-0071,400.0,1000,CAP-0014,-22.911,-68.2005,2446,,,,,,,,F,Adult,,,Bone,,,,,,,,,,,,,,Bone apatite,Femur,Adult,,,-7.3,-7.6,,Knudson et al. (2015),DOI: 10.1002/ajpa.22694,San Pedro de Atacama Oasis,Antofagasta,Precordillera
Casa Parroquial,Middle,Middle,ACL-0072,400.0,1000,CAP-0018,-22.911,-68.2005,2446,14C-AMS,AA87008,1113.0,44.0,885.0,1101.0,Bone collagen,F,Adult,,,Tooth,,,,,,,,,,,,,,Enamel,Mand LPm2,Infant-2/Child 1,2.5,6.5,-7.0,-8.1,,Knudson et al. (2015),DOI: 10.1002/ajpa.22694,San Pedro de Atacama Oasis,Antofagasta,Precordillera
Casa Parroquial,Middle,Middle,ACL-0073,400.0,1000,CAP-0018,-22.911,-68.2005,2446,,,,,,,,F,Adult,,,Tooth,,,,,,,,,,,,,,Enamel,Max RM2,Infant-2/Child-1,2.5,8.0,-4.7,-4.4,,Knudson et al. (2015),DOI: 10.1002/ajpa.22694,San Pedro de Atacama Oasis,Antofagasta,Precordillera
Casa Parroquial,Middle,Middle,ACL-0074,400.0,1000,CAP-0019,-22.911,-68.2005,2446,,,,,,,,,,,,Tooth,,,,,,,,,,,,,,Enamel,Max LPm1,Infant-2/Child 1,2.5,6.0,-4.6,-5.3,,Knudson et al. (2015),DOI: 10.1002/ajpa.22694,San Pedro de Atacama Oasis,Antofagasta,Precordillera
Casa Parroquial,Middle,Middle,ACL-0075,400.0,1000,CAP-0020,-22.911,-68.2005,2446,,,,,,,,F,Young Adult,21.0,35.0,Tooth,,,,,,,,,,,,,,Enamel,Max RPm2,Infant-2/Child-1,3.5,6.5,-7.4,-6.7,,Knudson et al. (2015),DOI: 10.1002/ajpa.22694,San Pedro de Atacama Oasis,Antofagasta,Precordillera
Casa Parroquial,Middle,Middle,ACL-0076,400.0,1000,CAP-0020,-22.911,-68.2005,2446,,,,,,,,F,Young Adult,21.0,35.0,Tooth,,,,,,,,,,,,,,Enamel,Mand RM3,Child-2/Adolescent-1,8.5,14.0,-8.7,-6.9,,Knudson et al. (2015),DOI: 10.1002/ajpa.22694,San Pedro de Atacama Oasis,Antofagasta,Precordillera
Casa Parroquial,Middle,Middle,ACL-0077,400.0,1000,CAP-0020,-22.911,-68.2005,2446,,,,,,,,F,Young Adult,21.0,35.0,Bone,,,,,,,,,,,,,,Bone apatite,Rib,Adult,,,-7.9,-7.4,,Knudson et al. (2015),DOI: 10.1002/ajpa.22694,San Pedro de Atacama Oasis,Antofagasta,Precordillera
Casa Parroquial,Middle,Middle,ACL-0078,400.0,1000,CAP-0022,-22.911,-68.2005,2446,,,,,,,,und,Adult,,,Tooth,,,,,,,,,,,,,,Enamel,Premolar,Infant-2/Child 1,2.0,6.5,-9.6,-12.7,,Knudson et al. (2015),DOI: 10.1002/ajpa.22694,San Pedro de Atacama Oasis,Antofagasta,Precordillera
Casa Parroquial,Middle,Middle,ACL-0079,400.0,1000,CAP-0022,-22.911,-68.2005,2446,,,,,,,,und,Adult,,,Tooth,,,,,,,,,,,,,,Enamel,Molar,Infant-1/Adolescent-1,0.4,14.0,-10.1,-8.7,,Knudson et al. (2015),DOI: 10.1002/ajpa.22694,San Pedro de Atacama Oasis,Antofagasta,Precordillera
Casa Parroquial,Middle,Middle,ACL-0080,400.0,1000,CAP-0022,-22.911,-68.2005,2446,,,,,,,,und,Adult,,,Tooth,,,,,,,,,,,,,,Enamel,Molar,Infant-1/Adolescent-2,0.4,14.0,-6.1,-6.6,,Knudson et al. (2015),DOI: 10.1002/ajpa.22694,San Pedro de Atacama Oasis,Antofagasta,Precordillera
Casa Parroquial,Middle,Middle,ACL-0081,400.0,1000,CAP-0022,-22.911,-68.2005,2446,,,,,,,,und,Adult,,,Bone,,,,,,,,,,,,,,Bone apatite,Rib,Adult,,,-9.2,-6.9,,Knudson et al. (2015),DOI: 10.1002/ajpa.22694,San Pedro de Atacama Oasis,Antofagasta,Precordillera
Casa Parroquial,Middle,Middle,CAP1,400.0,1000,CAP1,-22.911,-68.2005,2446,,,,,,,,F,Young Adult,21.0,35.0,Tooth,,,,,,,,,,,,,,Enamel,Max LM1,Infant-1/Infant-2,0.4,3.5,,,0.70785,Knudson and Torres-Rouff (2014),DOI: https://doi.org/10.7183/1045-6635.25.2.170,San Pedro de Atacama Oasis,Antofagasta,Precordillera
Casa Parroquial,Middle,Middle,CAP2,400.0,1000,CAP2,-22.911,-68.2005,2446,,,,,,,,F,Young Adult,21.0,35.0,Tooth,,,,,,,,,,,,,,Enamel,Max LM1,Infant-1/Infant-2,0.4,3.5,,,0.70788,Knudson and Torres-Rouff (2014),DOI: https://doi.org/10.7183/1045-6635.25.2.170,San Pedro de Atacama Oasis,Antofagasta,Precordillera
Casa Parroquial,Middle,Middle,CAP3,400.0,1000,CAP3,-22.911,-68.2005,2446,,,,,,,,M,Adult,,,Tooth,,,,,,,,,,,,,,Enamel,Mand RM1,Infant-1/Infant-2,0.4,3.5,,,0.70763,Knudson and Torres-Rouff (2014),DOI: https://doi.org/10.7183/1045-6635.25.2.170,San Pedro de Atacama Oasis,Antofagasta,Precordillera
Casa Parroquial,Middle,Middle,CAP4,400.0,1000,CAP4,-22.911,-68.2005,2446,,,,,,,,M,Young Adult,21.0,35.0,Tooth,,,,,,,,,,,,,,Enamel,Mand RM1,Infant-1/Infant-2,0.4,3.5,,,0.70767,Knudson and Torres-Rouff (2014),DOI: https://doi.org/10.7183/1045-6635.25.2.170,San Pedro de Atacama Oasis,Antofagasta,Precordillera
Casa Parroquial,Middle,Middle,CAP5,400.0,1000,CAP5,-22.911,-68.2005,2446,,,,,,,,und,Middle Adult,35.0,50.0,Tooth,,,,,,,,,,,,,,Enamel,Max LM1,Infant-1/Infant-2,0.4,3.5,,,0.70773,Knudson and Torres-Rouff (2014),DOI: https://doi.org/10.7183/1045-6635.25.2.170,San Pedro de Atacama Oasis,Antofagasta,Precordillera
Casa Parroquial,Middle,Middle,CAP6,400.0,1000,CAP6,-22.911,-68.2005,2446,,,,,,,,und,Adult,,,Tooth,,,,,,,,,,,,,,Enamel,Molar,Infant-1/Adolescent-1,0.4,14.0,,,0.70859,Knudson and Torres-Rouff (2014),DOI: https://doi.org/10.7183/1045-6635.25.2.170,San Pedro de Atacama Oasis,Antofagasta,Precordillera
Casa Parroquial,Middle,Middle,CAP7,400.0,1000,CAP7,-22.911,-68.2005,2446,,,,,,,,und,Adult,,,Tooth,,,,,,,,,,,,,,Enamel,Molar,Infant-1/Adolescent-2,0.4,14.0,,,0.70894,Knudson and Torres-Rouff (2014),DOI: https://doi.org/10.7183/1045-6635.25.2.170,San Pedro de Atacama Oasis,Antofagasta,Precordillera
Casa Parroquial,Middle,Middle,CAP8,400.0,1000,CAP8,-22.911,-68.2005,2446,,,,,,,,F,Young Adult,21.0,35.0,Bone,,,,,,,,,,,,,,Bone apatite,Rib,Adult,,,,,0.70752,Knudson and Torres-Rouff (2014),DOI: https://doi.org/10.7183/1045-6635.25.2.170,San Pedro de Atacama Oasis,Antofagasta,Precordillera
Casa Parroquial,Middle,Middle,CAP9,400.0,1000,CAP9,-22.911,-68.2005,2446,,,,,,,,F,Adult,,,Bone,,,,,,,,,,,,,,Bone apatite,Rib,Adult,,,,,0.70766,Knudson and Torres-Rouff (2014),DOI: https://doi.org/10.7183/1045-6635.25.2.170,San Pedro de Atacama Oasis,Antofagasta,Precordillera
Casa Parroquial,Middle,Middle,CAP10,400.0,1000,CAP10,-22.911,-68.2005,2446,,,,,,,,F,Adult,,,Bone,,,,,,,,,,,,,,Bone apatite,Femur,Adult,,,,,0.70775,Knudson and Torres-Rouff (2014),DOI: https://doi.org/10.7183/1045-6635.25.2.170,San Pedro de Atacama Oasis,Antofagasta,Precordillera
Casa Parroquial,Middle,Middle,CAP11,400.0,1000,CAP11,-22.911,-68.2005,2446,,,,,,,,M,Adult,,,Bone,,,,,,,,,,,,,,Bone apatite,Femur,Adult,,,,,0.70757,Knudson and Torres-Rouff (2014),DOI: https://doi.org/10.7183/1045-6635.25.2.170,San Pedro de Atacama Oasis,Antofagasta,Precordillera
Casa Parroquial,Middle,Middle,CAP12,400.0,1000,CAP12,-22.911,-68.2005,2446,,,,,,,,M,Young Adult,21.0,35.0,Bone,,,,,,,,,,,,,,Bone apatite,Rib,Adult,,,,,0.70757,Knudson and Torres-Rouff (2014),DOI: https://doi.org/10.7183/1045-6635.25.2.170,San Pedro de Atacama Oasis,Antofagasta,Precordillera
Casa Parroquial,Middle,Middle,CAP13,400.0,1000,CAP13,-22.911,-68.2005,2446,,,,,,,,M,Young Adult,21.0,35.0,Bone,,,,,,,,,,,,,,Bone apatite,Rib,Adult,,,,,0.70758,Knudson and Torres-Rouff (2014),DOI: https://doi.org/10.7183/1045-6635.25.2.170,San Pedro de Atacama Oasis,Antofagasta,Precordillera
Casa Parroquial,Middle,Middle,CAP14,400.0,1000,CAP14,-22.911,-68.2005,2446,,,,,,,,M,Young Adult,21.0,35.0,Bone,,,,,,,,,,,,,,Bone apatite,Femur,Adult,,,,,0.70771,Knudson and Torres-Rouff (2014),DOI: https://doi.org/10.7183/1045-6635.25.2.170,San Pedro de Atacama Oasis,Antofagasta,Precordillera
Casa Parroquial,Middle,Middle,CAP15,400.0,1000,CAP15,-22.911,-68.2005,2446,,,,,,,,M,Adult,,,Bone,,,,,,,,,,,,,,Bone apatite,Rib,Adult,,,,,0.70779,Knudson and Torres-Rouff (2014),DOI: https://doi.org/10.7183/1045-6635.25.2.170,San Pedro de Atacama Oasis,Antofagasta,Precordillera
Casa Parroquial,Middle,Middle,CAP16,400.0,1000,CAP16,-22.911,-68.2005,2446,,,,,,,,und,Adult,,,Bone,,,,,,,,,,,,,,Bone apatite,Rib,Adult,,,,,0.70754,Knudson and Torres-Rouff (2014),DOI: https://doi.org/10.7183/1045-6635.25.2.170,San Pedro de Atacama Oasis,Antofagasta,Precordillera
Casa Parroquial,Middle,Middle,CAP17,400.0,1000,CAP17,-22.911,-68.2005,2446,,,,,,,,und,Adult,,,Bone,,,,,,,,,,,,,,Bone apatite,Femur,Adult,,,,,0.70773,Knudson and Torres-Rouff (2014),DOI: https://doi.org/10.7183/1045-6635.25.2.170,San Pedro de Atacama Oasis,Antofagasta,Precordillera
Casa Parroquial,Middle,Middle,CAP18,400.0,1000,CAP18,-22.911,-68.2005,2446,,,,,,,,F,Adult,,,Tooth,,,,,,,,,,,,,,Enamel,Mand LPm2,Infant-2/Child 1,3.5,6.5,,,0.70767,Knudson and Torres-Rouff (2014),DOI: https://doi.org/10.7183/1045-6635.25.2.170,San Pedro de Atacama Oasis,Antofagasta,Precordillera
Casa Parroquial,Middle,Middle,CAP19,400.0,1000,CAP19,-22.911,-68.2005,2446,,,,,,,,F,Young Adult,21.0,35.0,Tooth,,,,,,,,,,,,,,Enamel,Max RPm2,Infant-2/Child-1,3.5,6.5,,,0.70771,Knudson and Torres-Rouff (2014),DOI: https://doi.org/10.7183/1045-6635.25.2.170,San Pedro de Atacama Oasis,Antofagasta,Precordillera
Casa Parroquial,Middle,Middle,CAP20,400.0,1000,CAP20,-22.911,-68.2005,2446,,,,,,,,F,Adult,,,Tooth,,,,,,,,,,,,,,Enamel,Max RM2,Infant-2/Child-1,2.5,8.0,,,0.70772,Knudson and Torres-Rouff (2014),DOI: https://doi.org/10.7183/1045-6635.25.2.170,San Pedro de Atacama Oasis,Antofagasta,Precordillera
Casa Parroquial,Middle,Middle,CAP21,400.0,1000,CAP21,-22.911,-68.2005,2446,,,,,,,,F,Young Adult,21.0,35.0,Tooth,,,,,,,,,,,,,,Enamel,Mand LC,Infant-2/Child 1,0.9,5.5,,,0.70775,Knudson and Torres-Rouff (2014),DOI: https://doi.org/10.7183/1045-6635.25.2.170,San Pedro de Atacama Oasis,Antofagasta,Precordillera
Casa Parroquial,Middle,Middle,CAP22,400.0,1000,CAP22,-22.911,-68.2005,2446,,,,,,,,F,Young Adult,21.0,35.0,Tooth,,,,,,,,,,,,,,Enamel,Max LM1,Infant-1/Infant-2,0.4,3.5,,,0.70778,Knudson and Torres-Rouff (2014),DOI: https://doi.org/10.7183/1045-6635.25.2.170,San Pedro de Atacama Oasis,Antofagasta,Precordillera
Casa Parroquial,Middle,Middle,CAP23,400.0,1000,CAP23,-22.911,-68.2005,2446,,,,,,,,F,Young Adult,21.0,35.0,Tooth,,,,,,,,,,,,,,Enamel,Max RM2,Infant-2/Child-1,2.5,8.0,,,0.70798,Knudson and Torres-Rouff (2014),DOI: https://doi.org/10.7183/1045-6635.25.2.170,San Pedro de Atacama Oasis,Antofagasta,Precordillera
Casa Parroquial,Middle,Middle,CAP24,400.0,1000,CAP24,-22.911,-68.2005,2446,,,,,,,,F,Adult,,,Tooth,,,,,,,,,,,,,,Enamel,Max RC,Infant-1/Infant-2,0.7,5.0,,,0.7128,Knudson and Torres-Rouff (2014),DOI: https://doi.org/10.7183/1045-6635.25.2.170,San Pedro de Atacama Oasis,Antofagasta,Precordillera
Casa Parroquial,Middle,Middle,CAP25,400.0,1000,CAP25,-22.911,-68.2005,2446,,,,,,,,M,Adult,,,Tooth,,,,,,,,,,,,,,Enamel,Mand RM2,Infant-2/Child-1,2.5,8.0,,,0.70774,Knudson and Torres-Rouff (2014),DOI: https://doi.org/10.7183/1045-6635.25.2.170,San Pedro de Atacama Oasis,Antofagasta,Precordillera
Casa Parroquial,Middle,Middle,CAP26,400.0,1000,CAP26,-22.911,-68.2005,2446,,,,,,,,M,Young Adult,21.0,35.0,Tooth,,,,,,,,,,,,,,Enamel,Mand LPm2,Infant-2/Child 1,3.5,6.5,,,0.70781,Knudson and Torres-Rouff (2014),DOI: https://doi.org/10.7183/1045-6635.25.2.170,San Pedro de Atacama Oasis,Antofagasta,Precordillera
Casa Parroquial,Middle,Middle,CAP27,400.0,1000,CAP27,-22.911,-68.2005,2446,,,,,,,,M,Young Adult,21.0,35.0,Tooth,,,,,,,,,,,,,,Enamel,Mand LPm2,Infant-2/Child 1,3.5,6.5,,,0.71434,Knudson and Torres-Rouff (2014),DOI: https://doi.org/10.7183/1045-6635.25.2.170,San Pedro de Atacama Oasis,Antofagasta,Precordillera
Casa Parroquial,Middle,Middle,CAP28,400.0,1000,CAP28,-22.911,-68.2005,2446,,,,,,,,M,Young Adult,21.0,35.0,Tooth,,,,,,,,,,,,,,Enamel,Mand LM2,Infant-2/Child-1,2.5,8.0,,,0.71456,Knudson and Torres-Rouff (2014),DOI: https://doi.org/10.7183/1045-6635.25.2.170,San Pedro de Atacama Oasis,Antofagasta,Precordillera
Casa Parroquial,Middle,Middle,CAP29,400.0,1000,CAP29,-22.911,-68.2005,2446,,,,,,,,und,Subadult,,,Tooth,,,,,,,,,,,,,,Enamel,Mand LM2,Infant-2/Child-1,2.5,8.0,,,0.70782,Knudson and Torres-Rouff (2014),DOI: https://doi.org/10.7183/1045-6635.25.2.170,San Pedro de Atacama Oasis,Antofagasta,Precordillera
Casa Parroquial,Middle,Middle,CAP30,400.0,1000,CAP30,-22.911,-68.2005,2446,,,,,,,,und,Adult,,,Tooth,,,,,,,,,,,,,,Enamel,Premolar,Infant-2/Child-1,2.0,6.5,,,0.70912,Knudson and Torres-Rouff (2014),DOI: https://doi.org/10.7183/1045-6635.25.2.170,San Pedro de Atacama Oasis,Antofagasta,Precordillera
Casa Parroquial,Middle,Middle,CAP31,400.0,1000,CAP31,-22.911,-68.2005,2446,,,,,,,,F,Young Adult,21.0,35.0,Tooth,,,,,,,,,,,,,,Enamel,Mand RM3,Child-2/Adolescent-1,8.5,14.0,,,0.70772,Knudson and Torres-Rouff (2014),DOI: https://doi.org/10.7183/1045-6635.25.2.170,San Pedro de Atacama Oasis,Antofagasta,Precordillera
Casa Parroquial,Middle,Middle,CAP32,400.0,1000,CAP32,-22.911,-68.2005,2446,,,,,,,,F,Young Adult,21.0,35.0,Tooth,,,,,,,,,,,,,,Enamel,Mand RM3,Child-2/Adolescent-1,8.5,14.0,,,0.70775,Knudson and Torres-Rouff (2014),DOI: https://doi.org/10.7183/1045-6635.25.2.170,San Pedro de Atacama Oasis,Antofagasta,Precordillera
Casa Parroquial,Middle,Middle,CAP33,400.0,1000,CAP33,-22.911,-68.2005,2446,,,,,,,,M,Young Adult,21.0,35.0,Tooth,,,,,,,,,,,,,,Enamel,Mand RM3,Child-2/Adolescent-1,8.5,14.0,,,0.70775,Knudson and Torres-Rouff (2014),DOI: https://doi.org/10.7183/1045-6635.25.2.170,San Pedro de Atacama Oasis,Antofagasta,Precordillera
Casa Parroquial,Middle,Middle,CAP34,400.0,1000,CAP34,-22.911,-68.2005,2446,,,,,,,,M,Adult,,,Tooth,,,,,,,,,,,,,,Enamel,Mand RM3,Child-2/Adolescent-1,8.5,14.0,,,0.70786,Knudson and Torres-Rouff (2014),DOI: https://doi.org/10.7183/1045-6635.25.2.170,San Pedro de Atacama Oasis,Antofagasta,Precordillera
Casa Parroquial,Middle,Middle,CAP35,400.0,1000,CAP35,-22.911,-68.2005,2446,,,,,,,,F,Young Adult,21.0,35.0,Tooth,,,,,,,,,,,,,,Enamel,Max LPm2,Infant-2/Child-1,3.5,6.5,,,0.70831,Knudson and Torres-Rouff (2014),DOI: https://doi.org/10.7183/1045-6635.25.2.170,San Pedro de Atacama Oasis,Antofagasta,Precordillera
Casa Parroquial,Middle,Middle,CAP36,400.0,1000,CAP36,-22.911,-68.2005,2446,,,,,,,,M,Young Adult,21.0,35.0,Tooth,,,,,,,,,,,,,,Enamel,Max LPm1,Infant-2/Child 1,2.5,6.0,,,0.70771,Knudson and Torres-Rouff (2014),DOI: https://doi.org/10.7183/1045-6635.25.2.170,San Pedro de Atacama Oasis,Antofagasta,Precordillera
Coyo 3,Middle,Middle,F1652,400.0,1000,CO3-1,-22.949,-68.2349,2405,,,,,,,,M,Middle Adult,40.0,44.0,Tooth,,,,,,,,,,,,,,Enamel,Max RM1,Infant-1/Infant-2,0.4,3.5,,,0.707608,Knudson et al. (2015),DOI: 10.1002/ajpa.22694,San Pedro de Atacama Oasis,Antofagasta,Precordillera
Coyo 3,Middle,Middle,F1654,400.0,1000,CO3-5,-22.949,-68.2349,2405,,,,,,,,M,Young Adult,21.0,35.0,Tooth,,,,,,,,,,,,,,Enamel,Max RM1,Infant-1/Infant-2,0.4,3.5,-7.5,-5.0,0.707704,Knudson et al. (2015),DOI: 10.1002/ajpa.22694,San Pedro de Atacama Oasis,Antofagasta,Precordillera
Coyo 3,Middle,Middle,F1655,400.0,1000,CO3-5,-22.949,-68.2349,2405,,,,,,,,M,Young Adult,21.0,35.0,Bone,,,,,,,,,,,,,,Bone apatite,Rib,Adult,,,-6.4,-6.7,0.70773,Knudson et al. (2015),DOI: 10.1002/ajpa.22694,San Pedro de Atacama Oasis,Antofagasta,Precordillera
Coyo 3,Middle,Middle,F1656,400.0,1000,CO3-16,-22.949,-68.2349,2405,,,,,,,,M,Middle Adult,45.0,49.0,Tooth,,,,,,,,,,,,,,Enamel,Max RM1,Infant-1/Infant-2,0.4,3.5,,,0.707526,Knudson et al. (2015),DOI: 10.1002/ajpa.22694,San Pedro de Atacama Oasis,Antofagasta,Precordillera
Coyo 3,Middle,Middle,F1658,400.0,1000,CO3-23(13363),-22.949,-68.2349,2405,,,,,,,,F,Middle Adult,40.0,44.0,Tooth,,,,,,,,,,,,,,Enamel,Max LM1,Infant-1/Infant-3,0.4,3.5,,,0.707712,Knudson et al. (2015),DOI: 10.1002/ajpa.22694,San Pedro de Atacama Oasis,Antofagasta,Precordillera
Coyo 3,Middle,Middle,F1661,400.0,1000,CO3-32(13576),-22.949,-68.2349,2405,,,,,,,,F,Young Adult,25.0,29.0,Tooth,,,,,,,,,,,,,,Enamel,Mand LM2,Infant-2/Child-1,2.5,8.0,,,0.707653,Knudson et al. (2015),DOI: 10.1002/ajpa.22694,San Pedro de Atacama Oasis,Antofagasta,Precordillera
Coyo 3,Middle,Middle,F1663,400.0,1000,CO3-35(13608),-22.949,-68.2349,2405,,,,,,,,M,Young Adult,21.0,35.0,Bone,,,,,,,,,,,,,,Bone apatite,Rib,Adult,,,-8.5,-7.8,0.70769,Knudson et al. (2015),DOI: 10.1002/ajpa.22694,San Pedro de Atacama Oasis,Antofagasta,Precordillera
Coyo 3,Middle,Middle,F1662,400.0,1000,CO3-35(13608),-22.949,-68.2349,2405,,,,,,,,M,Young Adult,30.0,34.0,Tooth,,,,,,,,,,,,,,Enamel,Max LM1,Infant-1/Infant-2,0.4,3.5,,,0.707782,Knudson et al. (2015),DOI: 10.1002/ajpa.22694,San Pedro de Atacama Oasis,Antofagasta,Precordillera
Coyo 3,Middle,Middle,F1664,400.0,1000,CO3-35(13611),-22.949,-68.2349,2405,,,,,,,,F,Young Adult,21.0,35.0,Tooth,,,,,,,,,,,,,,Enamel,Mand M1,Infant-1/Infant-2,0.4,3.5,-9.2,-4.5,0.707641,Knudson et al. (2015),DOI: 10.1002/ajpa.22694,San Pedro de Atacama Oasis,Antofagasta,Precordillera
Coyo 3,Middle,Middle,F1666,400.0,1000,CO3-45,-22.949,-68.2349,2405,,,,,,,,F,Adolescent-2,19.0,20.0,Tooth,,,,,,,,,,,,,,Enamel,Mand LM1,Infant-1/Infant-2,0.4,3.5,,,0.707667,Knudson et al. (2015),DOI: 10.1002/ajpa.22694,San Pedro de Atacama Oasis,Antofagasta,Precordillera
Coyo 3,Middle,Middle,F1668,400.0,1000,CO3-46,-22.949,-68.2349,2405,,,,,,,,M,Middle Adult,36.0,50.0,Tooth,,,,,,,,,,,,,,Enamel,Mand RM2,Infant-2/Child-1,2.5,8.0,-6.2,-7.1,0.706845,Knudson et al. (2015),DOI: 10.1002/ajpa.22694,San Pedro de Atacama Oasis,Antofagasta,Precordillera
Coyo 3,Middle,Middle,CO-3-S/N,400.0,1000,Scaffidi and Knudson (2020): CO-3-S/N,-22.949,-68.2349,2405,,,,,,,,und,Subadult,,,Bone,,,,,,,,,,,,,,Bone apatite,Rib,Subadult,,,,,0.70786,Knudson and Torres-Rouff (2014),DOI: https://doi.org/10.7183/1045-6635.25.2.170,San Pedro de Atacama Oasis,Antofagasta,Precordillera
Coyo 3,Middle,Middle,CO-3-S/N,400.0,1000,Scaffidi and Knudson (2020): CO-3-S/N,-22.949,-68.2349,2405,,,,,,,,F,Young Adult,21.0,35.0,Bone,,,,,,,,,,,,,,Bone apatite,Rib,Adult,,,,,0.70786,Knudson and Torres-Rouff (2014),DOI: https://doi.org/10.7183/1045-6635.25.2.170,San Pedro de Atacama Oasis,Antofagasta,Precordillera
Coyo 3,Middle,Middle,CO-3-S/N,400.0,1000,Scaffidi and Knudson (2020): CO-3-S/N,-22.949,-68.2349,2405,,,,,,,,F,Young Adult,21.0,35.0,Bone,,,,,,,,,,,,,,Bone apatite,Rib,Adult,,,,,0.70797,Knudson and Torres-Rouff (2014),DOI: https://doi.org/10.7183/1045-6635.25.2.170,San Pedro de Atacama Oasis,Antofagasta,Precordillera
Coyo 3,Middle,Middle,13208,400.0,1000,13208,-22.949,-68.2349,2405,,,,,,,,F,,,,Bone,Bone collagen,Rib,,,,,,,3.5,-15.1,12.6,,,Bone apatite,Rib,,,,-6.9,-0.4,,Uribe et al. (2016),http://dx.doi.org/10.4067/S0717-73562016005000017,San Pedro de Atacama Oasis,Antofagasta,Precordillera
Coyo 3,Middle,Middle,13223,400.0,1000,13223,-22.949,-68.2349,2405,,,,,,,,M,,,,Bone,Bone collagen,Rib,,,,,,,3.2,-13.1,12.8,,,Bone apatite,Rib,,,,-7.9,-3.7,,Uribe et al. (2016),http://dx.doi.org/10.4067/S0717-73562016005000017,San Pedro de Atacama Oasis,Antofagasta,Precordillera
Coyo 3,Middle,Middle,13280,400.0,1000,13280,-22.949,-68.2349,2405,,,,,,,,F,,,,Bone,Bone collagen,Rib,,,,,,,3.4,-14.7,12.8,,,Bone apatite,Rib,,,,-7.2,-3.8,,Uribe et al. (2016),http://dx.doi.org/10.4067/S0717-73562016005000017,San Pedro de Atacama Oasis,Antofagasta,Precordillera
Coyo 3,Middle,Middle,13228,400.0,1000,13228,-22.949,-68.2349,2405,,,,,,,,F,,,,Bone,Bone collagen,Rib,,,,,,,3.6,-17.4,12.4,,,Bone apatite,Rib,,,,-9.5,-3.4,,Uribe et al. (2016),http://dx.doi.org/10.4067/S0717-73562016005000017,San Pedro de Atacama Oasis,Antofagasta,Precordillera
Coyo 3,Middle,Middle,13276,400.0,1000,13276,-22.949,-68.2349,2405,,,,,,,,M,,,,Bone,Bone collagen,Rib,,,,,,,3.3,-14.0,11.9,,,Bone apatite,Rib,,,,-9.5,-4.3,,Uribe et al. (2016),http://dx.doi.org/10.4067/S0717-73562016005000017,San Pedro de Atacama Oasis,Antofagasta,Precordillera
Coyo 3,Middle,Middle,13291,400.0,1000,13291,-22.949,-68.2349,2405,,,,,,,,F,,,,Bone,Bone collagen,Rib,,,,,,,3.4,-13.6,13.5,,,Bone apatite,Rib,,,,-6.7,1.4,,Uribe et al. (2016),http://dx.doi.org/10.4067/S0717-73562016005000017,San Pedro de Atacama Oasis,Antofagasta,Precordillera
Coyo 3,Middle,Middle,13285,400.0,1000,13285,-22.949,-68.2349,2405,,,,,,,,M,,,,Bone,Bone collagen,Rib,,,,,,,3.4,-17.5,11.3,,,Bone apatite,Rib,,,,-9.3,-1.1,,Uribe et al. (2016),http://dx.doi.org/10.4067/S0717-73562016005000017,San Pedro de Atacama Oasis,Antofagasta,Precordillera
Coyo 3,Middle,Middle,13286,400.0,1000,13286,-22.949,-68.2349,2405,,,,,,,,M,,,,Bone,Bone collagen,Rib,,,,,,,3.2,-13.3,12.4,,,Bone apatite,Rib,,,,-8.9,-4.0,,Uribe et al. (2016),http://dx.doi.org/10.4067/S0717-73562016005000017,San Pedro de Atacama Oasis,Antofagasta,Precordillera
Coyo 3,Middle,Middle,13335,400.0,1000,13335,-22.949,-68.2349,2405,,,,,,,,M,,,,Bone,Bone collagen,Rib,,,,,,,3.2,-12.2,11.3,,,Bone apatite,Rib,,,,-6.3,-3.6,,Uribe et al. (2016),http://dx.doi.org/10.4067/S0717-73562016005000017,San Pedro de Atacama Oasis,Antofagasta,Precordillera
Coyo 3,Middle,Middle,13315,400.0,1000,13315,-22.949,-68.2349,2405,,,,,,,,F,,,,Bone,Bone collagen,Rib,,,,,,,3.4,-14.6,13.9,,,Bone apatite,Rib,,,,-7.1,-2.8,,Uribe et al. (2016),http://dx.doi.org/10.4067/S0717-73562016005000017,San Pedro de Atacama Oasis,Antofagasta,Precordillera
Coyo 3,Middle,Middle,13350,400.0,1000,13350,-22.949,-68.2349,2405,,,,,,,,F,,,,Bone,Bone collagen,Rib,,,,,,,3.2,-12.8,12.0,,,Bone apatite,Rib,,,,-8.9,-8.9,,Uribe et al. (2016),http://dx.doi.org/10.4067/S0717-73562016005000017,San Pedro de Atacama Oasis,Antofagasta,Precordillera
Coyo 3,Middle,Middle,13348,400.0,1000,13348,-22.949,-68.2349,2405,,,,,,,,M,,,,Bone,Bone collagen,Rib,,,,,,,3.2,-13.2,11.7,,,Bone apatite,Rib,,,,-7.3,-7.3,,Uribe et al. (2016),http://dx.doi.org/10.4067/S0717-73562016005000017,San Pedro de Atacama Oasis,Antofagasta,Precordillera
Coyo 3,Middle,Middle,13708,400.0,1000,13708,-22.949,-68.2349,2405,,,,,,,,F,,,,Bone,,,,,,,,,,,,,,Bone apatite,Rib,,,,-10.1,-5.6,,Uribe et al. (2016),http://dx.doi.org/10.4067/S0717-73562016005000017,San Pedro de Atacama Oasis,Antofagasta,Precordillera
Coyo 3,Middle,Middle,13715,400.0,1000,13715,-22.949,-68.2349,2405,,,,,,,,F,,,,Bone,Bone collagen,Rib,,,,,,,3.3,-14.4,13.0,,,Bone apatite,Rib,,,,-9.9,-2.8,,Uribe et al. (2016),http://dx.doi.org/10.4067/S0717-73562016005000017,San Pedro de Atacama Oasis,Antofagasta,Precordillera
Coyo 3,Middle,Middle,13736,400.0,1000,13736,-22.949,-68.2349,2405,,,,,,,,M,,,,Bone,Bone collagen,Rib,,,,,,,3.4,-14.2,12.0,,,Bone apatite,Rib,,,,-9.7,-4.1,,Uribe et al. (2016),http://dx.doi.org/10.4067/S0717-73562016005000017,San Pedro de Atacama Oasis,Antofagasta,Precordillera
Coyo 3,Middle,Middle,13756,400.0,1000,13756,-22.949,-68.2349,2405,,,,,,,,M,,,,Bone,Bone collagen,Rib,,,,,,,3.3,-15.4,10.5,,,Bone apatite,Rib,,,,-10.7,-4.7,,Uribe et al. (2016),http://dx.doi.org/10.4067/S0717-73562016005000017,San Pedro de Atacama Oasis,Antofagasta,Precordillera
Coyo 3,Middle,Middle,13761,400.0,1000,13761,-22.949,-68.2349,2405,,,,,,,,und,,,,Bone,Bone collagen,Rib,,,,,,,3.2,-14.4,12.2,,,Bone apatite,Rib,,,,-9.6,-4.3,,Uribe et al. (2016),http://dx.doi.org/10.4067/S0717-73562016005000017,San Pedro de Atacama Oasis,Antofagasta,Precordillera
Coyo 3,Middle,Middle,13774,400.0,1000,13774,-22.949,-68.2349,2405,,,,,,,,und,,,,Bone,Bone collagen,Rib,,,,,,,3.1,-14.1,11.5,,,Bone apatite,Rib,,,,-8.3,-3.3,,Uribe et al. (2016),http://dx.doi.org/10.4067/S0717-73562016005000017,San Pedro de Atacama Oasis,Antofagasta,Precordillera
Coyo Oriental,Middle,Middle,ACL-0114,400.0,1000,CO-3938,-22.947732,-68.232554,2404,,,,,,,,F,Middle Adult,,,Tooth,,,,,,,,,,,,,,Enamel,Mand RC,Infant-1/Infant-2,0.9,5.5,-8.8,-3.5,0.70771,Knudson et al. (2015),DOI: 10.1002/ajpa.22694,San Pedro de Atacama Oasis,Antofagasta,Precordillera
Coyo Oriental,Middle,Middle,F1637,400.0,1000,CO-3978,-22.947732,-68.232554,2404,,,,,,,,M,Middle Adult,40.0,44.0,Tooth,,,,,,,,,,,,,,Enamel,Max LM2,Infant-2/Child-1,2.5,8.0,-6.0,-5.9,0.707773,Knudson et al. (2015),DOI: 10.1002/ajpa.22694,San Pedro de Atacama Oasis,Antofagasta,Precordillera
Coyo Oriental,Middle,Middle,F1638,400.0,1000,CO-3981,-22.947732,-68.232554,2404,,,,,,,,M,Middle Adult,45.0,49.0,Tooth,,,,,,,,,,,,,,Enamel,Max LM1,Infant-1/Infant-2,0.4,3.5,-7.7,-4.7,0.707628,Knudson et al. (2015),DOI: 10.1002/ajpa.22694,San Pedro de Atacama Oasis,Antofagasta,Precordillera
Coyo Oriental,Middle,Middle,ACL-0116,400.0,1000,CO-3984,-22.947732,-68.232554,2404,,,,,,,,F,Young Adult,,,Tooth,,,,,,,,,,,,,,Enamel,Mand LPm1,Infant-2/Child 1,2.0,5.5,-7.6,-3.8,0.70785,Knudson et al. (2015),DOI: 10.1002/ajpa.22694,San Pedro de Atacama Oasis,Antofagasta,Precordillera
Coyo Oriental,Middle,Middle,ACL-0117,400.0,1000,CO-3984,-22.947732,-68.232554,2404,,,,,,,,F,Young Adult,,,Bone,,,,,,,,,,,,,,Bone apatite,Mandible,Adult,,,-8.6,-7.2,0.7076,Knudson et al. (2015),DOI: 10.1002/ajpa.22694,San Pedro de Atacama Oasis,Antofagasta,Precordillera
Coyo Oriental,Middle,Middle,F1639,400.0,1000,CO-3996,-22.947732,-68.232554,2404,,,,,,,,F,Middle Adult,35.0,39.0,Tooth,,,,,,,,,,,,,,Enamel,Max RM2,Infant-2/Child-1,2.5,8.0,-9.9,-7.3,0.707825,Knudson et al. (2015),DOI: 10.1002/ajpa.22694,San Pedro de Atacama Oasis,Antofagasta,Precordillera
Coyo Oriental,Middle,Middle,ACL-0118,400.0,1000,CO-4005,-22.947732,-68.232554,2404,,,,,,,,F,Middle Adult,35.0,50.0,Bone,,,,,,,,,,,,,,Bone apatite,Mandible,Adult,,,-9.7,-7.2,,Knudson et al. (2015),DOI: 10.1002/ajpa.22694,San Pedro de Atacama Oasis,Antofagasta,Precordillera
Coyo Oriental,Middle,Middle,F1640,400.0,1000,CO-4012,-22.947732,-68.232554,2404,,,,,,,,,,,,Tooth,,,,,,,,,,,,,,Enamel,Max RPm2,Infant-2/Child-1,3.5,6.5,-6.5,-4.1,,Knudson et al. (2015),DOI: 10.1002/ajpa.22694,San Pedro de Atacama Oasis,Antofagasta,Precordillera
Coyo Oriental,Middle,Middle,F1641,400.0,1000,CO-4049,-22.947732,-68.232554,2404,,,,,,,,M,Middle Adult,35.0,39.0,Tooth,,,,,,,,,,,,,,Enamel,Max RM1,Infant-1/Infant-2,0.4,3.5,-6.7,-5.0,0.707023,Knudson et al. (2015),DOI: 10.1002/ajpa.22694,San Pedro de Atacama Oasis,Antofagasta,Precordillera
Coyo Oriental,Middle,Middle,F1642,400.0,1000,CO-4064,-22.947732,-68.232554,2404,,,,,,,,M,Middle Adult,35.0,39.0,Tooth,,,,,,,,,,,,,,Enamel,Max LM2,Infant-2/Child-1,2.5,8.0,,,0.70769,Knudson et al. (2015),DOI: 10.1002/ajpa.22694,San Pedro de Atacama Oasis,Antofagasta,Precordillera
Coyo Oriental,Middle,Middle,F1643,400.0,1000,CO-4090,-22.947732,-68.232554,2404,,,,,,,,M,Middle Adult,35.0,39.0,Tooth,,,,,,,,,,,,,,Enamel,Mand RM1,Infant-1/Infant-2,0.4,3.5,-6.4,-3.5,0.708171,Knudson et al. (2015),DOI: 10.1002/ajpa.22694,San Pedro de Atacama Oasis,Antofagasta,Precordillera
Coyo Oriental,Middle,Middle,F1644,400.0,1000,CO-4093,-22.947732,-68.232554,2404,,,,,,,,M,Middle Adult,40.0,44.0,Tooth,,,,,,,,,,,,,,Enamel,Mand LM1,Infant-1/Infant-2,0.4,3.5,-7.3,-3.9,0.707713,Knudson et al. (2015),DOI: 10.1002/ajpa.22694,San Pedro de Atacama Oasis,Antofagasta,Precordillera
Coyo Oriental,Middle,Middle,F1646,400.0,1000,CO-4117,-22.947732,-68.232554,2404,,,,,,,,,,,,Tooth,,,,,,,,,,,,,,Enamel,Max RM1,Infant-1/Infant-2,0.4,3.5,-6.2,-4.1,,Knudson et al. (2015),DOI: 10.1002/ajpa.22694,San Pedro de Atacama Oasis,Antofagasta,Precordillera
Coyo Oriental,Middle,Middle,F1647,400.0,1000,CO-4118,-22.947732,-68.232554,2404,,,,,,,,,,,,Tooth,,,,,,,,,,,,,,Enamel,Max RM1,Infant-1/Infant-2,0.4,3.5,-5.6,-4.3,,Knudson et al. (2015),DOI: 10.1002/ajpa.22694,San Pedro de Atacama Oasis,Antofagasta,Precordillera
Coyo Oriental,Middle,Middle,F1645,400.0,1000,CO-4150,-22.947732,-68.232554,2404,,,,,,,,F,Middle Adult,40.0,44.0,Tooth,,,,,,,,,,,,,,Enamel,Max RM2,Infant-2/Child-1,2.5,8.0,-5.5,-5.1,0.707862,Knudson et al. (2015),DOI: 10.1002/ajpa.22694,San Pedro de Atacama Oasis,Antofagasta,Precordillera
Coyo Oriental,Middle,Middle,ACL-0119,400.0,1000,CO-4156,-22.947732,-68.232554,2404,,,,,,,,F,Middle Adult,35.0,50.0,Bone,,,,,,,,,,,,,,Bone apatite,Temporal bone,Adult,,,-8.4,-7.5,0.70745,Knudson et al. (2015),DOI: 10.1002/ajpa.22694,San Pedro de Atacama Oasis,Antofagasta,Precordillera
Coyo Oriental,Middle,Middle,F1648,400.0,1000,CO-5358,-22.947732,-68.232554,2404,,,,,,,,,,,,Tooth,,,,,,,,,,,,,,Enamel,Mand LM1,Infant-1/Infant-2,0.4,3.5,-5.2,-6.3,,Knudson et al. (2015),DOI: 10.1002/ajpa.22694,San Pedro de Atacama Oasis,Antofagasta,Precordillera
Coyo Oriental,Middle,Middle,F1649,400.0,1000,CO-5377,-22.947732,-68.232554,2404,,,,,,,,F,Middle Adult,35.0,39.0,Tooth,,,,,,,,,,,,,,Enamel,Mand RPm2,Infant-2/Child 1,2.5,6.5,-8.3,-7.9,0.707879,Knudson et al. (2015),DOI: 10.1002/ajpa.22694,San Pedro de Atacama Oasis,Antofagasta,Precordillera
Coyo Oriental,Middle,Middle,F1650,400.0,1000,CO-5382,-22.947732,-68.232554,2404,,,,,,,,,,,,Tooth,,,,,,,,,,,,,,Enamel,Mand LM1,Infant-1/Infant-2,0.4,3.5,-6.7,-6.5,,Knudson et al. (2015),DOI: 10.1002/ajpa.22694,San Pedro de Atacama Oasis,Antofagasta,Precordillera
Coyo Oriental,Middle,Middle,F1651,400.0,1000,CO-5383,-22.947732,-68.232554,2404,,,,,,,,M,Middle Adult,40.0,44.0,Tooth,,,,,,,,,,,,,,Enamel,Mand RM1,Infant-1/Infant-2,0.4,3.5,-5.9,-4.0,0.707684,Knudson et al. (2015),DOI: 10.1002/ajpa.22694,San Pedro de Atacama Oasis,Antofagasta,Precordillera
Coyo Oriental,Middle,Middle,Scaffidi and Knudson (2020): CO-S/N,400.0,1000,Scaffidi and Knudson (2020): CO-S/N,-22.947732,-68.232554,2404,,,,,,,,F,Middle Adult,,,Bone,,,,,,,,,,,,,,Bone apatite,Mandible,Adult,,,,,0.70755,Knudson and Torres-Rouff (2014),DOI: https://doi.org/10.7183/1045-6635.25.2.170,San Pedro de Atacama Oasis,Antofagasta,Precordillera
Coyo Oriental,Middle,Middle,Scaffidi and Knudson (2020): CO-S/N,400.0,1000,Scaffidi and Knudson (2020): CO-S/N,-22.947732,-68.232554,2404,,,,,,,,F,Middle Adult,,,Bone,,,,,,,,,,,,,,Bone apatite,Mandible,Adult,,,,,0.70764,Knudson and Torres-Rouff (2014),DOI: https://doi.org/10.7183/1045-6635.25.2.170,San Pedro de Atacama Oasis,Antofagasta,Precordillera
Coyo Oriental,Middle,Middle,Scaffidi and Knudson (2020): CO-S/N,400.0,1000,Scaffidi and Knudson (2020): CO-S/N,-22.947732,-68.232554,2404,,,,,,,,F,Middle Adult,,,Bone,,,,,,,,,,,,,,Bone apatite,Mandible,Adult,,,,,0.70798,Knudson and Torres-Rouff (2014),DOI: https://doi.org/10.7183/1045-6635.25.2.170,San Pedro de Atacama Oasis,Antofagasta,Precordillera
Larache,Middle,Middle,ACL-0147,100.0,750,LAR-0114,-22.91684,-68.205157,2434,,,,,,,,M,Middle Adult,36.0,50.0,Tooth,,,,,,,,,,,,,,Enamel,Max RM1,Infant-1/Infant-2,0.4,3.5,-7.0,-6.5,0.70791,Knudson et al. (2015),DOI: 10.1002/ajpa.22694,San Pedro de Atacama Oasis,Antofagasta,Precordillera
Larache,Middle,Middle,LAR-0115,100.0,750,LAR-0115,-22.91684,-68.205157,2434,,,,,,,,F,Young Adult,21.0,35.0,Bone,Bone collagen,,Adult,,,10.0,32.4,11.8,3.2,-13.4,11.7,,,Bone apatite,,,,,-7.6,,,Torres-Rouff et al. (2015),DOI: 10.1002/ajpa.22828,San Pedro de Atacama Oasis,Antofagasta,Precordillera
Larache,Middle,Middle,ACL-0148,100.0,750,LAR-0115,-22.91684,-68.205157,2434,,,,,,,,F,Young Adult,21.0,35.0,Tooth,,,,,,,,,,,,,,Enamel,Max RM1,Infant-1/Infant-2,0.4,3.5,-6.2,-5.6,0.70778,Knudson et al. (2015),DOI: 10.1002/ajpa.22694,San Pedro de Atacama Oasis,Antofagasta,Precordillera
Larache,Middle,Middle,ACL-0149,100.0,750,LAR-0116,-22.91684,-68.205157,2434,,,,,,,,M,Middle Adult,36.0,50.0,Tooth,,,,,,,,,,,,,,Enamel,Max LC,Infant-1/Infant-2,0.7,5.0,-12.2,-4.5,0.70867,Knudson et al. (2015),DOI: 10.1002/ajpa.22694,San Pedro de Atacama Oasis,Antofagasta,Precordillera
Larache,Middle,Middle,ACL-0150,100.0,750,LAR-0116,-22.91684,-68.205157,2434,,,,,,,,M,Middle Adult,36.0,50.0,Tooth,,,,,,,,,,,,,,Enamel,Max LM2,Infant-2/Child-1,2.5,8.0,,,0.70857,Torres-Rouff et al. (2015),DOI: 10.1002/ajpa.22828,San Pedro de Atacama Oasis,Antofagasta,Precordillera
Larache,Middle,Middle,ACL-0151,100.0,750,LAR-0116,-22.91684,-68.205157,2434,,,,,,,,M,Middle Adult,36.0,50.0,Tooth,,,,,,,,,,,,,,Enamel,Max LM3,Child-2/Adolescent-1,8.5,14.0,-10.3,-0.2,0.70876,Knudson et al. (2015),DOI: 10.1002/ajpa.22694,San Pedro de Atacama Oasis,Antofagasta,Precordillera
Larache,Middle,Middle,LAR-0117,100.0,750,LAR-0117,-22.91684,-68.205157,2434,,,,,,,,M,Middle Adult,36.0,50.0,Bone,Bone collagen,,Adult,,,16.3,40.7,14.8,3.2,-13.8,11.8,,,Bone apatite,,,,,-10.3,,,Torres-Rouff et al. (2015),DOI: 10.1002/ajpa.22828,San Pedro de Atacama Oasis,Antofagasta,Precordillera
Larache,Middle,Middle,ACL-0152,100.0,750,LAR-0117,-22.91684,-68.205157,2434,,,,,,,,M,Middle Adult,36.0,50.0,Tooth,,,,,,,,,,,,,,Enamel,Max RM1,Infant-1/Infant-2,0.4,3.5,-6.6,-4.9,0.7166,Knudson et al. (2015),DOI: 10.1002/ajpa.22694,San Pedro de Atacama Oasis,Antofagasta,Precordillera
Larache,Middle,Middle,ACL-0154,100.0,750,LAR-0121,-22.91684,-68.205157,2434,,,,,,,,M,Young Adult,21.0,35.0,Tooth,,,,,,,,,,,,,,Enamel,Max RM2,Infant-2/Child-1,2.5,8.0,-8.6,-5.0,0.70782,Knudson et al. (2015),DOI: 10.1002/ajpa.22694,San Pedro de Atacama Oasis,Antofagasta,Precordillera
Larache,Middle,Middle,ACL-0153,100.0,750,LAR-0121,-22.91684,-68.205157,2434,,,,,,,,M,Young Adult,21.0,35.0,Tooth,,,,,,,,,,,,,,Enamel,Max LC,Infant-1/Infant-2,0.7,5.0,,,0.70799,Torres-Rouff et al. (2015),DOI: 10.1002/ajpa.22828,San Pedro de Atacama Oasis,Antofagasta,Precordillera
Larache,Middle,Middle,ACL-0155,100.0,750,LAR-0122,-22.91684,-68.205157,2434,,,,,,,,M,Middle Adult,36.0,50.0,Tooth,,,,,,,,,,,,,,Enamel,Max RM1,Infant-1/Infant-2,0.4,3.5,-6.3,-6.0,0.7078,Knudson et al. (2015),DOI: 10.1002/ajpa.22694,San Pedro de Atacama Oasis,Antofagasta,Precordillera
Larache,Middle,Middle,LAR-0124,100.0,750,LAR-0124,-22.91684,-68.205157,2434,,,,,,,,,,,,Bone,Bone collagen,,,,,12.9,38.6,14.0,3.2,-11.4,12.8,,,Bone apatite,,,,,-5.9,,,Torres-Rouff et al. (2015),DOI: 10.1002/ajpa.22828,San Pedro de Atacama Oasis,Antofagasta,Precordillera
Larache,Middle,Middle,LAR-0125,100.0,750,LAR-0125,-22.91684,-68.205157,2434,,,,,,,,,,,,Bone,Bone collagen,,,,,14.9,38.6,14.1,3.2,-13.5,12.4,,,Bone apatite,,,,,-7.2,,,Torres-Rouff et al. (2015),DOI: 10.1002/ajpa.22828,San Pedro de Atacama Oasis,Antofagasta,Precordillera
Larache,Middle,Middle,LAR-0127,100.0,750,LAR-0127,-22.91684,-68.205157,2434,,,,,,,,,,,,Bone,Bone collagen,,,,,2.6,24.0,8.4,3.3,-13.1,11.4,,,Bone apatite,,,,,-8.2,,,Torres-Rouff et al. (2015),DOI: 10.1002/ajpa.22828,San Pedro de Atacama Oasis,Antofagasta,Precordillera
Larache,Middle,Middle,ACL-0156,100.0,750,LAR-0218,-22.91684,-68.205157,2434,,,,,,,,M,Young Adult,21.0,35.0,Tooth,,,,,,,,,,,,,,Enamel,Max RPm1,Infant-2/Child 1,2.5,6.0,-3.6,-7.7,0.70768,Knudson et al. (2015),DOI: 10.1002/ajpa.22694,San Pedro de Atacama Oasis,Antofagasta,Precordillera
Larache,Middle,Middle,ACL-0158,100.0,750,LAR-0218,-22.91684,-68.205157,2434,,,,,,,,M,Young Adult,21.0,35.0,Tooth,,,,,,,,,,,,,,Enamel,Max LM3,Child-2/Adolescent-1,8.5,14.0,-7.4,-5.7,0.70776,Knudson et al. (2015),DOI: 10.1002/ajpa.22694,San Pedro de Atacama Oasis,Antofagasta,Precordillera
Larache,Middle,Middle,ACL-0157,100.0,750,LAR-0218,-22.91684,-68.205157,2434,,,,,,,,M,Young Adult,21.0,35.0,Tooth,,,,,,,,,,,,,,Enamel,Max LM2,Infant-2/Child-1,2.5,8.0,,,0.70765,Torres-Rouff et al. (2015),DOI: 10.1002/ajpa.22828,San Pedro de Atacama Oasis,Antofagasta,Precordillera
Larache,Middle,Middle,ACL-0159,100.0,750,LAR-0221,-22.91684,-68.205157,2434,,,,,,,,F,Young Adult,21.0,35.0,Tooth,,,,,,,,,,,,,,Enamel,Max RM1,Infant-1/Infant-2,0.4,3.5,,,0.72046,Torres-Rouff et al. (2015),DOI: 10.1002/ajpa.22828,San Pedro de Atacama Oasis,Antofagasta,Precordillera
Larache,Middle,Middle,ACL-0163,100.0,750,LAR-0350,-22.91684,-68.205157,2434,,,,,,,,M,Middle Adult,36.0,50.0,Tooth,,,,,,,,,,,,,,Enamel,Max LM1,Infant-1/Infant-2,0.4,3.5,-6.4,-4.5,0.70766,Knudson et al. (2015),DOI: 10.1002/ajpa.22694,San Pedro de Atacama Oasis,Antofagasta,Precordillera
Larache,Middle,Middle,ACL-0164,100.0,750,LAR-0350,-22.91684,-68.205157,2434,,,,,,,,M,Middle Adult,36.0,50.0,Tooth,,,,,,,,,,,,,,Enamel,Max LM2,Infant-2/Child-1,2.5,8.0,-7.8,-7.7,0.70773,Knudson et al. (2015),DOI: 10.1002/ajpa.22694,San Pedro de Atacama Oasis,Antofagasta,Precordillera
Larache,Middle,Middle,ACL-0165,100.0,750,LAR-0350,-22.91684,-68.205157,2434,,,,,,,,M,Middle Adult,36.0,50.0,Tooth,,,,,,,,,,,,,,Enamel,Max LM3,Child-2/Adolescent-1,8.5,14.0,-7.6,-7.1,0.70783,Knudson et al. (2015),DOI: 10.1002/ajpa.22694,San Pedro de Atacama Oasis,Antofagasta,Precordillera
Larache,Middle,Middle,LAR-0356,100.0,750,LAR-0356,-22.91684,-68.205157,2434,,,,,,,,F,Middle Adult,36.0,50.0,Bone,Bone collagen,,Adult,,,14.0,35.6,12.9,3.2,-12.0,12.5,,,Bone apatite,,Adult,,,-7.0,,,Torres-Rouff et al. (2015),DOI: 10.1002/ajpa.22828,San Pedro de Atacama Oasis,Antofagasta,Precordillera
Larache,Middle,Middle,LAR-0357,100.0,750,LAR-0357,-22.91684,-68.205157,2434,,,,,,,,,,,,Bone,Bone collagen,,,,,9.3,33.9,12.3,3.2,-14.3,10.6,,,Bone apatite,,,,,-8.2,,,Torres-Rouff et al. (2015),DOI: 10.1002/ajpa.22828,San Pedro de Atacama Oasis,Antofagasta,Precordillera
Larache,Middle,Middle,LAR-0358,100.0,750,LAR-0358,-22.91684,-68.205157,2434,,,,,,,,M,Middle Adult,36.0,50.0,Bone,Bone collagen,,Adult,,,15.6,39.2,14.4,3.2,-10.0,12.1,,,Bone apatite,,Adult,,,-4.6,,,Torres-Rouff et al. (2015),DOI: 10.1002/ajpa.22828,San Pedro de Atacama Oasis,Antofagasta,Precordillera
Larache,Middle,Middle,ACL-0166,100.0,750,LAR-0358,-22.91684,-68.205157,2434,,,,,,,,M,Middle Adult,36.0,50.0,Tooth,,,,,,,,,,,,,,Enamel,Max LC,Infant-1/Infant-2,0.7,5.0,-3.0,-5.9,0.71399,Knudson et al. (2015),DOI: 10.1002/ajpa.22694,San Pedro de Atacama Oasis,Antofagasta,Precordillera
Larache,Middle,Middle,ACL-0168,100.0,750,LAR-0358,-22.91684,-68.205157,2434,,,,,,,,M,Middle Adult,36.0,50.0,Tooth,,,,,,,,,,,,,,Enamel,Mand RM3,Child-2/Adolescent-1,8.5,14.0,-3.9,-8.6,0.71437,Knudson et al. (2015),DOI: 10.1002/ajpa.22694,San Pedro de Atacama Oasis,Antofagasta,Precordillera
Larache,Middle,Middle,ACL-0169,100.0,750,LAR-0359,-22.91684,-68.205157,2434,,,,,,,,F,Middle Adult,36.0,50.0,Tooth,,,,,,,,,,,,,,Enamel,Max RPm1,Infant-2/Child 1,2.5,6.0,-9.4,-7.8,0.70792,Knudson et al. (2015),DOI: 10.1002/ajpa.22694,San Pedro de Atacama Oasis,Antofagasta,Precordillera
Larache,Middle,Middle,LAR-0360,100.0,750,LAR-0360,-22.91684,-68.205157,2434,,,,,,,,M,Middle Adult,36.0,50.0,Bone,Bone collagen,,Adult,,,8.9,34.2,12.2,3.3,-9.6,11.2,,,Bone apatite,,Adult,,,-4.6,,,Torres-Rouff et al. (2015),DOI: 10.1002/ajpa.22828,San Pedro de Atacama Oasis,Antofagasta,Precordillera
Larache,Middle,Middle,ACL-0170,100.0,750,LAR-0360,-22.91684,-68.205157,2434,,,,,,,,M,Middle Adult,36.0,50.0,Tooth,,,,,,,,,,,,,,Enamel,Max RPm1,Infant-2/Child 1,2.5,6.0,-11.0,-3.9,0.71439,Knudson et al. (2015),DOI: 10.1002/ajpa.22694,San Pedro de Atacama Oasis,Antofagasta,Precordillera
Larache,Middle,Middle,ACL-0171,100.0,750,LAR-0360,-22.91684,-68.205157,2434,,,,,,,,M,Middle Adult,36.0,50.0,Tooth,,,,,,,,,,,,,,Enamel,Max LM1,Infant-1/Infant-2,0.4,3.5,-13.7,-4.3,0.71413,Knudson et al. (2015),DOI: 10.1002/ajpa.22694,San Pedro de Atacama Oasis,Antofagasta,Precordillera
Larache,Middle,Middle,ACL-0172,100.0,750,LAR-0360,-22.91684,-68.205157,2434,,,,,,,,M,Middle Adult,36.0,50.0,Tooth,,,,,,,,,,,,,,Enamel,Max LM2,Infant-2/Child-1,2.5,8.0,-11.5,-6.9,0.71427,Knudson et al. (2015),DOI: 10.1002/ajpa.22694,San Pedro de Atacama Oasis,Antofagasta,Precordillera
Larache,Middle,Middle,ACL-0173,100.0,750,LAR-0361,-22.91684,-68.205157,2434,,,,,,,,F,Middle Adult,36.0,50.0,Tooth,,,,,,,,,,,,,,Enamel,Max LM2,Infant-2/Child-1,2.5,8.0,-9.7,-8.5,0.70769,Knudson et al. (2015),DOI: 10.1002/ajpa.22694,San Pedro de Atacama Oasis,Antofagasta,Precordillera
Larache,Middle,Middle,ACL-0174,100.0,750,LAR-0361,-22.91684,-68.205157,2434,,,,,,,,F,Middle Adult,36.0,50.0,Tooth,,,,,,,,,,,,,,Enamel,Max RM3,Child-2/Adolescent-1,8.5,14.0,-7.6,-4.9,0.70778,Knudson et al. (2015),DOI: 10.1002/ajpa.22694,San Pedro de Atacama Oasis,Antofagasta,Precordillera
Larache,Middle,Middle,ACL-0175,100.0,750,LAR-0363,-22.91684,-68.205157,2434,,,,,,,,und,Middle Adult,36.0,50.0,Tooth,,,,,,,,,,,,,,Enamel,Max LI2,Infant-1/Infant-2,0.8,5.0,-7.8,-3.6,0.7077,Knudson et al. (2015),DOI: 10.1002/ajpa.22694,San Pedro de Atacama Oasis,Antofagasta,Precordillera
Larache,Middle,Middle,ACL-0176,100.0,750,LAR-0363,-22.91684,-68.205157,2434,,,,,,,,und,Middle Adult,36.0,50.0,Tooth,,,,,,,,,,,,,,Enamel,Max RM3,Child-2/Adolescent-1,8.5,14.0,-8.1,-4.7,0.70771,Knudson et al. (2015),DOI: 10.1002/ajpa.22694,San Pedro de Atacama Oasis,Antofagasta,Precordillera
Larache,Middle,Middle,LAR-0366,100.0,750,LAR-0366,-22.91684,-68.205157,2434,,,,,,,,,,,,Bone,Bone collagen,,,,,15.1,36.5,13.3,3.2,-13.7,11.4,,,Bone apatite,,,,,-7.9,,,Torres-Rouff et al. (2015),DOI: 10.1002/ajpa.22828,San Pedro de Atacama Oasis,Antofagasta,Precordillera
Larache,Middle,Middle,LAR-0390,100.0,750,LAR-0390,-22.91684,-68.205157,2434,,,,,,,,M,Young Adult,21.0,35.0,Bone,Bone collagen,,Adult,,,11.3,33.5,12.2,3.2,-10.0,11.3,,,Bone apatite,,Adult,,,-4.6,,,Torres-Rouff et al. (2015),DOI: 10.1002/ajpa.22828,San Pedro de Atacama Oasis,Antofagasta,Precordillera
Larache,Middle,Middle,ACL-0177,100.0,750,LAR-0390,-22.91684,-68.205157,2434,,,,,,,,M,Young Adult,21.0,35.0,Tooth,,,,,,,,,,,,,,Enamel,Max LPm1,Infant-2/Child 1,2.5,6.0,-2.7,-6.2,0.71215,Knudson et al. (2015),DOI: 10.1002/ajpa.22694,San Pedro de Atacama Oasis,Antofagasta,Precordillera
Larache,Middle,Middle,ACL-0178,100.0,750,LAR-0390,-22.91684,-68.205157,2434,,,,,,,,M,Young Adult,21.0,35.0,Tooth,,,,,,,,,,,,,,Enamel,Max LM2,Infant-2/Child-1,2.5,8.0,,,0.7136,Torres-Rouff et al. (2015),DOI: 10.1002/ajpa.22828,San Pedro de Atacama Oasis,Antofagasta,Precordillera
Larache,Middle,Middle,LAR-01583,100.0,750,LAR-01583,-22.91684,-68.205157,2434,,,,,,,,M,Middle Adult,36.0,50.0,Bone,Bone collagen,,Adult,,,9.9,34.2,12.4,3.2,-14.7,10.9,,,Bone apatite,,Adult,,,-8.9,,,Torres-Rouff et al. (2015),DOI: 10.1002/ajpa.22828,San Pedro de Atacama Oasis,Antofagasta,Precordillera
Larache,Middle,Middle,ACL-0160,100.0,750,LAR-1716,-22.91684,-68.205157,2434,,,,,,,,M,Middle Adult,36.0,50.0,Tooth,,,,,,,,,,,,,,Enamel,Max RPm2,Infant-2/Child-1,3.5,6.5,-7.2,-5.1,0.70802,Knudson et al. (2015),DOI: 10.1002/ajpa.22694,San Pedro de Atacama Oasis,Antofagasta,Precordillera
Larache,Middle,Middle,ACL-0161,100.0,750,LAR-1716,-22.91684,-68.205157,2434,,,,,,,,M,Middle Adult,36.0,50.0,Tooth,,,,,,,,,,,,,,Enamel,Max RM2,Infant-2/Child-1,2.5,8.0,-7.8,-7.0,0.70803,Knudson et al. (2015),DOI: 10.1002/ajpa.22694,San Pedro de Atacama Oasis,Antofagasta,Precordillera
Larache,Middle,Middle,ACL-0162,100.0,750,LAR-1716,-22.91684,-68.205157,2434,,,,,,,,M,Middle Adult,36.0,50.0,Tooth,,,,,,,,,,,,,,Enamel,Max LM3,Child-2/Adolescent-1,8.5,14.0,-7.9,-5.7,0.70794,Knudson et al. (2015),DOI: 10.1002/ajpa.22694,San Pedro de Atacama Oasis,Antofagasta,Precordillera
Larache,Middle,Middle,LAR-3480,100.0,750,LAR-3480,-22.91684,-68.205157,2434,,,,,,,,,,,,Bone,Bone collagen,,,,,10.4,36.2,13.2,3.2,-15.0,12.1,,,Bone apatite,,,,,-8.7,,,Torres-Rouff et al. (2015),DOI: 10.1002/ajpa.22828,San Pedro de Atacama Oasis,Antofagasta,Precordillera
Larache,Middle,Middle,LAR-3797,100.0,750,LAR-3797,-22.91684,-68.205157,2434,,,,,,,,,,,,Bone,Bone collagen,,,,,9.7,34.8,12.6,3.2,-15.3,8.6,,,Bone apatite,,,,,-8.4,,,Torres-Rouff et al. (2015),DOI: 10.1002/ajpa.22828,San Pedro de Atacama Oasis,Antofagasta,Precordillera
Larache,Middle,Middle,ACL-0181,100.0,750,LAR-3799,-22.91684,-68.205157,2434,,,,,,,,M,Middle Adult,36.0,50.0,Tooth,,,,,,,,,,,,,,Enamel,Max RC,Infant-1/Infant-2,0.7,5.0,,,0.70768,Torres-Rouff et al. (2015),DOI: 10.1002/ajpa.22828,San Pedro de Atacama Oasis,Antofagasta,Precordillera
Larache,Middle,Middle,LAR-3802,100.0,750,LAR-3802,-22.91684,-68.205157,2434,,,,,,,,,,,,Bone,Bone collagen,,,,,8.0,32.6,11.9,3.2,-16.6,9.1,,,Bone apatite,,,,,-11.3,,,Torres-Rouff et al. (2015),DOI: 10.1002/ajpa.22828,San Pedro de Atacama Oasis,Antofagasta,Precordillera
Larache,Middle,Middle,LAR-3803,100.0,750,LAR-3803,-22.91684,-68.205157,2434,,,,,,,,,,,,Bone,Bone collagen,,,,,11.1,33.5,12.1,3.2,-15.7,8.4,,,Bone apatite,,,,,-8.2,,,Torres-Rouff et al. (2015),DOI: 10.1002/ajpa.22828,San Pedro de Atacama Oasis,Antofagasta,Precordillera
Larache,Middle,Middle,LAR-5055,100.0,750,LAR-5055,-22.91684,-68.205157,2434,,,,,,,,,,,,Bone,Bone collagen,,,,,12.4,34.6,12.3,3.3,-16.4,10.7,,,Bone apatite,,,,,-10.3,,,Torres-Rouff et al. (2015),DOI: 10.1002/ajpa.22828,San Pedro de Atacama Oasis,Antofagasta,Precordillera
Larache,Middle,Middle,ACL-0182,100.0,750,LAR-5056,-22.91684,-68.205157,2434,14C-AMS,AA87013,1667.0,45.0,337.0,562.0,,M,Adult,,,Tooth,,,,,,,,,,,,,,Enamel,Max RM1,Infant-1/Infant-2,0.4,3.5,-11.2,-3.4,0.70778,Knudson et al. (2015),DOI: 10.1002/ajpa.22694,San Pedro de Atacama Oasis,Antofagasta,Precordillera
Larache,Middle,Middle,ACL-0183,100.0,750,LAR-5056,-22.91684,-68.205157,2434,,,,,,,,M,Adult,,,Tooth,,,,,,,,,,,,,,Enamel,Max RM2,Infant-2/Child-1,2.5,8.0,,,0.70762,Torres-Rouff et al. (2015),DOI: 10.1002/ajpa.22828,San Pedro de Atacama Oasis,Antofagasta,Precordillera
Larache,Middle,Middle,ACL-0179,100.0,750,LAR-S/N(10753),-22.91684,-68.205157,2434,,,,,,,,M,Middle Adult,36.0,50.0,Tooth,,,,,,,,,,,,,,Enamel,Max RC,Infant-1/Infant-2,0.7,5.0,-4.0,-8.3,0.71397,Knudson et al. (2015),DOI: 10.1002/ajpa.22694,San Pedro de Atacama Oasis,Antofagasta,Precordillera
Larache,Middle,Middle,ACL-0180,100.0,750,LAR-S/N(10753),-22.91684,-68.205157,2434,,,,,,,,M,Middle Adult,36.0,50.0,Tooth,,,,,,,,,,,,,,Enamel,Max LM3,Child-2/Adolescent-1,8.5,14.0,-4.0,-7.5,0.71399,Knudson et al. (2015),DOI: 10.1002/ajpa.22694,San Pedro de Atacama Oasis,Antofagasta,Precordillera
Larache,Middle,Middle,ACL-0145,100.0,750,LAR-S/N(11208),-22.91684,-68.205157,2434,,,,,,,,F,Adolescent-2,15.0,20.0,Tooth,,,,,,,,,,,,,,Enamel,Max RPm1,Infant-2/Child 1,2.5,6.0,-11.0,-6.8,0.70762,Knudson et al. (2015),DOI: 10.1002/ajpa.22694,San Pedro de Atacama Oasis,Antofagasta,Precordillera
Larache,Middle,Middle,ACL-0146,100.0,750,LAR-S/N(11208),-22.91684,-68.205157,2434,,,,,,,,F,Adolescent-2,15.0,20.0,Tooth,,,,,,,,,,,,,,Enamel,Max LM1,Infant-1/Infant-2,0.4,3.5,-11.3,-7.7,0.70765,Knudson et al. (2015),DOI: 10.1002/ajpa.22694,San Pedro de Atacama Oasis,Antofagasta,Precordillera
Larache,Middle,Middle,Scaffidi and Knudson (2020): LAR-S/N,100.0,750,Scaffidi and Knudson (2020): LAR-S/N,-22.91684,-68.205157,2434,,,,,,,,F,Middle Adult,36.0,50.0,Tooth,,,,,,,,,,,,,,Enamel,Max RM2,Infant-2/Child-1,2.5,8.0,,,0.70778,Knudson and Torres-Rouff (2014),DOI: https://doi.org/10.7183/1045-6635.25.2.170,San Pedro de Atacama Oasis,Antofagasta,Precordillera
Playa Miller 7,Middle,Middle,PML 7_T81_1,500.0,1100,PML 7_T81_1,-18.491944,-70.324746,63,14C-AMS,SacA (number not reported),1658.0,22.0,640.0,884.0,Hair keratin,und,Adult,,,Hair,Hair keratin,,Adult,,,,44.8,14.2,3.7,-13.4,20.7,36.8,15.9,,,,,,,,,Bonilla et al. (2016),http://dx.doi.org/10.1016/j.jasrep.2016.01.026,Arica Coast,Arica y Parinacota,Coast
Playa Miller 7 (El Laucho),Middle,Middle,T-25 Mandible,,500,T-25 Mandible,-18.491944,-70.324746,48,,,,,,,,,,,,Dental calculus,,Mand RM1 & RM2,,,,,10.6,1.5,7.1,-18.4,26.2,,,,,,,,,,,Poulson et al. (2013),https://doi.org/10.1016/j.jas.2013.07.009,Arica Coast,Arica y Parinacota,Coast
Playa Miller 7 (El Laucho),Middle,Middle,T-47 Mandible,,500,T-47 Mandible,-18.491944,-70.324746,48,,,,,,,,,,,,Dental calculus,,Mand RM2,,,,,7.9,1.1,7.1,-18.5,31.2,,,,,,,,,,,Poulson et al. (2013),https://doi.org/10.1016/j.jas.2013.07.009,Arica Coast,Arica y Parinacota,Coast
Quitor 5,Middle,Middle,ACL-2436,100.0,750,QT5-1930,-22.898056,-68.205556,2462,,,,,,,,M,Middle Adult,36.0,50.0,Tooth,,,,,,,,,,,,,,Enamel,Max LM1,Infant-1/Infant-2,0.4,3.5,-10.5,-6.2,,Knudson et al. (2015),DOI: 10.1002/ajpa.22694,San Pedro de Atacama Oasis,Antofagasta,Precordillera
Quitor 5,Middle,Middle,ACL-2432,100.0,750,QT5-1978,-22.898056,-68.205556,2462,,,,,,,,M,Young Adult,21.0,35.0,Tooth,,,,,,,,,,,,,,Enamel,Max RM2,Infant-2/Child-1,2.5,8.0,-7.7,-4.6,,Knudson et al. (2015),DOI: 10.1002/ajpa.22694,San Pedro de Atacama Oasis,Antofagasta,Precordillera
Quitor 5,Middle,Middle,ACL-2424,100.0,750,QT5-2006,-22.898056,-68.205556,2462,,,,,,,,F,Young Adult,21.0,35.0,Tooth,,,,,,,,,,,,,,Enamel,Max RM1,Infant-1/Infant-2,0.4,3.5,-9.3,-5.3,,Knudson et al. (2015),DOI: 10.1002/ajpa.22694,San Pedro de Atacama Oasis,Antofagasta,Precordillera
Quitor 5,Middle,Middle,ACL-2425,100.0,750,QT5-2051,-22.898056,-68.205556,2462,,,,,,,,M,Middle Adult,36.0,50.0,Tooth,,,,,,,,,,,,,,Enamel,Max RM1,Infant-1/Infant-2,0.4,3.5,-10.8,-7.7,,Knudson et al. (2015),DOI: 10.1002/ajpa.22694,San Pedro de Atacama Oasis,Antofagasta,Precordillera
Quitor 5,Middle,Middle,ACL-2418,100.0,750,QT5-2061,-22.898056,-68.205556,2462,,,,,,,,F,Middle Adult,36.0,50.0,Tooth,,,,,,,,,,,,,,Enamel,Max RM2,Infant-2/Child-1,2.5,8.0,-11.0,-5.8,,Knudson et al. (2015),DOI: 10.1002/ajpa.22694,San Pedro de Atacama Oasis,Antofagasta,Precordillera
Quitor 5,Middle,Middle,ACL-2438,100.0,750,QT5-2065,-22.898056,-68.205556,2462,,,,,,,,M,Middle Adult,36.0,50.0,Tooth,,,,,,,,,,,,,,Enamel,Max RPm1,Infant-2/Child 1,2.5,6.0,-10.3,-4.2,,Knudson et al. (2015),DOI: 10.1002/ajpa.22694,San Pedro de Atacama Oasis,Antofagasta,Precordillera
Quitor 5,Middle,Middle,ACL-2431,100.0,750,QT5-2070,-22.898056,-68.205556,2462,,,,,,,,M,Young Adult,21.0,35.0,Tooth,,,,,,,,,,,,,,Enamel,Max RM1,Infant-1/Infant-2,0.4,3.5,-7.8,-4.9,,Knudson et al. (2015),DOI: 10.1002/ajpa.22694,San Pedro de Atacama Oasis,Antofagasta,Precordillera
Quitor 5,Middle,Middle,ACL-2437,100.0,750,QT5-2150,-22.898056,-68.205556,2462,,,,,,,,M,Young Adult,21.0,35.0,Tooth,,,,,,,,,,,,,,Enamel,Max RM1,Infant-1/Infant-2,0.4,3.5,-4.5,-6.9,,Knudson et al. (2015),DOI: 10.1002/ajpa.22694,San Pedro de Atacama Oasis,Antofagasta,Precordillera
Quitor 5,Middle,Middle,ACL-2434,100.0,750,QT5-2154,-22.898056,-68.205556,2462,,,,,,,,F,Young Adult,21.0,35.0,Tooth,,,,,,,,,,,,,,Enamel,Max RM3,Child-2/Adolescent-1,8.5,14.0,-8.9,-7.2,,Knudson et al. (2015),DOI: 10.1002/ajpa.22694,San Pedro de Atacama Oasis,Antofagasta,Precordillera
Quitor 5,Middle,Middle,ACL-2426,100.0,750,QT5-2171,-22.898056,-68.205556,2462,,,,,,,,F,Young Adult,21.0,35.0,Tooth,,,,,,,,,,,,,,Enamel,Max RM3,Child-2/Adolescent-1,8.5,14.0,-7.0,-9.4,,Knudson et al. (2015),DOI: 10.1002/ajpa.22694,San Pedro de Atacama Oasis,Antofagasta,Precordillera
Quitor 5,Middle,Middle,ACL-2419,100.0,750,QT5-2173,-22.898056,-68.205556,2462,,,,,,,,und,Middle Adult,36.0,50.0,Tooth,,,,,,,,,,,,,,Enamel,Max RM2,Infant-2/Child-1,2.5,8.0,-7.8,-5.5,,Knudson et al. (2015),DOI: 10.1002/ajpa.22694,San Pedro de Atacama Oasis,Antofagasta,Precordillera
Quitor 5,Middle,Middle,ACL-2422,100.0,750,QT5-2185,-22.898056,-68.205556,2462,,,,,,,,und,Subadult,,,Tooth,,,,,,,,,,,,,,Enamel,Max LM2,Infant-2/Child-1,2.5,8.0,-6.7,-7.3,,Knudson et al. (2015),DOI: 10.1002/ajpa.22694,San Pedro de Atacama Oasis,Antofagasta,Precordillera
Quitor 5,Middle,Middle,ACL-2423,100.0,750,QT5-2203,-22.898056,-68.205556,2462,,,,,,,,F,Young Adult,21.0,35.0,Tooth,,,,,,,,,,,,,,Enamel,Max LPm1,Infant-2/Child 1,2.5,6.0,-7.9,-7.3,,Knudson et al. (2015),DOI: 10.1002/ajpa.22694,San Pedro de Atacama Oasis,Antofagasta,Precordillera
Quitor 5,Middle,Middle,ACL-2413,100.0,750,QT5-2246,-22.898056,-68.205556,2462,,,,,,,,F,Young Adult,21.0,35.0,Tooth,,,,,,,,,,,,,,Enamel,Max LM2,Infant-2/Child-1,2.5,8.0,-8.3,-6.1,,Knudson et al. (2015),DOI: 10.1002/ajpa.22694,San Pedro de Atacama Oasis,Antofagasta,Precordillera
Quitor 5,Middle,Middle,ACL-2415,100.0,750,QT5-2264,-22.898056,-68.205556,2462,,,,,,,,M,Young Adult,21.0,35.0,Tooth,,,,,,,,,,,,,,Enamel,Max RM2,Infant-2/Child-1,2.5,8.0,-11.1,-7.3,,Knudson et al. (2015),DOI: 10.1002/ajpa.22694,San Pedro de Atacama Oasis,Antofagasta,Precordillera
Quitor 5,Middle,Middle,ACL-2440,100.0,750,QT5-3342,-22.898056,-68.205556,2462,,,,,,,,und,Subadult,,,Tooth,,,,,,,,,,,,,,Enamel,Max RM1,Infant-1/Infant-2,0.4,3.5,-11.1,-6.4,,Knudson et al. (2015),DOI: 10.1002/ajpa.22694,San Pedro de Atacama Oasis,Antofagasta,Precordillera
Quitor 5,Middle,Middle,ACL-2435,100.0,750,QT5-SN9647,-22.898056,-68.205556,2462,,,,,,,,F,Young Adult,21.0,35.0,Tooth,,,,,,,,,,,,,,Enamel,Max RM1,Infant-1/Infant-2,0.4,3.5,-7.0,-6.2,,Knudson et al. (2015),DOI: 10.1002/ajpa.22694,San Pedro de Atacama Oasis,Antofagasta,Precordillera
Quitor 5,Middle,Middle,Scaffidi and Knudson (2020): QT5-1,100.0,750,Scaffidi and Knudson (2020): QT5-1,-22.898056,-68.205556,2462,,,,,,,,F,Young Adult,20.0,25.0,Tooth,,,,,,,,,,,,,,Enamel,Max RM1,Infant-1/Infant-2,0.4,3.5,,,0.70766,Knudson and Torres-Rouff (2014),DOI: https://doi.org/10.7183/1045-6635.25.2.170,San Pedro de Atacama Oasis,Antofagasta,Precordillera
Quitor 5,Middle,Middle,Scaffidi and Knudson (2020): QT5-2,100.0,750,Scaffidi and Knudson (2020): QT5-2,-22.898056,-68.205556,2462,,,,,,,,F,Middle Adult,35.0,50.0,Tooth,,,,,,,,,,,,,,Enamel,Max RM1,Infant-1/Infant-2,0.4,3.5,,,0.70782,Knudson and Torres-Rouff (2014),DOI: https://doi.org/10.7183/1045-6635.25.2.170,San Pedro de Atacama Oasis,Antofagasta,Precordillera
Quitor 5,Middle,Middle,Scaffidi and Knudson (2020): QT5-3,100.0,750,Scaffidi and Knudson (2020): QT5-3,-22.898056,-68.205556,2462,,,,,,,,F,Young Adult,20.0,25.0,Tooth,,,,,,,,,,,,,,Enamel,Max RM1,Infant-1/Infant-2,0.4,3.5,,,0.70792,Knudson and Torres-Rouff (2014),DOI: https://doi.org/10.7183/1045-6635.25.2.170,San Pedro de Atacama Oasis,Antofagasta,Precordillera
Quitor 5,Middle,Middle,Scaffidi and Knudson (2020): QT5-4,100.0,750,Scaffidi and Knudson (2020): QT5-4,-22.898056,-68.205556,2462,,,,,,,,F,Young Adult,20.0,25.0,Tooth,,,,,,,,,,,,,,Enamel,Max LM1,Infant-1/Infant-2,0.4,3.5,,,0.70795,Knudson and Torres-Rouff (2014),DOI: https://doi.org/10.7183/1045-6635.25.2.170,San Pedro de Atacama Oasis,Antofagasta,Precordillera
Quitor 5,Middle,Middle,Scaffidi and Knudson (2020): QT5-5,100.0,750,Scaffidi and Knudson (2020): QT5-5,-22.898056,-68.205556,2462,,,,,,,,M,Middle Adult,35.0,50.0,Tooth,,,,,,,,,,,,,,Enamel,Max LM1,Infant-1/Infant-2,0.4,3.5,,,0.70728,Knudson and Torres-Rouff (2014),DOI: https://doi.org/10.7183/1045-6635.25.2.170,San Pedro de Atacama Oasis,Antofagasta,Precordillera
Quitor 5,Middle,Middle,Scaffidi and Knudson (2020): QT5-6,100.0,750,Scaffidi and Knudson (2020): QT5-6,-22.898056,-68.205556,2462,,,,,,,,M,Middle Adult,35.0,50.0,Tooth,,,,,,,,,,,,,,Enamel,Max RM1,Infant-1/Infant-2,0.4,3.5,,,0.70759,Knudson and Torres-Rouff (2014),DOI: https://doi.org/10.7183/1045-6635.25.2.170,San Pedro de Atacama Oasis,Antofagasta,Precordillera
Quitor 5,Middle,Middle,Scaffidi and Knudson (2020): QT5-7,100.0,750,Scaffidi and Knudson (2020): QT5-7,-22.898056,-68.205556,2462,,,,,,,,M,Middle Adult,35.0,50.0,Tooth,,,,,,,,,,,,,,Enamel,Max RM1,Infant-1/Infant-2,0.4,3.5,,,0.70766,Knudson and Torres-Rouff (2014),DOI: https://doi.org/10.7183/1045-6635.25.2.170,San Pedro de Atacama Oasis,Antofagasta,Precordillera
Quitor 5,Middle,Middle,Scaffidi and Knudson (2020): QT5-8,100.0,750,Scaffidi and Knudson (2020): QT5-8,-22.898056,-68.205556,2462,,,,,,,,M,Middle Adult,35.0,50.0,Tooth,,,,,,,,,,,,,,Enamel,Max LM1,Infant-1/Infant-2,0.4,3.5,,,0.70774,Knudson and Torres-Rouff (2014),DOI: https://doi.org/10.7183/1045-6635.25.2.170,San Pedro de Atacama Oasis,Antofagasta,Precordillera
Quitor 5,Middle,Middle,Scaffidi and Knudson (2020): QT5-9,100.0,750,Scaffidi and Knudson (2020): QT5-9,-22.898056,-68.205556,2462,,,,,,,,M,Middle Adult,35.0,50.0,Tooth,,,,,,,,,,,,,,Enamel,Max RM1,Infant-1/Infant-2,0.4,3.5,,,0.70788,Knudson and Torres-Rouff (2014),DOI: https://doi.org/10.7183/1045-6635.25.2.170,San Pedro de Atacama Oasis,Antofagasta,Precordillera
Quitor 5,Middle,Middle,Scaffidi and Knudson (2020): QT5-10,100.0,750,Scaffidi and Knudson (2020): QT5-10,-22.898056,-68.205556,2462,,,,,,,,M,Young Adult,20.0,25.0,Tooth,,,,,,,,,,,,,,Enamel,Max RM1,Infant-1/Infant-2,0.4,3.5,,,0.70812,Knudson and Torres-Rouff (2014),DOI: https://doi.org/10.7183/1045-6635.25.2.170,San Pedro de Atacama Oasis,Antofagasta,Precordillera
Quitor 5,Middle,Middle,Scaffidi and Knudson (2020): QT5-11,100.0,750,Scaffidi and Knudson (2020): QT5-11,-22.898056,-68.205556,2462,,,,,,,,M,Young Adult,20.0,25.0,Tooth,,,,,,,,,,,,,,Enamel,Max RM1,Infant-1/Infant-2,0.4,3.5,,,0.70837,Knudson and Torres-Rouff (2014),DOI: https://doi.org/10.7183/1045-6635.25.2.170,San Pedro de Atacama Oasis,Antofagasta,Precordillera
Quitor 5,Middle,Middle,Scaffidi and Knudson (2020): QT5-12,100.0,750,Scaffidi and Knudson (2020): QT5-12,-22.898056,-68.205556,2462,,,,,,,,und,Subadult,,,Tooth,,,,,,,,,,,,,,Enamel,Max RM1,Infant-1/Infant-2,0.4,3.5,,,0.70753,Knudson and Torres-Rouff (2014),DOI: https://doi.org/10.7183/1045-6635.25.2.170,San Pedro de Atacama Oasis,Antofagasta,Precordillera
Quitor 5,Middle,Middle,Scaffidi and Knudson (2020): QT5-13,100.0,750,Scaffidi and Knudson (2020): QT5-13,-22.898056,-68.205556,2462,,,,,,,,und,Subadult,,,Tooth,,,,,,,,,,,,,,Enamel,Max RM1,Infant-1/Infant-2,0.4,3.5,,,0.70776,Knudson and Torres-Rouff (2014),DOI: https://doi.org/10.7183/1045-6635.25.2.170,San Pedro de Atacama Oasis,Antofagasta,Precordillera
Quitor 5,Middle,Middle,Scaffidi and Knudson (2020): QT5-14,100.0,750,Scaffidi and Knudson (2020): QT5-14,-22.898056,-68.205556,2462,,,,,,,,und,Subadult,,,Tooth,,,,,,,,,,,,,,Enamel,Max RM1,Infant-1/Infant-2,0.4,3.5,,,0.70782,Knudson and Torres-Rouff (2014),DOI: https://doi.org/10.7183/1045-6635.25.2.170,San Pedro de Atacama Oasis,Antofagasta,Precordillera
Quitor 5,Middle,Middle,Scaffidi and Knudson (2020): QT5-15,100.0,750,Scaffidi and Knudson (2020): QT5-15,-22.898056,-68.205556,2462,,,,,,,,F,Young Adult,20.0,25.0,Tooth,,,,,,,,,,,,,,Enamel,Max LM2,Infant-2/Child-1,2.5,8.0,,,0.70769,Knudson and Torres-Rouff (2014),DOI: https://doi.org/10.7183/1045-6635.25.2.170,San Pedro de Atacama Oasis,Antofagasta,Precordillera
Quitor 5,Middle,Middle,Scaffidi and Knudson (2020): QT5-16,100.0,750,Scaffidi and Knudson (2020): QT5-16,-22.898056,-68.205556,2462,,,,,,,,F,Young Adult,20.0,25.0,Tooth,,,,,,,,,,,,,,Enamel,Max LPm1,Infant-2/Child 1,2.5,6.0,,,0.70771,Knudson and Torres-Rouff (2014),DOI: https://doi.org/10.7183/1045-6635.25.2.170,San Pedro de Atacama Oasis,Antofagasta,Precordillera
Quitor 5,Middle,Middle,Scaffidi and Knudson (2020): QT5-17,100.0,750,Scaffidi and Knudson (2020): QT5-17,-22.898056,-68.205556,2462,,,,,,,,F,Middle Adult,35.0,50.0,Tooth,,,,,,,,,,,,,,Enamel,Max RM2,Infant-2/Child-1,2.5,8.0,,,0.70776,Knudson and Torres-Rouff (2014),DOI: https://doi.org/10.7183/1045-6635.25.2.170,San Pedro de Atacama Oasis,Antofagasta,Precordillera
Quitor 5,Middle,Middle,Scaffidi and Knudson (2020): QT5-18,100.0,750,Scaffidi and Knudson (2020): QT5-18,-22.898056,-68.205556,2462,,,,,,,,F,Young Adult,20.0,25.0,Tooth,,,,,,,,,,,,,,Enamel,Max RM2,Infant-2/Child-1,2.5,8.0,,,0.70778,Knudson and Torres-Rouff (2014),DOI: https://doi.org/10.7183/1045-6635.25.2.170,San Pedro de Atacama Oasis,Antofagasta,Precordillera
Quitor 5,Middle,Middle,Scaffidi and Knudson (2020): QT5-19,100.0,750,Scaffidi and Knudson (2020): QT5-19,-22.898056,-68.205556,2462,,,,,,,,F,Old Adult,,,Tooth,,,,,,,,,,,,,,Enamel,Max LM2,Infant-2/Child-1,2.5,8.0,,,0.70789,Knudson and Torres-Rouff (2014),DOI: https://doi.org/10.7183/1045-6635.25.2.170,San Pedro de Atacama Oasis,Antofagasta,Precordillera
Quitor 5,Middle,Middle,Scaffidi and Knudson (2020): QT5-20,100.0,750,Scaffidi and Knudson (2020): QT5-20,-22.898056,-68.205556,2462,,,,,,,,M,Middle Adult,35.0,50.0,Tooth,,,,,,,,,,,,,,Enamel,Max LPm1,Infant-2/Child 1,2.5,6.0,,,0.70767,Knudson and Torres-Rouff (2014),DOI: https://doi.org/10.7183/1045-6635.25.2.170,San Pedro de Atacama Oasis,Antofagasta,Precordillera
Quitor 5,Middle,Middle,Scaffidi and Knudson (2020): QT5-21,100.0,750,Scaffidi and Knudson (2020): QT5-21,-22.898056,-68.205556,2462,,,,,,,,M,Young Adult,20.0,25.0,Tooth,,,,,,,,,,,,,,Enamel,Max RM2,Infant-2/Child-1,2.5,8.0,,,0.70774,Knudson and Torres-Rouff (2014),DOI: https://doi.org/10.7183/1045-6635.25.2.170,San Pedro de Atacama Oasis,Antofagasta,Precordillera
Quitor 5,Middle,Middle,Scaffidi and Knudson (2020): QT5-22,100.0,750,Scaffidi and Knudson (2020): QT5-22,-22.898056,-68.205556,2462,,,,,,,,M,Young Adult,20.0,25.0,Tooth,,,,,,,,,,,,,,Enamel,Max LM2,Infant-2/Child-1,2.5,8.0,,,0.7079,Knudson and Torres-Rouff (2014),DOI: https://doi.org/10.7183/1045-6635.25.2.170,San Pedro de Atacama Oasis,Antofagasta,Precordillera
Quitor 5,Middle,Middle,Scaffidi and Knudson (2020): QT5-23,100.0,750,Scaffidi and Knudson (2020): QT5-23,-22.898056,-68.205556,2462,,,,,,,,M,Young Adult,20.0,25.0,Tooth,,,,,,,,,,,,,,Enamel,Max RM2,Infant-2/Child-1,2.5,8.0,,,0.70791,Knudson and Torres-Rouff (2014),DOI: https://doi.org/10.7183/1045-6635.25.2.170,San Pedro de Atacama Oasis,Antofagasta,Precordillera
Quitor 5,Middle,Middle,Scaffidi and Knudson (2020): QT5-24,100.0,750,Scaffidi and Knudson (2020): QT5-24,-22.898056,-68.205556,2462,,,,,,,,und,Middle Adult,35.0,50.0,Tooth,,,,,,,,,,,,,,Enamel,Max LM2,Infant-2/Child-1,2.5,8.0,,,0.70755,Knudson and Torres-Rouff (2014),DOI: https://doi.org/10.7183/1045-6635.25.2.170,San Pedro de Atacama Oasis,Antofagasta,Precordillera
Quitor 5,Middle,Middle,Scaffidi and Knudson (2020): QT5-25,100.0,750,Scaffidi and Knudson (2020): QT5-25,-22.898056,-68.205556,2462,,,,,,,,und,Subadult,,,Tooth,,,,,,,,,,,,,,Enamel,Max LPm1,Infant-2/Child 1,2.5,6.0,,,0.70777,Knudson and Torres-Rouff (2014),DOI: https://doi.org/10.7183/1045-6635.25.2.170,San Pedro de Atacama Oasis,Antofagasta,Precordillera
Quitor 5,Middle,Middle,Scaffidi and Knudson (2020): QT5-26,100.0,750,Scaffidi and Knudson (2020): QT5-26,-22.898056,-68.205556,2462,,,,,,,,und,Middle Adult,35.0,50.0,Tooth,,,,,,,,,,,,,,Enamel,Max RM2,Infant-2/Child-1,2.5,8.0,,,0.70789,Knudson and Torres-Rouff (2014),DOI: https://doi.org/10.7183/1045-6635.25.2.170,San Pedro de Atacama Oasis,Antofagasta,Precordillera
Quitor 5,Middle,Middle,Scaffidi and Knudson (2020): QT5-27,100.0,750,Scaffidi and Knudson (2020): QT5-27,-22.898056,-68.205556,2462,,,,,,,,und,Subadult,,,Tooth,,,,,,,,,,,,,,Enamel,Max LM2,Infant-2/Child-1,2.5,8.0,,,0.7098,Knudson and Torres-Rouff (2014),DOI: https://doi.org/10.7183/1045-6635.25.2.170,San Pedro de Atacama Oasis,Antofagasta,Precordillera
Quitor 5,Middle,Middle,Scaffidi and Knudson (2020): QT5-28,100.0,750,Scaffidi and Knudson (2020): QT5-28,-22.898056,-68.205556,2462,,,,,,,,F,Young Adult,20.0,25.0,Tooth,,,,,,,,,,,,,,Enamel,Max LM3,Child-2/Adolescent-1,8.5,14.0,,,0.70772,Knudson and Torres-Rouff (2014),DOI: https://doi.org/10.7183/1045-6635.25.2.170,San Pedro de Atacama Oasis,Antofagasta,Precordillera
Quitor 5,Middle,Middle,Scaffidi and Knudson (2020): QT5-29,100.0,750,Scaffidi and Knudson (2020): QT5-29,-22.898056,-68.205556,2462,,,,,,,,F,Young Adult,20.0,25.0,Tooth,,,,,,,,,,,,,,Enamel,Max LM3,Child-2/Adolescent-1,8.5,14.0,,,0.70922,Knudson and Torres-Rouff (2014),DOI: https://doi.org/10.7183/1045-6635.25.2.170,San Pedro de Atacama Oasis,Antofagasta,Precordillera
Solor 3,Middle,Middle,ACL-1851,100.0,750,SO3-0912,-22.936111,-68.19694,2404,,,,,,,,F,Young Adult,21.0,35.0,Tooth,,,,,,,,,,,,,,Enamel,Max LM1,Infant-1/Infant-2,0.4,3.5,-7.1,-3.7,,Knudson et al. (2015),DOI: 10.1002/ajpa.22694,San Pedro de Atacama Oasis,Antofagasta,Precordillera
Solor 3,Middle,Middle,ACL-1855,100.0,750,SO3-0913,-22.936111,-68.19694,2404,,,,,,,,F,Middle Adult,36.0,50.0,Tooth,,,,,,,,,,,,,,Enamel,Max LM1,Infant-1/Infant-2,0.4,3.5,-7.8,-2.5,,Knudson et al. (2015),DOI: 10.1002/ajpa.22694,San Pedro de Atacama Oasis,Antofagasta,Precordillera
Solor 3,Middle,Middle,ACL-1862,100.0,750,SO3-0915,-22.936111,-68.19694,2404,,,,,,,,und,Middle Adult,36.0,50.0,Tooth,,,,,,,,,,,,,,Enamel,Mand LPm1,Infant-2/Child 1,2.5,6.0,-8.0,-2.6,,Knudson et al. (2015),DOI: 10.1002/ajpa.22694,San Pedro de Atacama Oasis,Antofagasta,Precordillera
Solor 3,Middle,Middle,ACL-1846,100.0,750,SO3-0922,-22.936111,-68.19694,2404,,,,,,,,und,Subadult,,,Tooth,,,,,,,,,,,,,,Enamel,Max LM1,Infant-1/Infant-2,0.4,3.5,-8.3,-3.2,,Knudson et al. (2015),DOI: 10.1002/ajpa.22694,San Pedro de Atacama Oasis,Antofagasta,Precordillera
Solor 3,Middle,Middle,ACL-1856,100.0,750,SO3-0931,-22.936111,-68.19694,2404,,,,,,,,F,Young Adult,21.0,35.0,Tooth,,,,,,,,,,,,,,Enamel,Max LPm1,Infant-2/Child 1,2.5,6.0,-7.9,-3.1,,Knudson et al. (2015),DOI: 10.1002/ajpa.22694,San Pedro de Atacama Oasis,Antofagasta,Precordillera
Solor 3,Middle,Middle,ACL-1853,100.0,750,SO3-0940,-22.936111,-68.19694,2404,,,,,,,,F,Middle Adult,,,Tooth,,,,,,,,,,,,,,Enamel,Max LPm1,Infant-2/Child 1,2.5,6.0,-7.8,-2.3,,Knudson et al. (2015),DOI: 10.1002/ajpa.22694,San Pedro de Atacama Oasis,Antofagasta,Precordillera
Solor 3,Middle,Middle,ACL-1861,100.0,750,SO3-0943,-22.936111,-68.19694,2404,,,,,,,,F,Young Adult,21.0,35.0,Tooth,,,,,,,,,,,,,,Enamel,Max LM1,Infant-1/Infant-2,0.4,3.5,-7.2,-1.2,,Knudson et al. (2015),DOI: 10.1002/ajpa.22694,San Pedro de Atacama Oasis,Antofagasta,Precordillera
Solor 3,Middle,Middle,ACL-1860,100.0,750,SO3-0960,-22.936111,-68.19694,2404,,,,,,,,F,Young Adult,21.0,35.0,Tooth,,,,,,,,,,,,,,Enamel,Max LM1,Infant-1/Infant-2,0.4,3.5,-10.2,-1.3,,Knudson et al. (2015),DOI: 10.1002/ajpa.22694,San Pedro de Atacama Oasis,Antofagasta,Precordillera
Solor 3,Middle,Middle,ACL-1854,100.0,750,SO3-0978,-22.936111,-68.19694,2404,,,,,,,,F,Middle Adult,36.0,50.0,Tooth,,,,,,,,,,,,,,Enamel,Max RPm1,Infant-2/Child 1,2.5,6.0,-6.5,-2.6,,Knudson et al. (2015),DOI: 10.1002/ajpa.22694,San Pedro de Atacama Oasis,Antofagasta,Precordillera
Solor 3,Middle,Middle,ACL-1857,100.0,750,SO3-0998,-22.936111,-68.19694,2404,,,,,,,,F,Middle Adult,36.0,50.0,Tooth,,,,,,,,,,,,,,Enamel,Max RM2,Infant-2/Child-1,2.5,8.0,-11.1,-3.2,,Knudson et al. (2015),DOI: 10.1002/ajpa.22694,San Pedro de Atacama Oasis,Antofagasta,Precordillera
Solor 3,Middle,Middle,ACL-1859,100.0,750,SO3-1018,-22.936111,-68.19694,2404,,,,,,,,F,Middle Adult,36.0,50.0,Tooth,,,,,,,,,,,,,,Enamel,Max LM2,Infant-2/Child-1,2.5,8.0,-6.0,-5.0,,Knudson et al. (2015),DOI: 10.1002/ajpa.22694,San Pedro de Atacama Oasis,Antofagasta,Precordillera
Solor 3,Middle,Middle,ACL-1845,100.0,750,SO3-1039,-22.936111,-68.19694,2404,,,,,,,,F,Young Adult,21.0,35.0,Tooth,,,,,,,,,,,,,,Enamel,Max RM2,Infant-2/Child-1,2.5,8.0,-9.6,-8.9,,Knudson et al. (2015),DOI: 10.1002/ajpa.22694,San Pedro de Atacama Oasis,Antofagasta,Precordillera
Solor 3,Middle,Middle,ACL-1858,100.0,750,SO3-1096,-22.936111,-68.19694,2404,,,,,,,,F,Middle Adult,36.0,50.0,Tooth,,,,,,,,,,,,,,Enamel,Max RPm2,Infant-2/Child-1,3.5,6.5,-7.7,-5.0,,Knudson et al. (2015),DOI: 10.1002/ajpa.22694,San Pedro de Atacama Oasis,Antofagasta,Precordillera
Solor 3,Middle,Middle,ACL-1852,100.0,750,SO3-1191,-22.936111,-68.19694,2404,,,,,,,,M,Young Adult,21.0,35.0,Tooth,,,,,,,,,,,,,,Enamel,Max LM1,Infant-1/Infant-2,0.4,3.5,-6.6,-4.3,,Knudson et al. (2015),DOI: 10.1002/ajpa.22694,San Pedro de Atacama Oasis,Antofagasta,Precordillera
Solor 3,Middle,Middle,ACL-1863,100.0,750,SO3-3269,-22.936111,-68.19694,2404,,,,,,,,M,Middle Adult,36.0,50.0,Tooth,,,,,,,,,,,,,,Enamel,Mand LM1,Infant-1/Infant-2,0.4,3.5,-3.5,-3.2,,Knudson et al. (2015),DOI: 10.1002/ajpa.22694,San Pedro de Atacama Oasis,Antofagasta,Precordillera
Solor 3,Middle,Middle,ACL-1848,100.0,750,SO3-4837,-22.936111,-68.19694,2404,,,,,,,,F,Young Adult,21.0,35.0,Tooth,,,,,,,,,,,,,,Enamel,Max LM2,Infant-2/Child-1,2.5,8.0,-8.4,-3.1,,Knudson et al. (2015),DOI: 10.1002/ajpa.22694,San Pedro de Atacama Oasis,Antofagasta,Precordillera
Solor 3,Middle,Middle,ACL-1850,100.0,750,SO3-4839,-22.936111,-68.19694,2404,,,,,,,,M,Middle Adult,36.0,50.0,Tooth,,,,,,,,,,,,,,Enamel,Max LPm1,Infant-2/Child 1,2.5,6.0,-8.8,-7.1,,Knudson et al. (2015),DOI: 10.1002/ajpa.22694,San Pedro de Atacama Oasis,Antofagasta,Precordillera
Solor 3,Middle,Middle,ACL-1849,100.0,750,SO3-4841,-22.936111,-68.19694,2404,,,,,,,,F,Middle Adult,36.0,50.0,Tooth,,,,,,,,,,,,,,Enamel,Max LPm2,Infant-2/Child-1,3.5,6.5,-7.6,-3.6,,Knudson et al. (2015),DOI: 10.1002/ajpa.22694,San Pedro de Atacama Oasis,Antofagasta,Precordillera
Solor 3,Middle,Middle,Scaffidi and Knudson (2020): SO3-1,100.0,750,Scaffidi and Knudson (2020): SO3-1,-22.936111,-68.19694,2404,,,,,,,,F,Young Adult,21.0,35.0,Tooth,,,,,,,,,,,,,,Enamel,Max LM1,Infant-1/Infant-2,0.4,3.5,-7.8,,0.70808,Knudson & Torres-Rouff (2014),DOI: https://doi.org/10.7183/1045-6635.25.2.170,San Pedro de Atacama Oasis,Antofagasta,Precordillera
Solor 3,Middle,Middle,Scaffidi and Knudson (2020): SO3-2,100.0,750,Scaffidi and Knudson (2020): SO3-2,-22.936111,-68.19694,2404,,,,,,,,F,Middle Adult,36.0,50.0,Tooth,,,,,,,,,,,,,,Enamel,Max LM1,Infant-1/Infant-2,0.4,3.5,-7.8,,0.70809,Knudson & Torres-Rouff (2014),DOI: https://doi.org/10.7183/1045-6635.25.2.170,San Pedro de Atacama Oasis,Antofagasta,Precordillera
Solor 3,Middle,Middle,Scaffidi and Knudson (2020): SO3-3,100.0,750,Scaffidi and Knudson (2020): SO3-3,-22.936111,-68.19694,2404,,,,,,,,F,Young Adult,21.0,35.0,Tooth,,,,,,,,,,,,,,Enamel,Max LM1,Infant-1/Infant-2,0.4,3.5,-7.8,,0.70812,Knudson & Torres-Rouff (2014),DOI: https://doi.org/10.7183/1045-6635.25.2.170,San Pedro de Atacama Oasis,Antofagasta,Precordillera
Solor 3,Middle,Middle,Scaffidi and Knudson (2020): SO3-4,100.0,750,Scaffidi and Knudson (2020): SO3-4,-22.936111,-68.19694,2404,,,,,,,,F,Young Adult,21.0,35.0,Tooth,,,,,,,,,,,,,,Enamel,Max LM1,Infant-1/Infant-2,0.4,3.5,-7.8,,0.70816,Knudson & Torres-Rouff (2014),DOI: https://doi.org/10.7183/1045-6635.25.2.170,San Pedro de Atacama Oasis,Antofagasta,Precordillera
Solor 3,Middle,Middle,Scaffidi and Knudson (2020): SO3-5,100.0,750,Scaffidi and Knudson (2020): SO3-5,-22.936111,-68.19694,2404,,,,,,,,F,Young Adult,21.0,35.0,Tooth,,,,,,,,,,,,,,Enamel,Max LM1,Infant-1/Infant-2,0.4,3.5,-7.8,,0.70827,Knudson & Torres-Rouff (2014),DOI: https://doi.org/10.7183/1045-6635.25.2.170,San Pedro de Atacama Oasis,Antofagasta,Precordillera
Solor 3,Middle,Middle,Scaffidi and Knudson (2020): SO3-6,100.0,750,Scaffidi and Knudson (2020): SO3-6,-22.936111,-68.19694,2404,,,,,,,,F,Young Adult,21.0,35.0,Tooth,,,,,,,,,,,,,,Enamel,Max LM1,Infant-1/Infant-2,0.4,3.5,-7.8,,0.70861,Knudson & Torres-Rouff (2014),DOI: https://doi.org/10.7183/1045-6635.25.2.170,San Pedro de Atacama Oasis,Antofagasta,Precordillera
Solor 3,Middle,Middle,Scaffidi and Knudson (2020): SO3-7,100.0,750,Scaffidi and Knudson (2020): SO3-7,-22.936111,-68.19694,2404,,,,,,,,M,Young Adult,21.0,35.0,Tooth,,,,,,,,,,,,,,Enamel,Max LM1,Infant-1/Infant-2,0.4,3.5,-7.8,,0.70907,Knudson & Torres-Rouff (2014),DOI: https://doi.org/10.7183/1045-6635.25.2.170,San Pedro de Atacama Oasis,Antofagasta,Precordillera
Solor 3,Middle,Middle,Scaffidi and Knudson (2020): SO3-8,100.0,750,Scaffidi and Knudson (2020): SO3-8,-22.936111,-68.19694,2404,,,,,,,,M,Middle Adult,36.0,50.0,Tooth,,,,,,,,,,,,,,Enamel,Mand LM1,Infant-1/Infant-2,0.4,3.5,-7.8,,0.71727,Knudson & Torres-Rouff (2014),DOI: https://doi.org/10.7183/1045-6635.25.2.170,San Pedro de Atacama Oasis,Antofagasta,Precordillera
Solor 3,Middle,Middle,Scaffidi and Knudson (2020): SO3-9,100.0,750,Scaffidi and Knudson (2020): SO3-9,-22.936111,-68.19694,2404,,,,,,,,und,Subadult,,,Tooth,,,,,,,,,,,,,,Enamel,Max LM1,Infant-1/Infant-2,0.4,3.5,-7.8,,0.70827,Knudson & Torres-Rouff (2014),DOI: https://doi.org/10.7183/1045-6635.25.2.170,San Pedro de Atacama Oasis,Antofagasta,Precordillera
Solor 3,Middle,Middle,Scaffidi and Knudson (2020): SO3-10,100.0,750,Scaffidi and Knudson (2020): SO3-10,-22.936111,-68.19694,2404,,,,,,,,F,Middle Adult,36.0,50.0,Tooth,,,,,,,,,,,,,,Enamel,Max LPm2,Infant-2/Child-1,3.5,6.5,,,0.70786,Knudson & Torres-Rouff (2014),DOI: https://doi.org/10.7183/1045-6635.25.2.170,San Pedro de Atacama Oasis,Antofagasta,Precordillera
Solor 3,Middle,Middle,Scaffidi and Knudson (2020): SO3-11,100.0,750,Scaffidi and Knudson (2020): SO3-11,-22.936111,-68.19694,2404,,,,,,,,F,Middle Adult,36.0,50.0,Tooth,,,,,,,,,,,,,,Enamel,Max RM2,Infant-2/Child-1,2.5,8.0,,,0.70788,Knudson & Torres-Rouff (2014),DOI: https://doi.org/10.7183/1045-6635.25.2.170,San Pedro de Atacama Oasis,Antofagasta,Precordillera
Solor 3,Middle,Middle,Scaffidi and Knudson (2020): SO3-12,100.0,750,Scaffidi and Knudson (2020): SO3-12,-22.936111,-68.19694,2404,,,,,,,,F,Young Adult,21.0,35.0,Tooth,,,,,,,,,,,,,,Enamel,Max RM2,Infant-2/Child-1,2.5,8.0,,,0.70802,Knudson & Torres-Rouff (2014),DOI: https://doi.org/10.7183/1045-6635.25.2.170,San Pedro de Atacama Oasis,Antofagasta,Precordillera
Solor 3,Middle,Middle,Scaffidi and Knudson (2020): SO3-13,100.0,750,Scaffidi and Knudson (2020): SO3-13,-22.936111,-68.19694,2404,,,,,,,,F,Young Adult,21.0,35.0,Tooth,,,,,,,,,,,,,,Enamel,Max LPm1,Infant-2/Child 1,2.5,6.0,,,0.7081,Knudson & Torres-Rouff (2014),DOI: https://doi.org/10.7183/1045-6635.25.2.170,San Pedro de Atacama Oasis,Antofagasta,Precordillera
Solor 3,Middle,Middle,Scaffidi and Knudson (2020): SO3-14,100.0,750,Scaffidi and Knudson (2020): SO3-14,-22.936111,-68.19694,2404,,,,,,,,F,Young Adult,21.0,35.0,Tooth,,,,,,,,,,,,,,Enamel,Max LM2,Infant-2/Child-1,2.5,8.0,,,0.70811,Knudson & Torres-Rouff (2014),DOI: https://doi.org/10.7183/1045-6635.25.2.170,San Pedro de Atacama Oasis,Antofagasta,Precordillera
Solor 3,Middle,Middle,Scaffidi and Knudson (2020): SO3-15,100.0,750,Scaffidi and Knudson (2020): SO3-15,-22.936111,-68.19694,2404,,,,,,,,F,Middle Adult,36.0,50.0,Tooth,,,,,,,,,,,,,,Enamel,Max RPm2,Infant-2/Child-1,3.5,6.5,,,0.70811,Knudson & Torres-Rouff (2014),DOI: https://doi.org/10.7183/1045-6635.25.2.170,San Pedro de Atacama Oasis,Antofagasta,Precordillera
Solor 3,Middle,Middle,Scaffidi and Knudson (2020): SO3-16,100.0,750,Scaffidi and Knudson (2020): SO3-16,-22.936111,-68.19694,2404,,,,,,,,F,Middle Adult,36.0,50.0,Tooth,,,,,,,,,,,,,,Enamel,Max LPm1,Infant-2/Child 1,2.5,6.0,,,0.70813,Knudson & Torres-Rouff (2014),DOI: https://doi.org/10.7183/1045-6635.25.2.170,San Pedro de Atacama Oasis,Antofagasta,Precordillera
Solor 3,Middle,Middle,Scaffidi and Knudson (2020): SO3-17,100.0,750,Scaffidi and Knudson (2020): SO3-17,-22.936111,-68.19694,2404,,,,,,,,F,Middle Adult,36.0,50.0,Tooth,,,,,,,,,,,,,,Enamel,Max LM2,Infant-2/Child-1,2.5,8.0,,,0.70819,Knudson & Torres-Rouff (2014),DOI: https://doi.org/10.7183/1045-6635.25.2.170,San Pedro de Atacama Oasis,Antofagasta,Precordillera
Solor 3,Middle,Middle,Scaffidi and Knudson (2020): SO3-18,100.0,750,Scaffidi and Knudson (2020): SO3-18,-22.936111,-68.19694,2404,,,,,,,,F,Middle Adult,36.0,50.0,Tooth,,,,,,,,,,,,,,Enamel,Max RPm1,Infant-2/Child 1,2.5,6.0,,,0.70875,Knudson & Torres-Rouff (2014),DOI: https://doi.org/10.7183/1045-6635.25.2.170,San Pedro de Atacama Oasis,Antofagasta,Precordillera
Solor 3,Middle,Middle,Scaffidi and Knudson (2020): SO3-19,100.0,750,Scaffidi and Knudson (2020): SO3-19,-22.936111,-68.19694,2404,,,,,,,,M,Middle Adult,36.0,50.0,Tooth,,,,,,,,,,,,,,Enamel,Max LPm1,Infant-2/Child 1,2.5,6.0,,,0.70782,Knudson & Torres-Rouff (2014),DOI: https://doi.org/10.7183/1045-6635.25.2.170,San Pedro de Atacama Oasis,Antofagasta,Precordillera
Solor 3,Middle,Middle,Scaffidi and Knudson (2020): SO3-20,100.0,750,Scaffidi and Knudson (2020): SO3-20,-22.936111,-68.19694,2404,,,,,,,,und,Middle Adult,36.0,50.0,Tooth,,,,,,,,,,,,,,Enamel,Mand LPm1,Infant-2/Child 1,2.0,5.5,,,0.70796,Knudson & Torres-Rouff (2014),DOI: https://doi.org/10.7183/1045-6635.25.2.170,San Pedro de Atacama Oasis,Antofagasta,Precordillera
Camarones 17,Archaic,Middle Archaic,Camarones-17 Tomb-1 Body-3,-5000.0,-3000,Camarones-17 Tomb-1 Body-3,-19.194182,-70.264011,38,,,,,,,,M,Infant-1,0.0,0.5,Hair,Hair keratin,,Infant-1,0.0,0.5,,,,,,32.1,,17.3,,,,,,,,,Aufderheide et al. (1993),https://doi.org/10.1002/ajpa.1330910205,Lower Camarones Valley,Arica y Parinacota,Coast
Camarones 17,Archaic,Middle Archaic,SrCHIL 36,-5000.0,-3000,CAM17T1C1,-19.194182,-70.264011,37,,,,,,,,F,Adult,,,Tooth,,,,,,,,,,,,,,Enamel,Max RM2,Infant-2/Child-1,2.5,8.0,,,0.708779,Standen et al. (2017),https://doi.org/10.1002/gea.21594,Lower Camarones Valley,Arica y Parinacota,Coast
Camarones 8,Archaic,Middle Archaic,Camarones-8 Tomb-1 Body-1,-5000.0,-3000,Camarones-8 Tomb-1 Body-1,-19.191619,-70.260076,44,14C,GX15079,4635.0,90.0,-3628.0,-3027.0,Mummified tissue (muscle),M,Infant-2,1.5,2.5,Muscle + Duramater,Muscle + Duramater,,Infant-2,1.5,2.5,,,,,-18.2,32.1,,,,,,,,,,,Aufderheide et al. (1993),https://doi.org/10.1002/ajpa.1330910205,Lower Camarones Valley,Arica y Parinacota,Coast
Camarones PN,Archaic,Middle Archaic,SrCHIL 49,-5000.0,-3000,CAM-Pn-E3,-19.183056,-70.273056,20,,,,,,,,und,Adult,,,Tooth,,,,,,,,,,,,,,Enamel,Max RM2,Infant-2/Child-1,2.5,8.0,,,0.708679,Standen et al. (2017),https://doi.org/10.1002/gea.21594,Lower Camarones Valley,Arica y Parinacota,Coast
Camarones PN,Archaic,Middle Archaic,SrCHIL 28,-5000.0,-3000,CAM-Pn-E1,-19.183056,-70.273056,20,,,,,,,,und,Adult,,,Tooth,,,,,,,,,,,,,,Enamel,Mand RM3,Child-2/Adolescent-1,8.5,14.0,,,0.708736,Standen et al. (2017),https://doi.org/10.1002/gea.21594,Lower Camarones Valley,Arica y Parinacota,Coast
Chinchorro 1,Archaic,Middle Archaic,SrCHIL 30,-5000.0,-3000,CH1C1,-18.4616376,-70.296254,30,,,,,,,,und,Infant-2,1.0,5.0,Tooth,,,,,,,,,,,,,,Enamel,Mand RM2,Infant-2/Child-1,2.5,8.0,,,0.708868,Standen et al. (2017),https://doi.org/10.1002/gea.21594,Arica Coast,Arica y Parinacota,Coast
Maderas Enco,Archaic,Middle Archaic,Maderas Enco C1,-5000.0,-3000,Maderas Enco C1,-18.4565,-70.2954,30,,,,,,,,,,,,Hair,Hair keratin,,,,,,,,,,,,15.8,,,,,,,,,Macko et al. (1999),https://doi.org/10.1098/rstb.1999.0360,Arica Coast,Arica y Parinacota,Coast
Maderas Enco,Archaic,Middle Archaic,Maderas Enco C3,-5000.0,-3000,Maderas Enco C3,-18.4565,-70.2954,30,,,,,,,,,,,,Hair,Hair keratin,,,,,,,,,,,,13.6,,,,,,,,,Macko et al. (1999),https://doi.org/10.1098/rstb.1999.0360,Arica Coast,Arica y Parinacota,Coast
Maestranza CH,Archaic,Middle Archaic,SrCHIL 27,-5000.0,-3000,MtzaCH-C9,-18.464487,-70.301135,30,,,,,,,,F,Adult,,,Tooth,,,,,,,,,,,,,,Enamel,Max RM2,Infant-2/Child-1,2.5,8.0,,,0.708898,Standen et al. (2017),https://doi.org/10.1002/gea.21594,Arica Coast,Arica y Parinacota,Coast
Maestranza CH,Archaic,Middle Archaic,SrCHIL 40,-5000.0,-3000,MtzaCH-C1,-18.464487,-70.301135,30,,,,,,,,F,Adult,,,Tooth,,,,,,,,,,,,,,Enamel,Mand RM2,Infant-2/Child-1,2.5,8.0,,,0.708887,Standen et al. (2017),https://doi.org/10.1002/gea.21594,Arica Coast,Arica y Parinacota,Coast
Morro 1,Archaic,Middle Archaic,MO1R2,-5000.0,-3000,MO1R2,-18.481108,-70.321679,62,,,,,,,,,,,,Hair,Hair keratin,,,,,,,,,,,,16.5,,,,,,,,,Macko et al. (1999),https://doi.org/10.1098/rstb.1999.0360,Arica Coast,Arica y Parinacota,Coast
Morro 1,Archaic,Middle Archaic,MO1T28C14,-5000.0,-3000,MO1T28C14,-18.481108,-70.321679,62,,,,,,,,,,,,Hair,Hair keratin,,,,,,,,,,,,15.6,,,,,,,,,Macko et al. (1999),https://doi.org/10.1098/rstb.1999.0360,Arica Coast,Arica y Parinacota,Coast
Morro 1,Archaic,Middle Archaic,MO16T22,-5000.0,-3000,MO16T22,-18.481108,-70.321679,62,,,,,,,,,,,,Hair,Hair keratin,,,,,,,,,,,,15.9,,,,,,,,,Macko et al. (1999),https://doi.org/10.1098/rstb.1999.0360,Arica Coast,Arica y Parinacota,Coast
Morro 1,Archaic,Middle Archaic,MO16T53,-5000.0,-3000,MO16T53,-18.481108,-70.321679,62,,,,,,,,,,,,Hair,Hair keratin,,,,,,,,,,,,14.8,,,,,,,,,Macko et al. (1999),https://doi.org/10.1098/rstb.1999.0360,Arica Coast,Arica y Parinacota,Coast
Morro 1,Archaic,Middle Archaic,SrCHIL 20,-5000.0,-3000,M1T1C4,-18.481108,-70.321679,62,,,,,,,,M,Adult,,,Tooth,,,,,,,,,,,,,,Enamel,Mand RM3,Child-2/Adolescent-1,8.5,14.0,,,0.708876,Standen et al. (2017),https://doi.org/10.1002/gea.21594,Arica Coast,Arica y Parinacota,Coast
Patapatane,Archaic,Middle Archaic,SrCHIL 34,-5000.0,-3000,Pata-E1,-18.140556,-69.694444,3745,,,,,,,,F,Adult,,,Tooth,,,,,,,,,,,,,,Enamel,Max LM3,Child-2/Adolescent-1,8.5,14.0,,,0.708322,Standen et al. (2017),https://doi.org/10.1002/gea.21594,Puquios,Arica y Parinacota,Altiplano
Playa Miller 8,Archaic,Middle Archaic,SrCHIL 32,-5000.0,-3000,PLM8CR01,-18.495148,-70.324746,18,,,,,,,,M,Adult,,,Tooth,,,,,,,,,,,,,,Enamel,Mand RPm2,Infant-2/Child 1,2.5,6.5,,,0.709024,Standen et al. (2017),https://doi.org/10.1002/gea.21594,Arica Coast,Arica y Parinacota,Coast
Playa Miller 8,Archaic,Middle Archaic,SrCHIL 43,-5000.0,-3000,PLM8B1,-18.495148,-70.324746,18,,,,,,,,F,Adult,,,Tooth,,,,,,,,,,,,,,Enamel,Max RPm2,Infant-2/Child 1,3.5,6.5,,,0.709061,Standen et al. (2017),https://doi.org/10.1002/gea.21594,Arica Coast,Arica y Parinacota,Coast
TGN2,Formative,Formative,TGN1-14,-1000.0,100,TGN1-14,-23.066073,-70.373036,25,14C-AMS,UGAMS6001,2320.0,25.0,,-367.0,Bone collagen,F,Old Adult,20.0,,Bone,Bone collagen,,Adult,,,,,,,-13.5,27.6,,,Bone apatite,,Adult,,,-9.1,-0.4,,Ballester and Clarot (2014),https://www.researchgate.net/publication/342500271_La_Gente_de_los_Tumulos_de_Tierra,"Mejillones Bay, Mejillones Port",Antofagasta,Coast
San Salvador Cemetery,Formative,Middle Formative,A-19,-170.0,130,2024-01-01 00:00:00,-22.4535,-69.3202,1374,,,,,,,,M,Adult,,,Bone,Bone collagen,Rib,Adult,,,4.4,40.0,13.5,3.5,-16.6,11.2,,,,,,,,-10.9,,,Torres-Rouff et al. (2012),https://www.jstor.org/stable/43460200,"San Salvador Valley, Loa Basin, Calama",Antofagasta,Lowlands
San Salvador Cemetery,Formative,Middle Formative,E-109,-170.0,130,2024-02-01 00:00:00,-22.4535,-69.3202,1374,,,,,,,,und,Child-2,8.0,12.0,Bone,Bone collagen,Metatarsal,Child-2,8.0,12.0,2.7,12.4,4.1,3.5,-17.4,13.3,,,,,,,,-13.3,,,Torres-Rouff et al. (2012),https://www.jstor.org/stable/43460200,"San Salvador Valley, Loa Basin, Calama",Antofagasta,Lowlands
San Salvador Cemetery,Formative,Middle Formative,F-27,-170.0,130,2024-02-02 00:00:00,-22.4535,-69.3202,1374,,,,,,,,und,Adult,,,Tooth,Dentin collagen,M3,Child-2/Adolescent-2,8.5,19.5,12.3,36.2,12.8,3.3,-16.9,15.4,,,,,,,,-12.1,,,Torres-Rouff et al. (2012),https://www.jstor.org/stable/43460200,"San Salvador Valley, Loa Basin, Calama",Antofagasta,Lowlands
San Salvador Cemetery,Formative,Middle Formative,A-25,-170.0,130,2024-01-03 00:00:00,-22.4535,-69.3202,1374,,,,,,,,M,Middle Adult,36.0,50.0,Bone,Bone collagen,Humerus,Adult,,,2.1,34.2,11.5,3.5,-18.3,12.9,,,,,,,,-10.4,,,Torres-Rouff et al. (2012),https://www.jstor.org/stable/43460200,"San Salvador Valley, Loa Basin, Calama",Antofagasta,Lowlands
San Salvador Cemetery,Formative,Middle Formative,A-26,-170.0,130,2024-01-05 00:00:00,-22.4535,-69.3202,1374,,,,,,,,M,Middle Adult,36.0,50.0,Bone,Bone collagen,Rib,Adult,,,19.0,42.1,14.5,3.4,-15.5,14.4,,,,,,,,-10.6,,,Torres-Rouff et al. (2012),https://www.jstor.org/stable/43460200,"San Salvador Valley, Loa Basin, Calama",Antofagasta,Lowlands
San Salvador Cemetery,Formative,Middle Formative,A-27,-170.0,130,2024-02-05 00:00:00,-22.4535,-69.3202,1374,,,,,,,,und,Adult,,,Bone,Bone collagen,Cranial bone,Adult,,,5.1,37.8,13.0,3.4,-16.2,14.6,,,,,,,,-11.3,,,Torres-Rouff et al. (2012),https://www.jstor.org/stable/43460200,"San Salvador Valley, Loa Basin, Calama",Antofagasta,Lowlands
San Salvador Cemetery,Formative,Middle Formative,A-70,-170.0,130,2024-01-08 00:00:00,-22.4535,-69.3202,1374,,,,,,,,und,Adolescent-2,16.0,20.0,Bone,Bone collagen,Long bone,Adolescent-2,16.0,20.0,4.0,29.9,10.8,3.2,-17.0,8.3,,,,,,,,-9.9,,,Torres-Rouff et al. (2012),https://www.jstor.org/stable/43460200,"San Salvador Valley, Loa Basin, Calama",Antofagasta,Lowlands
San Salvador Cemetery,Formative,Middle Formative,F-25,-170.0,130,2024-01-08 00:00:00,-22.4535,-69.3202,1374,,,,,,,,und,Adolescent-2,16.0,20.0,Tooth,,,Adolescent-2,16.0,20.0,,,,,,,,,Enamel,M3,Child-2/Adolescent-1,8.5,14.0,-14.3,,,Torres-Rouff et al. (2012),https://www.jstor.org/stable/43460200,"San Salvador Valley, Loa Basin, Calama",Antofagasta,Lowlands
San Salvador Cemetery,Formative,Middle Formative,A-29,-170.0,130,2024-01-10 00:00:00,-22.4535,-69.3202,1374,,,,,,,,und,Adult,,,Bone,Bone collagen,Humerus,Adult,,,0.6,22.4,7.2,3.6,-17.4,10.6,,,,,,,,-9.7,,,Torres-Rouff et al. (2012),https://www.jstor.org/stable/43460200,"San Salvador Valley, Loa Basin, Calama",Antofagasta,Lowlands
San Salvador Cemetery,Formative,Middle Formative,A-72,-170.0,130,2024-01-10 00:00:00,-22.4535,-69.3202,1374,,,,,,,,und,Adult,,,Bone,Bone collagen,Fibula,Adult,,,1.9,17.2,5.8,3.5,-15.5,11.6,,,,,,,,-9.4,,,Torres-Rouff et al. (2012),https://www.jstor.org/stable/43460200,"San Salvador Valley, Loa Basin, Calama",Antofagasta,Lowlands
Quitor 5,Middle,Middle,I20,500.0,1000,1916,-22.898056,-68.205556,2462,,,,,,,,und,,,,Bone,Bone collagen,,,,,13.1,32.7,11.9,3.2,-14.7,9.5,,,Bone apatite,,,,,-9.2,,,Pestle et al. (2016),http://dx.doi.org/10.1016/j.jasrep.2016.03.048,San Pedro de Atacama Oasis,Antofagasta,Precordillera
Quitor 5,Middle,Middle,I21,500.0,1000,2245,-22.898056,-68.205556,2462,,,,,,,,M,,,,Bone,Bone collagen,,,,,18.9,38.1,13.6,3.3,-11.5,10.2,,,Bone apatite,,,,,-6.3,,,Pestle et al. (2016),http://dx.doi.org/10.1016/j.jasrep.2016.03.048,San Pedro de Atacama Oasis,Antofagasta,Precordillera
Quitor 5,Middle,Middle,I22,500.0,1000,3066,-22.898056,-68.205556,2462,,,,,,,,F,,,,Bone,Bone collagen,,,,,6.3,30.0,10.7,3.3,-16.6,9.3,,,Bone apatite,,,,,-12.8,,,Pestle et al. (2016),http://dx.doi.org/10.1016/j.jasrep.2016.03.048,San Pedro de Atacama Oasis,Antofagasta,Precordillera
Quitor 5,Middle,Middle,I23,500.0,1000,2179,-22.898056,-68.205556,2462,,,,,,,,M,,,,Bone,Bone collagen,,,,,2.9,17.9,6.3,3.3,-10.9,10.8,,,Bone apatite,,,,,-5.3,,,Pestle et al. (2016),http://dx.doi.org/10.1016/j.jasrep.2016.03.048,San Pedro de Atacama Oasis,Antofagasta,Precordillera
Quitor 5,Middle,Middle,I24,500.0,1000,2109,-22.898056,-68.205556,2462,,,,,,,,und,,,,Bone,Bone collagen,,,,,18.4,39.3,14.0,3.3,-14.9,11.0,,,Bone apatite,,,,,-11.1,,,Pestle et al. (2016),http://dx.doi.org/10.1016/j.jasrep.2016.03.048,San Pedro de Atacama Oasis,Antofagasta,Precordillera
Quitor 5,Middle,Middle,I25,500.0,1000,2100,-22.898056,-68.205556,2462,,,,,,,,M,,,,Bone,Bone collagen,,,,,15.9,40.5,14.8,3.2,-12.8,10.7,,,Bone apatite,,,,,-7.6,,,Pestle et al. (2016),http://dx.doi.org/10.1016/j.jasrep.2016.03.048,San Pedro de Atacama Oasis,Antofagasta,Precordillera
Quitor 5,Middle,Middle,I26,500.0,1000,2055,-22.898056,-68.205556,2462,,,,,,,,und,,,,Bone,Bone collagen,,,,,24.1,42.2,15.2,3.2,-16.4,9.5,,,Bone apatite,,,,,-10.2,,,Pestle et al. (2016),http://dx.doi.org/10.1016/j.jasrep.2016.03.048,San Pedro de Atacama Oasis,Antofagasta,Precordillera
Quitor 5,Middle,Middle,I27,500.0,1000,1998,-22.898056,-68.205556,2462,,,,,,,,und,,,,Bone,Bone collagen,,,,,2.2,0.3,0.1,4.8,-19.0,5.7,,,Bone apatite,,,,,-13.0,,,Pestle et al. (2016),http://dx.doi.org/10.1016/j.jasrep.2016.03.048,San Pedro de Atacama Oasis,Antofagasta,Precordillera
Quitor 5,Middle,Middle,I28,500.0,1000,2026,-22.898056,-68.205556,2462,,,,,,,,M,,,,Bone,Bone collagen,,,,,21.3,40.4,14.5,3.2,-15.4,9.1,,,Bone apatite,,,,,-10.8,,,Pestle et al. (2016),http://dx.doi.org/10.1016/j.jasrep.2016.03.048,San Pedro de Atacama Oasis,Antofagasta,Precordillera
Quitor 5,Middle,Middle,I29,500.0,1000,1942,-22.898056,-68.205556,2462,,,,,,,,und,,,,Bone,Bone collagen,,,,,19.1,40.5,14.9,3.2,-17.0,9.0,,,Bone apatite,,,,,-12.3,,,Pestle et al. (2016),http://dx.doi.org/10.1016/j.jasrep.2016.03.048,San Pedro de Atacama Oasis,Antofagasta,Precordillera
Quitor 5,Middle,Middle,I30,500.0,1000,2212,-22.898056,-68.205556,2462,,,,,,,,F,,,,Bone,Bone collagen,,,,,8.6,32.7,11.7,3.3,-12.5,10.7,,,Bone apatite,,,,,-7.9,,,Pestle et al. (2016),http://dx.doi.org/10.1016/j.jasrep.2016.03.048,San Pedro de Atacama Oasis,Antofagasta,Precordillera
Quitor 5,Middle,Middle,I31,500.0,1000,3368,-22.898056,-68.205556,2462,,,,,,,,F,,,,Bone,Bone collagen,,,,,2.6,16.4,5.7,3.4,-16.5,8.6,,,Bone apatite,,,,,-12.5,,,Pestle et al. (2016),http://dx.doi.org/10.1016/j.jasrep.2016.03.048,San Pedro de Atacama Oasis,Antofagasta,Precordillera
Quitor 5,Middle,Middle,I32,500.0,1000,3397,-22.898056,-68.205556,2462,,,,,,,,F,,,,Bone,Bone collagen,,,,,11.1,,,,-17.3,7.5,,,Bone apatite,,,,,-12.5,,,Pestle et al. (2016),http://dx.doi.org/10.1016/j.jasrep.2016.03.048,San Pedro de Atacama Oasis,Antofagasta,Precordillera
Quitor 5,Middle,Middle,I33,500.0,1000,1921,-22.898056,-68.205556,2462,,,,,,,,M,,,,Bone,Bone collagen,,,,,6.5,30.7,10.9,3.3,-13.0,10.5,,,Bone apatite,,,,,-7.5,,,Pestle et al. (2016),http://dx.doi.org/10.1016/j.jasrep.2016.03.048,San Pedro de Atacama Oasis,Antofagasta,Precordillera
Quitor 5,Middle,Middle,I34,500.0,1000,2228,-22.898056,-68.205556,2462,,,,,,,,und,,,,Bone,Bone collagen,,,,,4.7,19.4,6.7,3.4,-15.6,9.2,,,Bone apatite,,,,,-10.2,,,Pestle et al. (2016),http://dx.doi.org/10.1016/j.jasrep.2016.03.048,San Pedro de Atacama Oasis,Antofagasta,Precordillera
Quitor 5,Middle,Middle,I35,500.0,1000,3370(80?),-22.898056,-68.205556,2462,,,,,,,,und,,,,Bone,Bone collagen,,,,,21.3,39.4,14.4,3.2,-15.9,9.7,,,Bone apatite,,,,,-11.8,,,Pestle et al. (2016),http://dx.doi.org/10.1016/j.jasrep.2016.03.048,San Pedro de Atacama Oasis,Antofagasta,Precordillera
Quitor 5,Middle,Middle,I36,500.0,1000,2020,-22.898056,-68.205556,2462,,,,,,,,F,,,,Bone,Bone collagen,,,,,16.2,30.4,11.0,3.2,-16.6,8.3,,,Bone apatite,,,,,-12.2,,,Pestle et al. (2016),http://dx.doi.org/10.1016/j.jasrep.2016.03.048,San Pedro de Atacama Oasis,Antofagasta,Precordillera
Quitor 5,Middle,Middle,I37,500.0,1000,2125,-22.898056,-68.205556,2462,,,,,,,,M,,,,Bone,Bone collagen,,,,,21.4,39.3,14.3,3.2,-16.1,10.0,,,Bone apatite,,,,,-11.4,,,Pestle et al. (2016),http://dx.doi.org/10.1016/j.jasrep.2016.03.048,San Pedro de Atacama Oasis,Antofagasta,Precordillera
Quitor 5,Middle,Middle,I38,500.0,1000,3348bis,-22.898056,-68.205556,2462,,,,,,,,und,,,,Bone,Bone collagen,,,,,2.8,1.2,0.1,12.8,-22.0,11.4,,,Bone apatite,,,,,-9.1,,,Pestle et al. (2016),http://dx.doi.org/10.1016/j.jasrep.2016.03.048,San Pedro de Atacama Oasis,Antofagasta,Precordillera
Quitor 8,Middle,Middle,H-110,500.0,1000,3184,-22.908383,-68.205559,2443,,,,,,,,und,,,,Bone,Bone collagen,,,,,1.2,3.4,0.5,7.4,-17.4,13.5,,,Bone apatite,,,,,,,,Pestle et al. (2016),http://dx.doi.org/10.1016/j.jasrep.2016.03.048,San Pedro de Atacama Oasis,Antofagasta,Precordillera
Quitor 8,Middle,Middle,H-111,500.0,1000,3146,-22.908383,-68.205559,2443,,,,,,,,F,,,,Bone,Bone collagen,,,,,3.4,25.2,8.8,3.4,-16.4,10.3,,,Bone apatite,,,,,-9.8,,,Pestle et al. (2016),http://dx.doi.org/10.1016/j.jasrep.2016.03.048,San Pedro de Atacama Oasis,Antofagasta,Precordillera
Quitor 8,Middle,Middle,H-112,500.0,1000,3161,-22.908383,-68.205559,2443,,,,,,,,und,,,,Bone,Bone collagen,,,,,1.5,1.0,0.2,6.2,-19.2,7.3,,,Bone apatite,,,,,,,,Pestle et al. (2016),http://dx.doi.org/10.1016/j.jasrep.2016.03.048,San Pedro de Atacama Oasis,Antofagasta,Precordillera
Quitor 8,Middle,Middle,H-113,500.0,1000,3227,-22.908383,-68.205559,2443,,,,,,,,und,,,,Bone,Bone collagen,,,,,4.3,27.1,9.4,3.3,-15.8,10.9,,,Bone apatite,,,,,-11.3,,,Pestle et al. (2016),http://dx.doi.org/10.1016/j.jasrep.2016.03.048,San Pedro de Atacama Oasis,Antofagasta,Precordillera
Quitor 8,Middle,Middle,H-114,500.0,1000,3188,-22.908383,-68.205559,2443,,,,,,,,und,,,,Bone,Bone collagen,,,,,1.7,7.4,2.2,3.9,-16.4,9.7,,,Bone apatite,,,,,,,,Pestle et al. (2016),http://dx.doi.org/10.1016/j.jasrep.2016.03.048,San Pedro de Atacama Oasis,Antofagasta,Precordillera
Quitor 8,Middle,Middle,H-115,500.0,1000,3177,-22.908383,-68.205559,2443,,,,,,,,und,,,,Bone,Bone collagen,,,,,1.2,5.9,0.8,9.0,-16.3,13.2,,,Bone apatite,,,,,,,,Pestle et al. (2016),http://dx.doi.org/10.1016/j.jasrep.2016.03.048,San Pedro de Atacama Oasis,Antofagasta,Precordillera
Quitor 8,Middle,Middle,H-116,500.0,1000,3166,-22.908383,-68.205559,2443,,,,,,,,und,,,,Bone,Bone collagen,,,,,1.7,1.1,,3.2,-21.6,9.1,,,Bone apatite,,,,,,,,Pestle et al. (2016),http://dx.doi.org/10.1016/j.jasrep.2016.03.048,San Pedro de Atacama Oasis,Antofagasta,Precordillera
Quitor 8,Middle,Middle,I1,500.0,1000,3172,-22.908383,-68.205559,2443,,,,,,,,und,,,,Bone,Bone collagen,,,,,1.6,,,,,,,,Bone apatite,,,,,-11.9,,,Pestle et al. (2016),http://dx.doi.org/10.1016/j.jasrep.2016.03.048,San Pedro de Atacama Oasis,Antofagasta,Precordillera
Quitor 8,Middle,Middle,I2,500.0,1000,3202,-22.908383,-68.205559,2443,,,,,,,,F,,,,Bone,Bone collagen,,,,,2.9,26.3,9.2,3.3,-16.5,10.5,,,Bone apatite,,,,,-12.3,,,Pestle et al. (2016),http://dx.doi.org/10.1016/j.jasrep.2016.03.048,San Pedro de Atacama Oasis,Antofagasta,Precordillera
Quitor 8,Middle,Middle,I3,500.0,1000,3195,-22.908383,-68.205559,2443,,,,,,,,und,,,,Bone,Bone collagen,,,,,1.3,,,,-20.7,6.8,,,Bone apatite,,,,,-11.7,,,Pestle et al. (2016),http://dx.doi.org/10.1016/j.jasrep.2016.03.048,San Pedro de Atacama Oasis,Antofagasta,Precordillera
Quitor 8,Middle,Middle,I4,500.0,1000,3156,-22.908383,-68.205559,2443,,,,,,,,und,,,,Bone,Bone collagen,,,,,1.2,,,,-19.6,10.1,,,Bone apatite,,,,,-11.9,,,Pestle et al. (2016),http://dx.doi.org/10.1016/j.jasrep.2016.03.048,San Pedro de Atacama Oasis,Antofagasta,Precordillera
Quitor 8,Middle,Middle,I5,500.0,1000,3160,-22.908383,-68.205559,2443,,,,,,,,und,,,,Bone,Bone collagen,,,,,1.5,0.4,0.1,4.5,-19.3,8.6,,,Bone apatite,,,,,-11.1,,,Pestle et al. (2016),http://dx.doi.org/10.1016/j.jasrep.2016.03.048,San Pedro de Atacama Oasis,Antofagasta,Precordillera
Solcor 3,Middle,Middle,G-81,750.0,1000,T8. 1161A,-22.915,-68.19833,2438,,,,,,,,F,,,,Bone,Bone collagen,Rib,,,,14.3,43.0,15.6,3.2,-14.7,10.3,,,Bone apatite,Rib,,,,-9.8,,,Pestle et al. (2017),https://doi.org/10.1007/s12520-016-0398-9,San Pedro de Atacama Oasis,Antofagasta,Precordillera
Solcor 3,Middle,Middle,G-82,750.0,1000,T70. 2513,-22.915,-68.19833,2438,,,,,,,,F,,,,Bone,Bone collagen,Rib,,,,20.5,44.3,16.0,3.2,-14.4,11.4,,,Bone apatite,Rib,,,,-9.0,,,Pestle et al. (2017),https://doi.org/10.1007/s12520-016-0398-9,San Pedro de Atacama Oasis,Antofagasta,Precordillera
Solcor 3,Middle,Middle,G-83,750.0,1000,T117. 13.156,-22.915,-68.19833,2438,,,,,,,,M,,,,Bone,Bone collagen,Rib,,,,19.7,44.4,16.1,3.2,-13.3,11.0,,,Bone apatite,Rib,,,,-7.6,,,Pestle et al. (2017),https://doi.org/10.1007/s12520-016-0398-9,San Pedro de Atacama Oasis,Antofagasta,Precordillera
Solcor 3,Middle,Middle,G-84,750.0,1000,T60. 2342,-22.915,-68.19833,2438,,,,,,,,M,,,,Bone,Bone collagen,Rib,,,,17.6,42.6,15.5,3.2,-15.9,9.7,,,Bone apatite,Rib,,,,-11.9,,,Pestle et al. (2017),https://doi.org/10.1007/s12520-016-0398-9,San Pedro de Atacama Oasis,Antofagasta,Precordillera
Solcor 3,Middle,Middle,G-85,750.0,1000,T54. 2071,-22.915,-68.19833,2438,,,,,,,,M,,,,Bone,Bone collagen,Rib,,,,4.3,30.4,10.8,3.3,-16.5,9.6,,,Bone apatite,Rib,,,,-11.6,,,Pestle et al. (2017),https://doi.org/10.1007/s12520-016-0398-9,San Pedro de Atacama Oasis,Antofagasta,Precordillera
Solcor 3,Middle,Middle,G-86,750.0,1000,T60. 2341,-22.915,-68.19833,2438,,,,,,,,F,,,,Bone,Bone collagen,Rib,,,,20.5,43.9,15.9,3.2,-14.6,11.5,,,Bone apatite,Rib,,,,-9.5,,,Pestle et al. (2017),https://doi.org/10.1007/s12520-016-0398-9,San Pedro de Atacama Oasis,Antofagasta,Precordillera
Solcor 3,Middle,Middle,G-87,750.0,1000,T50. 1948,-22.915,-68.19833,2438,,,,,,,,und,,,,Bone,Bone collagen,Rib,,,,1.3,6.9,1.5,5.2,,,,,Bone apatite,Rib,,,,,,,Pestle et al. (2017),https://doi.org/10.1007/s12520-016-0398-9,San Pedro de Atacama Oasis,Antofagasta,Precordillera
Solcor 3,Middle,Middle,G-88,750.0,1000,T112. 13.111,-22.915,-68.19833,2438,,,,,,,,M,,,,Bone,Bone collagen,Rib,,,,18.8,42.5,15.4,3.2,-13.9,11.4,,,Bone apatite,Rib,,,,-9.2,,,Pestle et al. (2017),https://doi.org/10.1007/s12520-016-0398-9,San Pedro de Atacama Oasis,Antofagasta,Precordillera
Solcor 3,Middle,Middle,G-89,750.0,1000,T16. 3061,-22.915,-68.19833,2438,,,,,,,,F,,,,Bone,Bone collagen,Rib,,,,21.6,44.7,16.2,3.2,-15.5,11.7,,,Bone apatite,Rib,,,,-10.6,,,Pestle et al. (2017),https://doi.org/10.1007/s12520-016-0398-9,San Pedro de Atacama Oasis,Antofagasta,Precordillera
Solcor 3,Middle,Middle,G-90,750.0,1000,T44. 1871,-22.915,-68.19833,2438,,,,,,,,und,,,,Bone,Bone collagen,Rib,,,,21.9,44.3,16.1,3.2,-11.2,15.0,,,Bone apatite,Rib,,,,-7.9,,,Pestle et al. (2017),https://doi.org/10.1007/s12520-016-0398-9,San Pedro de Atacama Oasis,Antofagasta,Precordillera
Solcor 3,Middle,Middle,G-91,750.0,1000,T101. 3597,-22.915,-68.19833,2438,,,,,,,,und,,,,Bone,Bone collagen,Rib,,,,19.1,42.2,15.3,3.2,-11.5,10.9,,,Bone apatite,Rib,,,,-6.6,,,Pestle et al. (2017),https://doi.org/10.1007/s12520-016-0398-9,San Pedro de Atacama Oasis,Antofagasta,Precordillera
Solcor 3,Middle,Middle,H-10,750.0,1000,T70. 2514,-22.915,-68.19833,2438,,,,,,,,M,,,,Bone,Bone collagen,Rib,,,,17.3,44.3,16.1,3.2,-14.5,12.8,,,Bone apatite,Rib,,,,-10.5,,,Pestle et al. (2017),https://doi.org/10.1007/s12520-016-0398-9,San Pedro de Atacama Oasis,Antofagasta,Precordillera
Solcor 3,Middle,Middle,H-11,750.0,1000,T68. 2459,-22.915,-68.19833,2438,,,,,,,,und,,,,Bone,Bone collagen,Rib,,,,23.7,4.4,0.4,12.0,,,,,Bone apatite,Rib,,,,,,,Pestle et al. (2017),https://doi.org/10.1007/s12520-016-0398-9,San Pedro de Atacama Oasis,Antofagasta,Precordillera
Solcor 3,Middle,Middle,H-12,750.0,1000,T107. 13.118,-22.915,-68.19833,2438,,,,,,,,M,,,,Bone,Bone collagen,Rib,,,,20.1,42.7,15.4,3.2,-13.9,11.5,,,Bone apatite,Rib,,,,-8.7,,,Pestle et al. (2017),https://doi.org/10.1007/s12520-016-0398-9,San Pedro de Atacama Oasis,Antofagasta,Precordillera
Solcor 3,Middle,Middle,H-13,750.0,1000,T132. s/n,-22.915,-68.19833,2438,,,,,,,,M,,,,Bone,Bone collagen,Rib,,,,18.4,43.4,15.6,3.2,-11.5,10.9,,,Bone apatite,Rib,,,,-5.8,,,Pestle et al. (2017),https://doi.org/10.1007/s12520-016-0398-9,San Pedro de Atacama Oasis,Antofagasta,Precordillera
Solcor 3,Middle,Middle,H-7,750.0,1000,T27. 1629,-22.915,-68.19833,2438,,,,,,,,M,,,,Bone,Bone collagen,Rib,,,,20.4,42.6,15.4,3.2,-15.1,12.0,,,Bone apatite,Rib,,,,-11.3,,,Pestle et al. (2017),https://doi.org/10.1007/s12520-016-0398-9,San Pedro de Atacama Oasis,Antofagasta,Precordillera
Solcor 3,Middle,Middle,H-8,750.0,1000,T93. 3.083,-22.915,-68.19833,2438,,,,,,,,M,,,,Bone,Bone collagen,Rib,,,,1.5,17.4,5.7,3.6,-11.4,12.1,,,Bone apatite,Rib,,,,-5.8,,,Pestle et al. (2017),https://doi.org/10.1007/s12520-016-0398-9,San Pedro de Atacama Oasis,Antofagasta,Precordillera
Solcor 3,Middle,Middle,H-9,750.0,1000,T30. 1683,-22.915,-68.19833,2438,,,,,,,,F,,,,Bone,Bone collagen,Rib,,,,21.4,43.5,15.9,3.2,-14.7,10.6,,,Bone apatite,Rib,,,,-9.9,,,Pestle et al. (2017),https://doi.org/10.1007/s12520-016-0398-9,San Pedro de Atacama Oasis,Antofagasta,Precordillera
Solcor 3,Middle,Middle,955,750.0,1000,955,-22.915,-68.19833,2438,,,,,,,,M,,,,Bone,Bone collagen,Rib,,,,,,,3.3,-15.7,10.9,,,Bone apatite,Rib,,,,-9.0,-1.0,,Uribe et al. (2016),http://dx.doi.org/10.4067/S0717-73562016005000017,San Pedro de Atacama Oasis,Antofagasta,Precordillera
Solcor 3,Middle,Middle,1049,750.0,1000,1049,-22.915,-68.19833,2438,,,,,,,,F,,,,Bone,Bone collagen,Rib,,,,,,,3.5,-15.9,11.4,,,Bone apatite,Rib,,,,-8.1,-1.7,,Uribe et al. (2016),http://dx.doi.org/10.4067/S0717-73562016005000017,San Pedro de Atacama Oasis,Antofagasta,Precordillera
Solcor 3,Middle,Middle,1078,750.0,1000,1078,-22.915,-68.19833,2438,,,,,,,,F,,,,Bone,Bone collagen,Rib,,,,,,,3.2,-14.8,12.3,,,Bone apatite,Rib,,,,-8.6,-2.7,,Uribe et al. (2016),http://dx.doi.org/10.4067/S0717-73562016005000017,San Pedro de Atacama Oasis,Antofagasta,Precordillera
Solcor 3,Middle,Middle,1236,750.0,1000,1236,-22.915,-68.19833,2438,,,,,,,,F,,,,Bone,Bone collagen,Rib,,,,,,,3.3,-14.8,11.3,,,Bone apatite,Rib,,,,-8.8,-2.2,,Uribe et al. (2016),http://dx.doi.org/10.4067/S0717-73562016005000017,San Pedro de Atacama Oasis,Antofagasta,Precordillera
Solcor 3,Middle,Middle,3062A,750.0,1000,3062A,-22.915,-68.19833,2438,,,,,,,,M,,,,Bone,Bone collagen,Rib,,,,,,,3.5,-17.1,10.2,,,Bone apatite,Rib,,,,-10.6,-2.2,,Uribe et al. (2016),http://dx.doi.org/10.4067/S0717-73562016005000017,San Pedro de Atacama Oasis,Antofagasta,Precordillera
Solcor 3,Middle,Middle,3061,750.0,1000,3061,-22.915,-68.19833,2438,,,,,,,,M,,,,Bone,Bone collagen,Rib,,,,,,,3.1,-13.9,11.6,,,Bone apatite,Rib,,,,-7.3,-1.0,,Uribe et al. (2016),http://dx.doi.org/10.4067/S0717-73562016005000017,San Pedro de Atacama Oasis,Antofagasta,Precordillera
Solcor 3,Middle,Middle,3063,750.0,1000,3063,-22.915,-68.19833,2438,,,,,,,,F,,,,Bone,Bone collagen,Rib,,,,,,,3.5,-16.3,11.0,,,Bone apatite,Rib,,,,-9.5,-2.8,,Uribe et al. (2016),http://dx.doi.org/10.4067/S0717-73562016005000017,San Pedro de Atacama Oasis,Antofagasta,Precordillera
Solcor 3,Middle,Middle,1455,750.0,1000,1455,-22.915,-68.19833,2438,,,,,,,,F,,,,Bone,Bone collagen,Rib,,,,,,,3.3,-15.9,11.6,,,Bone apatite,Rib,,,,-9.8,-0.3,,Uribe et al. (2016),http://dx.doi.org/10.4067/S0717-73562016005000017,San Pedro de Atacama Oasis,Antofagasta,Precordillera
Solcor 3,Middle,Middle,1456,750.0,1000,1456,-22.915,-68.19833,2438,,,,,,,,F,,,,Bone,Bone collagen,Rib,,,,,,,3.3,-12.8,11.8,,,Bone apatite,Rib,,,,-5.7,-3.0,,Uribe et al. (2016),http://dx.doi.org/10.4067/S0717-73562016005000017,San Pedro de Atacama Oasis,Antofagasta,Precordillera
Solcor 3,Middle,Middle,1516,750.0,1000,1516,-22.915,-68.19833,2438,,,,,,,,M,,,,Bone,Bone collagen,Rib,,,,,,,3.3,-15.4,10.9,,,Bone apatite,Rib,,,,-10.0,-1.7,,Uribe et al. (2016),http://dx.doi.org/10.4067/S0717-73562016005000017,San Pedro de Atacama Oasis,Antofagasta,Precordillera
Solcor 3,Middle,Middle,1558,750.0,1000,1558,-22.915,-68.19833,2438,,,,,,,,F,,,,Bone,Bone collagen,Rib,,,,,,,3.2,-16.9,11.6,,,Bone apatite,Rib,,,,-11.2,-1.0,,Uribe et al. (2016),http://dx.doi.org/10.4067/S0717-73562016005000017,San Pedro de Atacama Oasis,Antofagasta,Precordillera
Solcor 3,Middle,Middle,1592,750.0,1000,1592,-22.915,-68.19833,2438,,,,,,,,F,,,,Bone,Bone collagen,Rib,,,,,,,3.3,-16.9,11.3,,,Bone apatite,Rib,,,,-10.7,-1.2,,Uribe et al. (2016),http://dx.doi.org/10.4067/S0717-73562016005000017,San Pedro de Atacama Oasis,Antofagasta,Precordillera
Solcor 3,Middle,Middle,1630,750.0,1000,1630,-22.915,-68.19833,2438,,,,,,,,F,,,,Bone,Bone collagen,Rib,,,,,,,3.4,-17.8,11.4,,,Bone apatite,Rib,,,,-10.9,-2.6,,Uribe et al. (2016),http://dx.doi.org/10.4067/S0717-73562016005000017,San Pedro de Atacama Oasis,Antofagasta,Precordillera
Solcor 3,Middle,Middle,1683,750.0,1000,1683,-22.915,-68.19833,2438,,,,,,,,M,,,,Bone,Bone collagen,Rib,,,,,,,3.3,-16.3,10.4,,,Bone apatite,Rib,,,,-9.9,0.3,,Uribe et al. (2016),http://dx.doi.org/10.4067/S0717-73562016005000017,San Pedro de Atacama Oasis,Antofagasta,Precordillera
Solcor 3,Middle,Middle,1710,750.0,1000,1710,-22.915,-68.19833,2438,,,,,,,,M,,,,Bone,Bone collagen,Rib,,,,,,,3.5,-17.6,10.6,,,Bone apatite,Rib,,,,-10.6,-3.3,,Uribe et al. (2016),http://dx.doi.org/10.4067/S0717-73562016005000017,San Pedro de Atacama Oasis,Antofagasta,Precordillera
Solcor 3,Middle,Middle,1791,750.0,1000,1791,-22.915,-68.19833,2438,,,,,,,,M,,,,Bone,Bone collagen,Rib,,,,,,,3.2,-14.7,10.6,,,Bone apatite,Rib,,,,-8.5,-1.7,,Uribe et al. (2016),http://dx.doi.org/10.4067/S0717-73562016005000017,San Pedro de Atacama Oasis,Antofagasta,Precordillera
Solcor 3,Middle,Middle,1903,750.0,1000,1903,-22.915,-68.19833,2438,,,,,,,,F,,,,Bone,Bone collagen,Rib,,,,,,,3.4,-16.6,11.4,,,Bone apatite,Rib,,,,-10.4,-0.9,,Uribe et al. (2016),http://dx.doi.org/10.4067/S0717-73562016005000017,San Pedro de Atacama Oasis,Antofagasta,Precordillera
Solcor 3,Middle,Middle,2113,750.0,1000,2113,-22.915,-68.19833,2438,,,,,,,,F,,,,Bone,Bone collagen,Rib,,,,,,,3.2,-15.2,11.5,,,Bone apatite,Rib,,,,-9.1,-2.6,,Uribe et al. (2016),http://dx.doi.org/10.4067/S0717-73562016005000017,San Pedro de Atacama Oasis,Antofagasta,Precordillera
Solcor 3,Middle,Middle,2215,750.0,1000,2215,-22.915,-68.19833,2438,,,,,,,,F,,,,Bone,Bone collagen,Rib,,,,,,,3.5,-20.0,10.3,,,Bone apatite,Rib,,,,-12.1,-0.8,,Uribe et al. (2016),http://dx.doi.org/10.4067/S0717-73562016005000017,San Pedro de Atacama Oasis,Antofagasta,Precordillera
Solcor 3,Middle,Middle,2269,750.0,1000,2269,-22.915,-68.19833,2438,,,,,,,,M,,,,Bone,Bone collagen,Rib,,,,,,,3.4,-13.2,11.4,,,Bone apatite,Rib,,,,-6.4,0.4,,Uribe et al. (2016),http://dx.doi.org/10.4067/S0717-73562016005000017,San Pedro de Atacama Oasis,Antofagasta,Precordillera
Solcor 3,Middle,Middle,2303,750.0,1000,2303,-22.915,-68.19833,2438,,,,,,,,M,,,,Bone,Bone collagen,Phalange (Hand),,,,,,,3.3,-14.2,11.0,,,Bone apatite,Rib,,,,-7.4,-2.5,,Uribe et al. (2016),http://dx.doi.org/10.4067/S0717-73562016005000017,San Pedro de Atacama Oasis,Antofagasta,Precordillera
Solcor 3,Middle,Middle,2475,750.0,1000,2475,-22.915,-68.19833,2438,,,,,,,,M,,,,Bone,Bone collagen,Rib,,,,,,,3.4,-16.3,10.4,,,Bone apatite,Rib,,,,-9.1,0.1,,Uribe et al. (2016),http://dx.doi.org/10.4067/S0717-73562016005000017,San Pedro de Atacama Oasis,Antofagasta,Precordillera
Solcor 3,Middle,Middle,2476,750.0,1000,2476,-22.915,-68.19833,2438,,,,,,,,F,,,,Bone,Bone collagen,Rib,,,,,,,3.3,-15.1,11.3,,,Bone apatite,Rib,,,,-8.3,-1.9,,Uribe et al. (2016),http://dx.doi.org/10.4067/S0717-73562016005000017,San Pedro de Atacama Oasis,Antofagasta,Precordillera
Solcor 3,Middle,Middle,2697,750.0,1000,2697,-22.915,-68.19833,2438,,,,,,,,F,,,,Bone,Bone collagen,Rib,,,,,,,3.3,-15.5,11.3,,,Bone apatite,Rib,,,,-9.9,-3.3,,Uribe et al. (2016),http://dx.doi.org/10.4067/S0717-73562016005000017,San Pedro de Atacama Oasis,Antofagasta,Precordillera
Tchecar (Túmulo Sur),Middle,Middle,I78,750.0,1000,863. 11.177,-22.935778,-68.209444,2415,,,,,,,,F,,,,Bone,Bone collagen,Cranial bone,,,,19.7,41.3,15.1,3.2,-14.4,11.6,,,Bone apatite,Cranial bone,,,,-8.2,,,Pestle et al. (2017),DOI 10.1007/s12520-016-0398-9,San Pedro de Atacama Oasis,Antofagasta,Precordillera
Tchecar (Túmulo Sur),Middle,Middle,I79,750.0,1000,1173. 11.283,-22.935778,-68.209444,2415,,,,,,,,M,,,,Bone,Bone collagen,Cranial bone,,,,18.1,39.1,13.9,3.3,-14.7,12.0,,,Bone apatite,Cranial bone,,,,-9.3,,,Pestle et al. (2017),DOI 10.1007/s12520-016-0398-9,San Pedro de Atacama Oasis,Antofagasta,Precordillera
Tchecar (Túmulo Sur),Middle,Middle,I80,750.0,1000,687. 11.281,-22.935778,-68.209444,2415,,,,,,,,und,,,,Bone,Bone collagen,Cranial bone,,,,18.4,42.2,15.3,3.2,-14.4,12.2,,,Bone apatite,Cranial bone,,,,-8.4,,,Pestle et al. (2017),DOI 10.1007/s12520-016-0398-9,San Pedro de Atacama Oasis,Antofagasta,Precordillera
Tchecar (Túmulo Sur),Middle,Middle,I81,750.0,1000,1151. 11.130,-22.935778,-68.209444,2415,,,,,,,,M,,,,Bone,Bone collagen,Cranial bone,,,,16.8,43.4,15.8,3.2,-13.9,11.0,,,Bone apatite,Cranial bone,,,,-9.5,,,Pestle et al. (2017),DOI 10.1007/s12520-016-0398-9,San Pedro de Atacama Oasis,Antofagasta,Precordillera
Tchecar (Túmulo Sur),Middle,Middle,I82,750.0,1000,692. 11.123,-22.935778,-68.209444,2415,,,,,,,,und,,,,Bone,Bone collagen,Cranial bone,,,,17.8,42.7,15.4,3.2,-13.9,11.2,,,Bone apatite,Cranial bone,,,,-8.1,,,Pestle et al. (2017),DOI 10.1007/s12520-016-0398-9,San Pedro de Atacama Oasis,Antofagasta,Precordillera
Tchecar (Túmulo Sur),Middle,Middle,I83,750.0,1000,814. 11.106,-22.935778,-68.209444,2415,,,,,,,,M,,,,Bone,Bone collagen,Cranial bone,,,,17.6,43.4,15.6,3.3,-15.6,10.4,,,Bone apatite,Cranial bone,,,,-9.6,,,Pestle et al. (2017),DOI 10.1007/s12520-016-0398-9,San Pedro de Atacama Oasis,Antofagasta,Precordillera
Tchecar (Túmulo Sur),Middle,Middle,I84,750.0,1000,1161. 11.247,-22.935778,-68.209444,2415,,,,,,,,F,,,,Bone,Bone collagen,Cranial bone,,,,14.3,40.9,14.8,3.2,-12.9,12.0,,,Bone apatite,Cranial bone,,,,-6.4,,,Pestle et al. (2017),DOI 10.1007/s12520-016-0398-9,San Pedro de Atacama Oasis,Antofagasta,Precordillera
Tchecar (Túmulo Sur),Middle,Middle,I85,750.0,1000,801. 11.324,-22.935778,-68.209444,2415,,,,,,,,und,,,,Bone,Bone collagen,Cranial bone,,,,21.7,41.6,14.8,3.3,-13.6,12.2,,,Bone apatite,Cranial bone,,,,-8.4,,,Pestle et al. (2017),DOI 10.1007/s12520-016-0398-9,San Pedro de Atacama Oasis,Antofagasta,Precordillera
Tchecar (Túmulo Sur),Middle,Middle,I86,750.0,1000,680. 11.244,-22.935778,-68.209444,2415,,,,,,,,und,,,,Bone,Bone collagen,Cranial bone,,,,12.0,40.8,14.7,3.2,-13.9,10.8,,,Bone apatite,Cranial bone,,,,-9.3,,,Pestle et al. (2017),DOI 10.1007/s12520-016-0398-9,San Pedro de Atacama Oasis,Antofagasta,Precordillera
Tchecar (Túmulo Sur),Middle,Middle,I87,750.0,1000,1222. 11.143,-22.935778,-68.209444,2415,,,,,,,,F,,,,Bone,Bone collagen,Cranial bone,,,,21.3,41.0,14.7,3.2,-14.6,11.8,,,Bone apatite,Cranial bone,,,,-9.1,,,Pestle et al. (2017),DOI 10.1007/s12520-016-0398-9,San Pedro de Atacama Oasis,Antofagasta,Precordillera
Tchecar (Túmulo Sur),Middle,Middle,I88,750.0,1000,1105. 11.257,-22.935778,-68.209444,2415,,,,,,,,F,,,,Bone,Bone collagen,Cranial bone,,,,15.6,25.8,8.9,3.4,-13.8,11.7,,,Bone apatite,Cranial bone,,,,-7.7,,,Pestle et al. (2017),DOI 10.1007/s12520-016-0398-9,San Pedro de Atacama Oasis,Antofagasta,Precordillera
Tchecar (Túmulo Sur),Middle,Middle,I89,750.0,1000,1158. s/n,-22.935778,-68.209444,2415,,,,,,,,und,,,,Bone,Bone collagen,Cranial bone,,,,9.9,39.7,14.0,3.3,-14.2,12.2,,,Bone apatite,Cranial bone,,,,-7.8,,,Pestle et al. (2017),DOI 10.1007/s12520-016-0398-9,San Pedro de Atacama Oasis,Antofagasta,Precordillera
Tchecar (Túmulo Sur),Middle,Middle,I90,750.0,1000,1155. 11.304,-22.935778,-68.209444,2415,,,,,,,,F,,,,Bone,Bone collagen,Cranial bone,,,,9.1,40.6,14.4,3.3,-14.5,11.3,,,Bone apatite,Cranial bone,,,,-8.8,,,Pestle et al. (2017),DOI 10.1007/s12520-016-0398-9,San Pedro de Atacama Oasis,Antofagasta,Precordillera
Tchecar (Túmulo Sur),Middle,Middle,I91,750.0,1000,844. 11.116,-22.935778,-68.209444,2415,,,,,,,,und,,,,Bone,Bone collagen,Cranial bone,,,,19.3,42.2,15.2,3.2,-10.3,11.6,,,Bone apatite,Cranial bone,,,,-5.5,,,Pestle et al. (2017),DOI 10.1007/s12520-016-0398-9,San Pedro de Atacama Oasis,Antofagasta,Precordillera
Tchecar (Túmulo Sur),Middle,Middle,I92,750.0,1000,678. 11.160,-22.935778,-68.209444,2415,,,,,,,,M,,,,Bone,Bone collagen,Cranial bone,,,,13.6,42.4,15.3,3.2,-14.0,11.2,,,Bone apatite,Cranial bone,,,,-8.5,,,Pestle et al. (2017),DOI 10.1007/s12520-016-0398-9,San Pedro de Atacama Oasis,Antofagasta,Precordillera
Tchecar (Túmulo Sur),Middle,Middle,I93,750.0,1000,691. 11.499,-22.935778,-68.209444,2415,,,,,,,,M,,,,Bone,Bone collagen,Cranial bone,,,,18.4,42.6,15.2,3.3,-13.6,11.5,,,Bone apatite,Cranial bone,,,,-8.1,,,Pestle et al. (2017),DOI 10.1007/s12520-016-0398-9,San Pedro de Atacama Oasis,Antofagasta,Precordillera
Tchecar (Túmulo Sur),Middle,Middle,I94,750.0,1000,666. 11.308,-22.935778,-68.209444,2415,,,,,,,,F,,,,Bone,Bone collagen,Cranial bone,,,,20.1,43.1,15.6,3.2,-14.3,11.7,,,Bone apatite,Cranial bone,,,,-8.6,,,Pestle et al. (2017),DOI 10.1007/s12520-016-0398-9,San Pedro de Atacama Oasis,Antofagasta,Precordillera
Tchecar (Túmulo Sur),Middle,Middle,I95,750.0,1000,686. 11.189,-22.935778,-68.209444,2415,,,,,,,,und,,,,Bone,Bone collagen,Cranial bone,,,,3.1,32.7,11.0,3.5,-17.8,9.0,,,Bone apatite,Cranial bone,,,,-10.5,,,Pestle et al. (2017),DOI 10.1007/s12520-016-0398-9,San Pedro de Atacama Oasis,Antofagasta,Precordillera
Tchecar (Túmulo Sur),Middle,Middle,I96,750.0,1000,815. 11.307,-22.935778,-68.209444,2415,,,,,,,,F,,,,Bone,Bone collagen,Cranial bone,,,,17.0,41.8,15.1,3.2,-14.1,11.2,,,Bone apatite,Cranial bone,,,,-9.1,,,Pestle et al. (2017),DOI 10.1007/s12520-016-0398-9,San Pedro de Atacama Oasis,Antofagasta,Precordillera
Tchecar (Túmulo Sur),Middle,Middle,I97,750.0,1000,824. 11.263,-22.935778,-68.209444,2415,,,,,,,,und,,,,Bone,Bone collagen,Cranial bone,,,,12.3,43.2,15.5,3.3,-13.2,10.9,,,Bone apatite,Cranial bone,,,,-8.1,,,Pestle et al. (2017),DOI 10.1007/s12520-016-0398-9,San Pedro de Atacama Oasis,Antofagasta,Precordillera
Tchecar (Túmulo Sur),Middle,Middle,I98,750.0,1000,694. 11.141,-22.935778,-68.209444,2415,,,,,,,,F,,,,Bone,Bone collagen,Cranial bone,,,,13.4,43.5,15.8,3.2,-13.6,11.6,,,Bone apatite,Cranial bone,,,,-8.9,,,Pestle et al. (2017),DOI 10.1007/s12520-016-0398-9,San Pedro de Atacama Oasis,Antofagasta,Precordillera
Tchecar (Túmulo Sur),Middle,Middle,J70,750.0,1000,1158,-22.935778,-68.209444,2415,,,,,,,,und,,,,Bone,Bone collagen,Cranial bone,,,,9.7,42.8,15.2,3.3,-13.9,12.0,,,Bone apatite,Cranial bone,,,,-7.0,,,Pestle et al. (2017),DOI 10.1007/s12520-016-0398-9,San Pedro de Atacama Oasis,Antofagasta,Precordillera
Tchecar (Túmulo Sur),Middle,Middle,J79,750.0,1000,815. s/n,-22.935778,-68.209444,2415,,,,,,,,F,,,,Bone,Bone collagen,Cranial bone,,,,17.7,42.1,15.1,3.3,-14.3,11.2,,,Bone apatite,Cranial bone,,,,-9.6,,,Pestle et al. (2017),DOI 10.1007/s12520-016-0398-9,San Pedro de Atacama Oasis,Antofagasta,Precordillera
Tchecar (Túmulo Sur),Middle,Middle,J80,750.0,1000,686. s/n,-22.935778,-68.209444,2415,,,,,,,,und,,,,Bone,Bone collagen,Cranial bone,,,,1.5,37.4,12.4,3.5,-15.9,11.4,,,Bone apatite,Cranial bone,,,,-9.8,,,Pestle et al. (2017),DOI 10.1007/s12520-016-0398-9,San Pedro de Atacama Oasis,Antofagasta,Precordillera
Tchecar (Túmulo Sur),Middle,Middle,J81,750.0,1000,680. s/n,-22.935778,-68.209444,2415,,,,,,,,F,,,,Bone,Bone collagen,Cranial bone,,,,15.3,43.6,15.7,3.2,-14.0,10.7,,,Bone apatite,Cranial bone,,,,-8.8,,,Pestle et al. (2017),DOI 10.1007/s12520-016-0398-9,San Pedro de Atacama Oasis,Antofagasta,Precordillera
Tchecar (Túmulo Sur),Middle,Middle,J82,750.0,1000,807. s/n,-22.935778,-68.209444,2415,,,,,,,,und,,,,Bone,Bone collagen,Cranial bone,,,,20.4,44.5,16.1,3.2,-13.4,14.2,,,Bone apatite,Cranial bone,,,,-9.0,,,Pestle et al. (2017),DOI 10.1007/s12520-016-0398-9,San Pedro de Atacama Oasis,Antofagasta,Precordillera
Zapatero,Middle,Middle,Zapatero,250.0,950,Zapatero,-24.8422,-70.5329,84,14C-AMS,UGAMS15978,1280.0,25.0,1258.0,670.0,Bone collagen,und,Adult,20.0,,Bone,Bone collagen,Long bone (Femur or Tibia),Adult,,,,,,3.2,-12.0,23.1,,,Bone apatite,Long bone (Femur or Tibia),Adult,,,-9.1,,,Andrade et al. (2015),DOI: 10.2458/azu_rc.57.18448,Taltal area,Antofagasta,Coast
Toconce,Late Intermediate,Late Intermediate,ACL-2410,750.0,1250,TOC-12095,-22.264892,-68.166788,3320,,,,,,,,M,Middle Adult,36.0,50.0,Tooth,,,,,,,,,,,,,,Enamel,Max RM2,Infant-2/Child-1,2.5,8.0,-8.6,-8.3,,Knudson et al. (2015),DOI: 10.1002/ajpa.22694,"Toconce River, upper Loa basin, Calama",Antofagasta,Precordillera
Yaye Occidental,Late Intermediate,Late Intermediate,ACL-1523,750.0,1250,YAYO-12428,-22.923753,-68.214667,2426,,,,,,,,F,Young Adult,21.0,35.0,Tooth,,,,,,,,,,,,,,Enamel,Mand LM3,Child-2/Adolescent-1,8.5,14.0,-4.6,1.0,,Knudson et al. (2015),DOI: 10.1002/ajpa.22694,San Pedro de Atacama Oasis,Antofagasta,Precordillera
Yaye Occidental,Late Intermediate,Late Intermediate,ACL-1519,750.0,1250,YAYO-12439,-22.923753,-68.214667,2426,,,,,,,,M,Young Adult,21.0,35.0,Tooth,,,,,,,,,,,,,,Enamel,Max LM2,Infant-2/Child-1,2.5,8.0,-6.2,-6.8,,Knudson et al. (2015),DOI: 10.1002/ajpa.22694,San Pedro de Atacama Oasis,Antofagasta,Precordillera
Yaye Occidental,Late Intermediate,Late Intermediate,ACL-2407,750.0,1250,YAYO-1416,-22.923753,-68.214667,2426,,,,,,,,und,Subadult,,,Tooth,,,,,,,,,,,,,,Enamel,Max RM1,Infant-1/Infant-2,0.4,3.5,-5.8,-6.1,,Knudson et al. (2015),DOI: 10.1002/ajpa.22694,San Pedro de Atacama Oasis,Antofagasta,Precordillera
Yaye Occidental,Late Intermediate,Late Intermediate,ACL-2408,750.0,1250,YAYO-1428,-22.923753,-68.214667,2426,,,,,,,,M,Middle Adult,36.0,50.0,Tooth,,,,,,,,,,,,,,Enamel,Max LM2,Infant-2/Child-1,2.5,8.0,-5.8,-7.4,,Knudson et al. (2015),DOI: 10.1002/ajpa.22694,San Pedro de Atacama Oasis,Antofagasta,Precordillera
Yaye Occidental,Late Intermediate,Late Intermediate,ACL-2409,750.0,1250,YAYO-1458,-22.923753,-68.214667,2426,,,,,,,,F,Young Adult,21.0,35.0,Tooth,,,,,,,,,,,,,,Enamel,Mand RM2,Infant-2/Child-1,2.5,8.0,-6.2,-9.1,,Knudson et al. (2015),DOI: 10.1002/ajpa.22694,San Pedro de Atacama Oasis,Antofagasta,Precordillera
Yaye Occidental,Late Intermediate,Late Intermediate,ACL-2406,750.0,1250,YAYO-1477,-22.923753,-68.214667,2426,,,,,,,,F,Middle Adult,36.0,50.0,Tooth,,,,,,,,,,,,,,Enamel,Max LM1,Infant-1/Infant-2,0.4,3.5,-8.9,-6.0,,Knudson et al. (2015),DOI: 10.1002/ajpa.22694,San Pedro de Atacama Oasis,Antofagasta,Precordillera
Yaye-2,Late Intermediate,Late Intermediate,ACL-2399,750.0,1250,YAY2–1480,-22.922,-68.2123,2429,,,,,,,,M,Middle Adult,36.0,50.0,Tooth,,,,,,,,,,,,,,Enamel,Max LM2,Infant-2/Child-1,2.5,8.0,-5.4,-6.2,,Knudson et al. (2015),DOI: 10.1002/ajpa.22694,San Pedro de Atacama Oasis,Antofagasta,Precordillera
Yaye-2,Late Intermediate,Late Intermediate,ACL-2396,750.0,1250,YAY2–1494,-22.922,-68.2123,2429,,,,,,,,M,Young Adult,21.0,35.0,Tooth,,,,,,,,,,,,,,Enamel,Max LM2,Infant-2/Child-1,2.5,8.0,-9.3,-7.1,,Knudson et al. (2015),DOI: 10.1002/ajpa.22694,San Pedro de Atacama Oasis,Antofagasta,Precordillera
Yaye-2,Late Intermediate,Late Intermediate,ACL-2395,750.0,1250,YAY2–3303,-22.922,-68.2123,2429,,,,,,,,und,Subadult,,,Tooth,,,,,,,,,,,,,,Enamel,Mand RM1,Infant-1/Infant-2,0.4,3.5,-7.1,-6.7,,Knudson et al. (2015),DOI: 10.1002/ajpa.22694,San Pedro de Atacama Oasis,Antofagasta,Precordillera
Yaye-2,Late Intermediate,Late Intermediate,ACL-2397,750.0,1250,YAY2-SN12405,-22.922,-68.2123,2429,,,,,,,,und,Subadult,,,Tooth,,,,,,,,,,,,,,Enamel,Max LM2,Infant-2/Child-1,2.5,8.0,-5.7,-5.7,,Knudson et al. (2015),DOI: 10.1002/ajpa.22694,San Pedro de Atacama Oasis,Antofagasta,Precordillera
Yaye-3,Late Intermediate,Late Intermediate,ACL-1518,750.0,1250,YAY3-12567,-22.921,-68.209,2431,,,,,,,,F,Young Adult,21.0,35.0,Tooth,,,,,,,,,,,,,,Enamel,Mand LM1,Infant-1/Infant-2,0.4,3.5,-5.8,-1.9,,Knudson et al. (2015),DOI: 10.1002/ajpa.22694,San Pedro de Atacama Oasis,Antofagasta,Precordillera
Yaye-3,Late Intermediate,Late Intermediate,ACL-2402,750.0,1250,YAY3-1563,-22.921,-68.209,2431,,,,,,,,und,Subadult,,,Tooth,,,,,,,,,,,,,,Enamel,Mand LM1,Infant-1/Infant-2,0.4,3.5,-7.6,-5.2,,Knudson et al. (2015),DOI: 10.1002/ajpa.22694,San Pedro de Atacama Oasis,Antofagasta,Precordillera
Yaye-3,Late Intermediate,Late Intermediate,ACL-2403,750.0,1250,YAY3-1578,-22.921,-68.209,2431,,,,,,,,M,Old Adult,50.0,,Tooth,,,,,,,,,,,,,,Enamel,Mand LPm2,Infant-2/Child 1,3.5,6.5,-8.1,-6.7,,Knudson et al. (2015),DOI: 10.1002/ajpa.22694,San Pedro de Atacama Oasis,Antofagasta,Precordillera
Yaye-4,Late Intermediate,Late Intermediate,ACL-2405,750.0,1250,YAY4–1544,-22.922,-68.2123,2429,,,,,,,,F,Middle Adult,36.0,50.0,Tooth,,,,,,,,,,,,,,Enamel,Max RM2,Infant-2/Child-1,2.5,8.0,-7.4,-6.2,,Knudson et al. (2015),DOI: 10.1002/ajpa.22694,San Pedro de Atacama Oasis,Antofagasta,Precordillera
Morro 1,Archaic,Middle/Late Archaic,SrCHIL 26,-5000.0,-3000,M1T10B,-18.481108,-70.321679,62,,,,,,,,M,Adult,,,Tooth,,,,,,,,,,,,,,Enamel,Mand RM2,Infant-2/Child-1,2.5,8.0,,,0.708788,Standen et al. (2017),https://doi.org/10.1002/gea.21594,Arica Coast,Arica y Parinacota,Coast
Morro 1,Archaic,Middle/Late Archaic,M1-T2-C2,-4050.0,-2050,M1-T2-C2,-18.481108,-70.321679,62,,,,,,,,und,Infant-2,2.0,3.0,Hair,Hair keratin,Hair 1-2,Infant-2,2.0,3.0,,44.6,14.0,3.7,-14.2,24.0,21.5,4.1,,,,,,,,,Mora et al. (2022),https://doi.org/10.1016/j.jaa.2022.101435,Arica Coast,Arica y Parinacota,Coast
Morro 1,Archaic,Middle/Late Archaic,M1-T2-C2,-4050.0,-2050,M1-T2-C2,-18.481108,-70.321679,62,,,,,,,,und,Infant-2,2.0,3.0,Hair,Hair keratin,Hair 2-3,Infant-2,2.0,3.0,,47.3,14.9,3.7,-13.9,24.0,22.4,3.6,,,,,,,,,Mora et al. (2022),https://doi.org/10.1016/j.jaa.2022.101435,Arica Coast,Arica y Parinacota,Coast
Morro 1,Archaic,Middle/Late Archaic,M1-T2-C2,-4050.0,-2050,M1-T2-C2,-18.481108,-70.321679,62,,,,,,,,und,Infant-2,2.0,3.0,Hair,Hair keratin,Hair 3-4,Infant-2,2.0,3.0,,42.8,13.4,3.7,-14.5,24.3,19.8,3.3,,,,,,,,,Mora et al. (2022),https://doi.org/10.1016/j.jaa.2022.101435,Arica Coast,Arica y Parinacota,Coast
Morro 1,Archaic,Middle/Late Archaic,M1-T2-C2,-4050.0,-2050,M1-T2-C2,-18.481108,-70.321679,62,,,,,,,,und,Infant-2,2.0,3.0,Hair,Hair keratin,Hair 4-5,Infant-2,2.0,3.0,,43.5,13.7,3.7,-13.8,24.8,19.8,3.1,,,,,,,,,Mora et al. (2022),https://doi.org/10.1016/j.jaa.2022.101435,Arica Coast,Arica y Parinacota,Coast
Morro 1,Archaic,Middle/Late Archaic,M1-T2-C2,-4050.0,-2050,M1-T2-C2,-18.481108,-70.321679,62,,,,,,,,und,Infant-2,2.0,3.0,Hair,Hair keratin,Hair 5-6,Infant-2,2.0,3.0,,43.9,13.8,3.7,-13.4,25.0,20.4,3.4,,,,,,,,,Mora et al. (2022),https://doi.org/10.1016/j.jaa.2022.101435,Arica Coast,Arica y Parinacota,Coast
Morro 1,Archaic,Middle/Late Archaic,M1-T17-C3,-4050.0,-2050,M1-T17-C3,-18.481108,-70.321679,62,,,,,,,,und,Infant-2,3.0,4.0,Hair,Hair keratin,Hair 0-1,Infant-2,3.0,4.0,,43.8,14.0,3.7,-11.9,22.5,20.8,4.1,,,,,,,,,Mora et al. (2022),https://doi.org/10.1016/j.jaa.2022.101435,Arica Coast,Arica y Parinacota,Coast
Morro 1,Archaic,Middle/Late Archaic,M1-T17-C3,-4050.0,-2050,M1-T17-C3,-18.481108,-70.321679,62,,,,,,,,und,Infant-2,3.0,4.0,Hair,Hair keratin,Hair 1-2,Infant-2,3.0,4.0,,43.8,14.2,3.6,-12.0,22.1,19.3,4.0,,,,,,,,,Mora et al. (2022),https://doi.org/10.1016/j.jaa.2022.101435,Arica Coast,Arica y Parinacota,Coast
Morro 1,Archaic,Middle/Late Archaic,M1-T17-C3,-4050.0,-2050,M1-T17-C3,-18.481108,-70.321679,62,,,,,,,,und,Infant-2,3.0,4.0,Hair,Hair keratin,Hair 2-3,Infant-2,3.0,4.0,,43.2,13.8,3.6,-12.1,22.8,18.3,3.8,,,,,,,,,Mora et al. (2022),https://doi.org/10.1016/j.jaa.2022.101435,Arica Coast,Arica y Parinacota,Coast
Morro 1,Archaic,Middle/Late Archaic,M1-T17-C3,-4050.0,-2050,M1-T17-C3,-18.481108,-70.321679,62,,,,,,,,und,Infant-2,3.0,4.0,Hair,Hair keratin,Hair 3-4,Infant-2,3.0,4.0,,43.0,13.6,3.7,-11.6,22.4,18.5,3.5,,,,,,,,,Mora et al. (2022),https://doi.org/10.1016/j.jaa.2022.101435,Arica Coast,Arica y Parinacota,Coast
Morro 1,Archaic,Middle/Late Archaic,M1-T23-C1,-4050.0,-2050,M1-T23-C1,-18.481108,-70.321679,62,,,,,,,,F,Middle Adult,35.0,40.0,Hair,Hair keratin,Hair 0-1,Middle Adult,35.0,40.0,,44.2,13.7,3.8,-12.4,22.0,21.8,4.3,,,,,,,,,Mora et al. (2022),https://doi.org/10.1016/j.jaa.2022.101435,Arica Coast,Arica y Parinacota,Coast
Morro 1,Archaic,Middle/Late Archaic,M1-T23-C1,-4050.0,-2050,M1-T23-C1,-18.481108,-70.321679,62,,,,,,,,F,Middle Adult,35.0,40.0,Hair,Hair keratin,Hair 1-2,Middle Adult,35.0,40.0,,43.4,13.4,3.8,-13.2,21.6,20.0,3.5,,,,,,,,,Mora et al. (2022),https://doi.org/10.1016/j.jaa.2022.101435,Arica Coast,Arica y Parinacota,Coast
Morro 1,Archaic,Middle/Late Archaic,M1-T23-C1,-4050.0,-2050,M1-T23-C1,-18.481108,-70.321679,62,,,,,,,,F,Middle Adult,35.0,40.0,Hair,Hair keratin,Hair 2-3,Middle Adult,35.0,40.0,,43.6,13.2,3.9,-13.0,21.8,21.1,4.1,,,,,,,,,Mora et al. (2022),https://doi.org/10.1016/j.jaa.2022.101435,Arica Coast,Arica y Parinacota,Coast
Morro 1,Archaic,Middle/Late Archaic,M1-T23-C4,-4050.0,-2050,M1-T23-C4,-18.481108,-70.321679,62,,,,,,,,F,Middle Adult,35.0,40.0,Hair,Hair keratin,Hair 0-1,Middle Adult,35.0,40.0,,44.2,13.9,3.7,-12.9,23.9,21.1,4.0,,,,,,,,,Mora et al. (2022),https://doi.org/10.1016/j.jaa.2022.101435,Arica Coast,Arica y Parinacota,Coast
Morro 1,Archaic,Middle/Late Archaic,M1-T23-C4,-4050.0,-2050,M1-T23-C4,-18.481108,-70.321679,62,,,,,,,,F,Middle Adult,35.0,40.0,Hair,Hair keratin,Hair 1-2,Middle Adult,35.0,40.0,,45.6,14.5,3.7,-12.4,23.6,19.9,3.9,,,,,,,,,Mora et al. (2022),https://doi.org/10.1016/j.jaa.2022.101435,Arica Coast,Arica y Parinacota,Coast
Morro 1,Archaic,Middle/Late Archaic,M1-T23-C4,-4050.0,-2050,M1-T23-C4,-18.481108,-70.321679,62,,,,,,,,F,Middle Adult,35.0,40.0,Hair,Hair keratin,Hair 2-3,Middle Adult,35.0,40.0,,43.2,13.7,3.7,-12.6,23.7,18.8,3.6,,,,,,,,,Mora et al. (2022),https://doi.org/10.1016/j.jaa.2022.101435,Arica Coast,Arica y Parinacota,Coast
Morro 1,Archaic,Middle/Late Archaic,M1-T23-C4,-4050.0,-2050,M1-T23-C4,-18.481108,-70.321679,62,,,,,,,,F,Middle Adult,35.0,40.0,Hair,Hair keratin,Hair 3-4,Middle Adult,35.0,40.0,,41.8,13.2,3.7,-12.4,23.5,,,,,,,,,,,Mora et al. (2022),https://doi.org/10.1016/j.jaa.2022.101435,Arica Coast,Arica y Parinacota,Coast
Azapa 140,Middle/Late Intermediate,Middle/Late Intermediate,T-47 Maxilla,750.0,1100,T-47 Maxilla,-18.5381,-70.1668,356,,,,,,,,,,,,Dental calculus,,Max RM1 & LM1,,,,,22.0,1.7,13.2,,22.3,,,,,,,,,,,Poulson et al. (2013),https://doi.org/10.1016/j.jas.2013.07.009,"San Miguel de Azapa, Lower Azapa Valley",Arica y Parinacota,Lowlands
Azapa 140,Middle/Late Intermediate,Middle/Late Intermediate,T-48 Maxilla,750.0,1100,T-48 Maxilla,-18.5381,-70.1668,356,,,,,,,,,,,,Dental calculus,,Max LM1,,,,,17.0,1.4,12.4,-18.0,22.3,,,,,,,,,,,Poulson et al. (2013),https://doi.org/10.1016/j.jas.2013.07.009,"San Miguel de Azapa, Lower Azapa Valley",Arica y Parinacota,Lowlands
Azapa 140,Middle/Late Intermediate,Middle/Late Intermediate,T-82 Maxilla,750.0,1100,T-82 Maxilla,-18.5381,-70.1668,356,,,,,,,,,,,,Dental calculus,,Max RM2,,,,,11.1,1.2,8.9,-18.1,28.5,,,,,,,,,,,Poulson et al. (2013),https://doi.org/10.1016/j.jas.2013.07.009,"San Miguel de Azapa, Lower Azapa Valley",Arica y Parinacota,Lowlands
Azapa 140,Middle/Late Intermediate,Middle/Late Intermediate,T-91 Maxilla,750.0,1100,T-91 Maxilla,-18.5381,-70.1668,356,,,,,,,,,,,,Dental calculus,,Max RM2,,,,,10.1,1.3,7.9,-21.8,19.3,,,,,,,,,,,Poulson et al. (2013),https://doi.org/10.1016/j.jas.2013.07.009,"San Miguel de Azapa, Lower Azapa Valley",Arica y Parinacota,Lowlands
Azapa 140,Middle/Late Intermediate,Middle/Late Intermediate,T-105 Maxilla,750.0,1100,T-105 Maxilla,-18.5381,-70.1668,356,,,,,,,,,,,,Dental calculus,,Max LM1,,,,,8.2,1.2,7.1,-15.7,22.1,,,,,,,,,,,Poulson et al. (2013),https://doi.org/10.1016/j.jas.2013.07.009,"San Miguel de Azapa, Lower Azapa Valley",Arica y Parinacota,Lowlands
Azapa 140,Middle/Late Intermediate,Middle/Late Intermediate,T-105 Mandible,750.0,1100,T-105 Mandible,-18.5381,-70.1668,356,,,,,,,,,,,,Dental calculus,,Mand RI1. LI1. LI2. RC,,,,,11.0,1.4,7.8,-15.4,22.3,,,,,,,,,,,Poulson et al. (2013),https://doi.org/10.1016/j.jas.2013.07.009,"San Miguel de Azapa, Lower Azapa Valley",Arica y Parinacota,Lowlands
Azapa 140,Middle/Late Intermediate,Middle/Late Intermediate,T-111 Maxilla,750.0,1100,T-111 Maxilla,-18.5381,-70.1668,356,,,,,,,,,,,,Dental calculus,,Max RM1,,,,,13.0,1.4,9.2,-19.6,20.9,,,,,,,,,,,Poulson et al. (2013),https://doi.org/10.1016/j.jas.2013.07.009,"San Miguel de Azapa, Lower Azapa Valley",Arica y Parinacota,Lowlands
Caleta Vitor,Middle/Late Intermediate/Late,Middle/Late Intermediate/Late,CV2 B1 S1,750.0,1100,CV2 B1 S1,-18.757965,-70.333852,5,,,,,,,,und,Adult,,,Bone,Bone collagen,Metatarsal,Adult,,,46.5,39.9,14.1,2.8,-11.9,24.6,,,,,,,,,,,Roberts et al. (2013),http://dx.doi.org/10.1016/j.jas.2013.01.009,"Quebrada Chaca mouth, 25 km south of Arica",Arica y Parinacota,Coast
Caleta Vitor,Middle/Late Intermediate/Late,Middle/Late Intermediate/Late,CV2 B2a,750.0,1100,CV2 B2a,-18.757965,-70.333852,5,14C-AMS,OZN923,1760.0,30.0,1405.0,1107.0,Bone collagen,und,Adult,,,Bone,Bone collagen,Talus,Adult,,,21.3,42.8,15.1,2.8,-12.6,23.3,,,,,,,,,,,Roberts et al. (2013),http://dx.doi.org/10.1016/j.jas.2013.01.009,"Quebrada Chaca mouth, 25 km south of Arica",Arica y Parinacota,Coast
Caleta Vitor,Middle/Late Intermediate/Late,Middle/Late Intermediate/Late,CV2 B2b S2,750.0,1100,CV2 B2b S2,-18.757965,-70.333852,5,14C-AMS,OZN924,1725.0,30.0,1371.0,1080.0,Bone collagen,und,Adult,,,Bone,Bone collagen,Metatarsal,Adult,,,8.9,45.4,15.9,2.9,-13.4,22.6,,,,,,,,,,,Roberts et al. (2013),http://dx.doi.org/10.1016/j.jas.2013.01.009,"Quebrada Chaca mouth, 25 km south of Arica",Arica y Parinacota,Coast
